8.355152948717949357e+01,-1.374638095238095126e+01,-1.855593840585358123e+02,-6.332859961260068005e+00,2.616443583135368272e+02,7.403190552437557415e+01,-4.251115633449433631e+02,5.697771142569846070e+00,5.386015994304200376e+02,-5.657041684063418074e+01,1.404188500304957472e+02,-5.595650335522498153e+02,-2.478560485624755927e+01,4.949545194638284329e+01,-7.026428365219999250e+02,3.628233108005317149e+02,4.817229960955064030e+02,-2.514402176254295682e+02,2.249054300424536024e+01,1.946861000711729162e+02,-1.130275904136458394e+02,-3.708566759096328269e+02
8.303163205128205959e+01,-1.469071428571428584e+01,-1.846326068216574470e+02,-6.318184376296848370e+00,2.692964413467673808e+02,7.287025239676515298e+01,-4.004723304457737640e+02,5.717890433925768789e+00,5.491868814984808296e+02,-5.511010292218200135e+01,1.346274217735287095e+02,-5.614126201512000307e+02,-2.479510025292919906e+01,4.827430772631174705e+01,-7.336863370080000095e+02,3.362651933112269376e+02,4.767206989825673418e+02,-2.678870304746544662e+02,2.245325586672790408e+01,1.977713477295345115e+02,-1.095158984703594456e+02,-3.445807617715732931e+02
8.230369102564102946e+01,-1.407909523809523833e+01,-1.832238118076906517e+02,-6.257066254389152427e+00,2.581388276134478019e+02,7.357564389973981633e+01,-3.809212305244614072e+02,5.743460732401908686e+00,5.388554535038045969e+02,-5.265546669139325076e+01,1.315162612906761979e+02,-5.229541208619998542e+02,-2.481992402660766928e+01,4.661205677515800261e+01,-7.061826196873333856e+02,3.274174336308130364e+02,4.443802060684806179e+02,-2.495079381674465253e+02,2.265259509825726170e+01,1.950745140750784401e+02,-1.071491325038601587e+02,-3.311165917528406908e+02
8.362958974358974729e+01,-1.444038095238095210e+01,-2.031631854805218893e+02,-6.465757023618877497e+00,2.837160571693530073e+02,7.762394494422844105e+01,-4.283931949652849767e+02,5.886111512490931119e+00,6.020733328367283548e+02,-5.704455619158399315e+01,1.519607696297543100e+02,-5.825460721439997087e+02,-2.622700648913890831e+01,5.009363430348253132e+01,-7.484866218239999398e+02,3.684676919613325481e+02,5.056056849252851748e+02,-2.808710933194536779e+02,2.389322527245257177e+01,2.196412372681280942e+02,-1.222196022207679249e+02,-3.706064012409582347e+02
8.328013717948716987e+01,-1.514842857142857113e+01,-1.890113368124403905e+02,-6.493545992620230578e+00,2.801561325678017624e+02,7.498515124223928296e+01,-4.494153500412783160e+02,5.793352159985136751e+00,5.657837123578641467e+02,-5.791211587420426810e+01,1.421537786032489521e+02,-6.157437747125001124e+02,-2.568352921286741974e+01,4.999864994152382991e+01,-7.078459792669999615e+02,3.638284888933935122e+02,5.073982583969515758e+02,-2.776756398539300221e+02,2.309496000877062727e+01,2.069981273162369177e+02,-1.161468929986037182e+02,-3.645455041060021699e+02
8.175108846153847253e+01,-1.461704761904761973e+01,-1.810718801893751220e+02,-6.332567910105597164e+00,2.518112247141249611e+02,7.142890405457178815e+01,-3.901367720176468765e+02,5.679473788906640230e+00,5.300460480648376915e+02,-5.244525457327856799e+01,1.298855548785507494e+02,-5.313184798625001122e+02,-2.490502157074316258e+01,4.602125162977749540e+01,-6.963246850833334065e+02,3.244344895379260265e+02,4.303178920066828255e+02,-2.505718939808275536e+02,2.235753502916109170e+01,1.903122302608631742e+02,-1.039060793954102593e+02,-3.263378595658030008e+02
8.089442692307690663e+01,-1.370933333333333159e+01,-1.805310153030686706e+02,-6.254710282128461252e+00,2.541399699709795925e+02,7.154842363352503298e+01,-3.809783582971086844e+02,5.658943123877078207e+00,5.367331527066658055e+02,-5.420007913156916146e+01,1.349451642169615866e+02,-5.323706801490000089e+02,-2.485769192291426322e+01,4.782783501529888071e+01,-6.514321921800000155e+02,3.348733870923643963e+02,4.912347147684935749e+02,-2.469337355299765591e+02,2.199844623587464909e+01,1.900742935713668942e+02,-1.062671379993107621e+02,-3.499366384191550878e+02
8.421182564102564072e+01,-1.478333333333333677e+01,-1.958374641541615233e+02,-6.531139983427800111e+00,2.842479519678834095e+02,7.686736542656315407e+01,-4.346098509794657616e+02,5.906763552483493385e+00,5.767832565537714800e+02,-5.862908466794357309e+01,1.504886504295901943e+02,-5.838448568435999277e+02,-2.662345319482748351e+01,5.139483053017823266e+01,-7.097300561339999376e+02,3.757863755432924222e+02,5.077777777926153817e+02,-2.680599070620086195e+02,2.386266810248985948e+01,2.106168180620652493e+02,-1.205713384112659554e+02,-3.797105603006081083e+02
8.502914358974358322e+01,-1.542885714285714016e+01,-1.940244439156830936e+02,-6.622443893956056371e+00,2.682810567914752937e+02,7.598679477345537236e+01,-4.746809935162264082e+02,5.774250681293287890e+00,5.819889437012017197e+02,-5.532768330116689270e+01,1.433692985454871973e+02,-6.028499660360000689e+02,-2.571824914589228328e+01,4.806227455545447924e+01,-7.997830552806666446e+02,3.634903149525028994e+02,4.392126273490384847e+02,-2.676341447472445907e+02,2.343158217124684839e+01,2.003926237547040898e+02,-1.169988292107216807e+02,-3.495305147440043925e+02
8.478995128205127685e+01,-1.463590476190476153e+01,-1.986333966541996006e+02,-6.486260924710265385e+00,2.818202033834602389e+02,7.746958953970917605e+01,-4.262318305403848058e+02,5.915178312281212492e+00,5.721556597086527063e+02,-5.628432326133187047e+01,1.475515732674404319e+02,-5.781614073329997154e+02,-2.632674820313010855e+01,4.966407725213133517e+01,-7.163008952600001749e+02,3.561410725915170019e+02,4.843826986858942405e+02,-2.681267454759839097e+02,2.389975584009698650e+01,2.103167673858000342e+02,-1.231197285191125843e+02,-3.642011302701076261e+02
8.512839358974358106e+01,-1.494419047619047802e+01,-2.008585111231376743e+02,-6.538283930589343207e+00,2.835246452091386686e+02,7.746359189553578517e+01,-4.590701676502937403e+02,5.862064897008669284e+00,6.043953211936862999e+02,-5.737889796805794873e+01,1.510945052697833830e+02,-6.175285593750000999e+02,-2.612164047378243836e+01,4.994079561354583063e+01,-8.210724303599998848e+02,3.731204646617530898e+02,5.005129742443747887e+02,-2.720796333407756720e+02,2.378266008068375115e+01,2.097194715563240948e+02,-1.187738392471245987e+02,-3.715489561444298943e+02
8.368125897435898253e+01,-1.524647619047619074e+01,-1.903680779106412899e+02,-6.560065117497333453e+00,2.755269706834358772e+02,7.774304366287047685e+01,-4.430594505383213004e+02,5.813240455590253042e+00,6.163641194605521605e+02,-5.954858939973882315e+01,1.497417259453122540e+02,-6.287917244699999628e+02,-2.626594544283763710e+01,5.069020677317660528e+01,-7.987341990506665752e+02,3.627144909791600185e+02,5.054779221784164065e+02,-2.752590272522986652e+02,2.310986785477514260e+01,1.977641090214491157e+02,-1.159284325904929602e+02,-3.564707901278964073e+02
8.263770897435897211e+01,-1.462652380952381037e+01,-1.807665086929010840e+02,-6.371190559503185469e+00,2.559564500772619908e+02,7.274356902522598034e+01,-3.955272399762894224e+02,5.669637737702750258e+00,5.455041544269761289e+02,-5.357200676330413103e+01,1.333148745577751129e+02,-5.516155457879999631e+02,-2.488421130263532177e+01,4.668145327928692012e+01,-7.293552297600000429e+02,3.261291018530804990e+02,4.486562537484520021e+02,-2.519965326574261155e+02,2.241789756257303878e+01,1.895131716395598858e+02,-1.093726758304802047e+02,-3.280664188237926737e+02
8.560635512820513782e+01,-1.442009523809523941e+01,-1.984712614900199696e+02,-6.625045599046848643e+00,2.925258248135417602e+02,8.012028042207364820e+01,-4.779582863598732843e+02,5.890743982984186111e+00,6.031275791641827482e+02,-6.126826853453089683e+01,1.473846354115678707e+02,-6.822477050105998160e+02,-2.626294715706425720e+01,5.264884488241720106e+01,-6.725642033200000469e+02,3.775108505083538830e+02,5.292799076088172114e+02,-2.835595478542131787e+02,2.369840414911264403e+01,2.057450346179691962e+02,-1.214558208322913231e+02,-3.790582231382890086e+02
8.208318589743591076e+01,-1.467185714285714226e+01,-1.844079614782881151e+02,-6.309371965232336343e+00,2.631573316552003234e+02,7.413714764841316196e+01,-3.962108557842350365e+02,5.689935985926520168e+00,5.676737636865095737e+02,-5.432550681985944152e+01,1.365200598707685629e+02,-5.521627162688000681e+02,-2.506478021908297293e+01,4.777047809808314582e+01,-7.535352064239999663e+02,3.383404067469319898e+02,4.810445995465385067e+02,-2.614511165383345883e+02,2.245244484109842986e+01,1.979258413448002329e+02,-1.118614762538305172e+02,-3.409978137397487785e+02
8.295715641025640252e+01,-1.518628571428571661e+01,-1.837958735883993882e+02,-6.324594260361516618e+00,2.608353569661910001e+02,7.336783267078220661e+01,-3.872257789020316068e+02,5.744961756396886443e+00,5.567892849066312237e+02,-5.451173600695395294e+01,1.343524474029334499e+02,-5.448420248691999177e+02,-2.517332176039854019e+01,4.786459200126601132e+01,-7.363997813013332916e+02,3.313141912769837631e+02,4.660407182889488809e+02,-2.584229059780134321e+02,2.259283316562436283e+01,1.959979656493911193e+02,-1.082534138167558950e+02,-3.370561494390844359e+02
8.178267692307693437e+01,-1.421423809523809645e+01,-1.711813841057497143e+02,-6.192358376950789278e+00,2.386601010684689470e+02,7.052540721514884581e+01,-3.466252130083167913e+02,5.654862675553038009e+00,5.328693405305609758e+02,-4.943420504851746244e+01,1.226944883576686465e+02,-4.919117564283998831e+02,-2.423503017257942815e+01,4.426096417348391299e+01,-6.706040313373332538e+02,2.987896673731036685e+02,4.255258948584361747e+02,-2.357959505061704135e+02,2.183901576117745336e+01,1.818751487134425986e+02,-9.832103974734735630e+01,-2.853466800244999035e+02
8.346960769230770438e+01,-1.513857142857142790e+01,-1.980648596301309965e+02,-6.624215985215495373e+00,2.863369959586801201e+02,7.786791589862073693e+01,-4.631304188266062170e+02,5.889360117052212296e+00,5.951596216315787160e+02,-6.045393690024828715e+01,1.487861790625136962e+02,-6.378200892448002151e+02,-2.684307944940790946e+01,5.185979499999027809e+01,-7.410474184960002049e+02,3.776561038020165029e+02,5.141631499068334961e+02,-2.810789108820497972e+02,2.359242769014334229e+01,2.116566799249985706e+02,-1.218169407982634738e+02,-3.751067171314336974e+02
8.262761410256410954e+01,-1.446452380952380778e+01,-1.885383954237308046e+02,-6.458529839671365735e+00,2.714231787059953263e+02,7.401425003762288668e+01,-4.332184109105610901e+02,5.712761815779511032e+00,5.602065283667848234e+02,-5.665348522491935768e+01,1.377213464745148883e+02,-6.206776574129997925e+02,-2.513889456941578970e+01,4.862250756628154136e+01,-7.514863732199997912e+02,3.431625024379577553e+02,4.875567754731489458e+02,-2.708987467794489703e+02,2.265681374266603854e+01,1.970551983355218510e+02,-1.158612506762907799e+02,-3.577101170130998753e+02
8.137372948717948873e+01,-1.498585714285714232e+01,-1.713512673080753359e+02,-6.138038779636389997e+00,2.483373864367051169e+02,7.195312983181135280e+01,-3.746198749802783823e+02,5.602107110178192073e+00,5.486803404669452675e+02,-5.360089917166563822e+01,1.298873110242244877e+02,-5.255930199877498126e+02,-2.405785226314119640e+01,4.743819037199404676e+01,-7.066160145329999978e+02,3.276306049491760177e+02,4.733098711878540712e+02,-2.400699794189631007e+02,2.133565839579361167e+01,1.818287942624114351e+02,-1.028480236570744779e+02,-3.416008776789063859e+02
8.656449487179487789e+01,-1.496776190476190749e+01,-1.992532232210691916e+02,-6.601696307854620471e+00,2.837660792907814766e+02,7.872877461583237846e+01,-4.384464583124440082e+02,6.005484897727187743e+00,5.851542698574879751e+02,-5.782203157981644637e+01,1.469428954782243295e+02,-5.834354856000002201e+02,-2.659285402235034113e+01,5.042926820183316039e+01,-7.625182610000000523e+02,3.630272635503159790e+02,4.705078412780771373e+02,-2.705550960556632845e+02,2.459342747639083981e+01,2.132593085998402955e+02,-1.200598959585929038e+02,-3.635284192992841668e+02
8.544807051282052157e+01,-1.441752380952380719e+01,-2.021936244790968260e+02,-6.472104138622730041e+00,2.901637407120920784e+02,7.809018857583114936e+01,-4.230277168244658128e+02,5.919981474233377838e+00,5.920223212634615493e+02,-5.628500849310664478e+01,1.496413889201462553e+02,-5.812861685400000624e+02,-2.637081533920418153e+01,4.971643358306449301e+01,-7.248879309333333367e+02,3.581168989179283244e+02,4.911009951336536119e+02,-2.815245474175068239e+02,2.416258657779877694e+01,2.153599958069935951e+02,-1.199747356932146403e+02,-3.503199817539694436e+02
8.604951153846154455e+01,-1.438199999999999967e+01,-1.896457421292347476e+02,-6.461483825018730975e+00,2.726750718311742503e+02,7.711057576506163969e+01,-4.536519969513328761e+02,5.818583146786783011e+00,5.769124358055623816e+02,-5.763314345769456537e+01,1.443183420000127057e+02,-6.041420797350000385e+02,-2.591128789203515836e+01,5.044480448193279898e+01,-6.930964469000001600e+02,3.739028765322007075e+02,5.021271958144232030e+02,-2.630534048975102905e+02,2.318379331310616109e+01,2.054570289893474353e+02,-1.169824024652494643e+02,-3.660096474929620172e+02
8.191290000000000759e+01,-1.396476190476190382e+01,-1.817053290892066286e+02,-6.296817672622922579e+00,2.591866498947272817e+02,7.266062533020570413e+01,-3.837026740005881038e+02,5.758061623769481940e+00,5.433196254370420775e+02,-5.460304416369159242e+01,1.372315517499028203e+02,-5.316211430220001830e+02,-2.495138679813965155e+01,4.809733846519546319e+01,-6.852779987300001494e+02,3.354963932831071247e+02,4.775950066863334769e+02,-2.548330137951115546e+02,2.259071857447528942e+01,1.956578298558331994e+02,-1.084964224180858423e+02,-3.358076583227986589e+02
8.454148205128205973e+01,-1.487909523809524082e+01,-1.956580818908622916e+02,-6.539424983030141192e+00,2.738737947211278083e+02,7.580339508851328389e+01,-4.298307515397621614e+02,5.839555742244757042e+00,5.667901112216331967e+02,-5.680844873778536197e+01,1.518200464505586353e+02,-5.929583450042499635e+02,-2.635948216745661909e+01,4.919157992197236240e+01,-7.346560021533333611e+02,3.565064834317524287e+02,4.791496120520192221e+02,-2.725293401682178001e+02,2.377684939819339860e+01,2.062167318087649335e+02,-1.180299414719957269e+02,-3.489005261430524456e+02
8.340707564102562799e+01,-1.446809523809523768e+01,-1.856157529399387727e+02,-6.378667474270782733e+00,2.670184389933503439e+02,7.487454161889081661e+01,-4.245097690580178664e+02,5.730412474254253929e+00,5.624877871334671227e+02,-5.405661579702546504e+01,1.379907379328954278e+02,-5.815471336995001366e+02,-2.524695472480471636e+01,4.758439148262733198e+01,-7.445170842566666352e+02,3.466337468803080242e+02,4.687423855092627036e+02,-2.609167886258254043e+02,2.277022375469510251e+01,1.985653849373881883e+02,-1.119185697198496428e+02,-3.461161830237365393e+02
8.248880769230768806e+01,-1.436714285714285566e+01,-1.785142889667525026e+02,-6.377062227822180240e+00,2.575785273889790687e+02,7.280592312574317759e+01,-3.980351109883076788e+02,5.693618094598152268e+00,5.379890896271017482e+02,-5.369557067249773752e+01,1.309555712454151433e+02,-5.636093100352001102e+02,-2.469911324362861293e+01,4.684752854751133810e+01,-6.869214955093333401e+02,3.235653350738041354e+02,4.522714541844484870e+02,-2.640743492811739088e+02,2.235256092805996886e+01,1.938331824806296879e+02,-1.091146262386975962e+02,-3.255985618104964487e+02
8.322363076923076619e+01,-1.420371428571428751e+01,-1.996264834521001319e+02,-6.582171331937265890e+00,2.801069488288379716e+02,7.627988724845506852e+01,-4.288632838653073804e+02,5.870305357687808367e+00,5.683609369016105575e+02,-5.747720011904285542e+01,1.474443219955453799e+02,-5.721926455125000075e+02,-2.634559016816371013e+01,5.009239868446535127e+01,-7.424680694399999084e+02,3.648847769738172246e+02,4.786147857171393412e+02,-2.630179948502828324e+02,2.396227210721817258e+01,2.054423653364029008e+02,-1.184365315880571643e+02,-3.720195424284935939e+02
8.314006410256411073e+01,-1.451242857142857190e+01,-1.819598971713363937e+02,-6.359944626052856265e+00,2.580713861500462372e+02,7.387888891410588599e+01,-3.819794612434616852e+02,5.745421754666388381e+00,5.507173670588125560e+02,-5.339632111039171036e+01,1.339368514539201271e+02,-5.538364520975002279e+02,-2.503626797761292266e+01,4.682929667763212223e+01,-7.161512055533333978e+02,3.170449715217297921e+02,4.612455373090000990e+02,-2.562589560273285088e+02,2.274272682382109068e+01,1.927988867632375900e+02,-1.095367191844935206e+02,-3.204045958879559066e+02
8.423007820512820842e+01,-1.518047619047619179e+01,-2.045633546795421580e+02,-6.659911785086601199e+00,2.930556001527277203e+02,8.038242470902041248e+01,-4.821651860689956948e+02,5.903446980162232904e+00,6.262743963651464583e+02,-6.058357250920379755e+01,1.529852486126276006e+02,-6.677061598847999448e+02,-2.669433452678573104e+01,5.207922575379207331e+01,-7.902699663359999249e+02,3.904316827298113139e+02,5.424239332805095728e+02,-2.943388824013972567e+02,2.398700356788489074e+01,2.189925043405087877e+02,-1.245766828474567660e+02,-3.778568829818350423e+02
8.180193974358974174e+01,-1.455333333333333634e+01,-1.840518297120984528e+02,-6.456088154565816417e+00,2.696161082399610223e+02,7.311207695891789626e+01,-4.419019030355432278e+02,5.727750177489766337e+00,5.468031928634422911e+02,-5.640644100143006767e+01,1.403190497538127772e+02,-5.759939053592999016e+02,-2.533318085664771857e+01,4.851664531923670154e+01,-7.380517152599999235e+02,3.636961286637896933e+02,4.734934167459229570e+02,-2.619719720547176394e+02,2.259093400402332819e+01,1.972753251183949033e+02,-1.120110092416341985e+02,-3.767982026033229772e+02
8.424846666666665840e+01,-1.564809523809523917e+01,-2.061299551750562671e+02,-6.704771557910204294e+00,3.089509882338595048e+02,7.938961237589494147e+01,-5.059225852468234734e+02,5.954456645382392388e+00,6.071430551019375343e+02,-6.386251637784546631e+01,1.653789352358732572e+02,-6.694308362411999269e+02,-2.775182053166924945e+01,5.454618193547724303e+01,-7.785564865559999816e+02,4.193559119394823824e+02,5.621628665261252991e+02,-2.901722141133779473e+02,2.431720057321142292e+01,2.254982894930140844e+02,-1.260146485383607597e+02,-4.330429436454229517e+02
8.164040641025641776e+01,-1.420795238095237956e+01,-1.987368441931828329e+02,-6.495045156165169864e+00,2.708461486543757246e+02,7.505275816728358507e+01,-4.329487105866173238e+02,5.802819949340631389e+00,5.488371032188643994e+02,-5.831705354647503725e+01,1.468372321340893620e+02,-6.015870859949999385e+02,-2.594084458857519238e+01,5.053859411026613202e+01,-7.061409406799999715e+02,3.589961328773567857e+02,5.025342116714807048e+02,-2.591166194442221808e+02,2.314851823582997881e+01,1.951841415631305949e+02,-1.175474364095143613e+02,-3.665007097736457808e+02
8.703795384615384023e+01,-1.488599999999999923e+01,-2.128803490065675987e+02,-6.614659089678401216e+00,3.061183604450541793e+02,8.020669188111907033e+01,-4.567348051927057782e+02,6.088488499323059244e+00,5.976973804482117885e+02,-5.919641035785213745e+01,1.577380224228777479e+02,-6.031478551013999549e+02,-2.719455164029168870e+01,5.229704775135687811e+01,-7.354205109180001045e+02,3.876058605710119878e+02,5.120169594119136036e+02,-2.967240046750963529e+02,2.514879984322549333e+01,2.334266640927039873e+02,-1.269018629867577204e+02,-3.927671333903473965e+02
8.477650384615384382e+01,-1.454714285714285538e+01,-1.991728774399112751e+02,-6.442979324081147929e+00,2.688617136055210608e+02,7.429378282068712736e+01,-4.025422871858821736e+02,5.875271487630150169e+00,5.568372988300568522e+02,-5.630286715141655662e+01,1.450649238145461482e+02,-5.339296709760000113e+02,-2.616614198877754660e+01,4.970683312417745725e+01,-7.205060872533332486e+02,3.565403776473647213e+02,4.859110870869230325e+02,-2.591820297208067814e+02,2.375047644813980696e+01,2.107883773764289117e+02,-1.129140313137886409e+02,-3.587226311566780055e+02
8.275089743589742852e+01,-1.449842857142857078e+01,-1.828215860725562436e+02,-6.372486955828700061e+00,2.596984645664754794e+02,7.515565925496699151e+01,-4.071002050190634804e+02,5.745202542721383310e+00,5.752196551070495616e+02,-5.438361750166318132e+01,1.316972111899809761e+02,-5.729590855262998730e+02,-2.502291007034343906e+01,4.770980328489139310e+01,-7.460930742833332943e+02,3.366727912177773874e+02,4.603387785445625582e+02,-2.505022119873652855e+02,2.244401410770639771e+01,1.872097871330252872e+02,-1.085131470483931366e+02,-3.370308887634275266e+02
8.421385897435897050e+01,-1.500909523809523805e+01,-1.984597425390736873e+02,-6.506414640338337385e+00,2.828978692088601861e+02,7.747292632732580842e+01,-4.613546155402351019e+02,5.803330951374020330e+00,5.988031011743865974e+02,-5.724494215247656115e+01,1.463509174255110565e+02,-6.256548013239995498e+02,-2.589849732673798854e+01,4.973034275594778109e+01,-8.270959554666668510e+02,3.725358976252103957e+02,4.937811463757691968e+02,-2.831572157987256446e+02,2.347578030028612872e+01,2.139453007007039957e+02,-1.201102567547152802e+02,-3.757122191614772646e+02
8.371284487179487144e+01,-1.389319047619047609e+01,-1.911551569776569863e+02,-6.375174351228656278e+00,2.665480982644941150e+02,7.488435902413181111e+01,-4.285882127658327931e+02,5.706092641978697699e+00,5.799744622754204784e+02,-5.334583819023672646e+01,1.390478547869582542e+02,-5.617372686064002210e+02,-2.509049007439187662e+01,4.701190109370238446e+01,-7.731103688053334508e+02,3.525074433388787725e+02,4.520470004044615848e+02,-2.677968179917658063e+02,2.278661139037383165e+01,2.048366258509274758e+02,-1.126488423469917137e+02,-3.508376104225004610e+02
8.383890641025641344e+01,-1.454323809523809530e+01,-1.875006424233606310e+02,-6.393343066707921629e+00,2.647438185633245666e+02,7.506732932395894409e+01,-3.921895067179841590e+02,5.821657323066089518e+00,5.810072235354891745e+02,-5.553297877751765554e+01,1.382465041196419975e+02,-5.552423727423999935e+02,-2.537863344107191210e+01,4.881364475024970773e+01,-7.178384679573335916e+02,3.371969677186073682e+02,4.815371549121539374e+02,-2.550849816909236836e+02,2.293791612869103957e+01,1.932430903748893058e+02,-1.101281085275894469e+02,-3.425282483450283166e+02
8.533179743589744248e+01,-1.406185714285714461e+01,-1.882398506697213918e+02,-6.414214262275099721e+00,2.671315970282822718e+02,7.590483919022697989e+01,-4.187674142067423873e+02,5.813562541749932144e+00,5.832185197458411494e+02,-5.514140980569977302e+01,1.452126643431450645e+02,-5.619548022724998191e+02,-2.575740773648362847e+01,4.886959052030520922e+01,-7.267890887833333409e+02,3.567774401308748224e+02,4.812731527312500930e+02,-2.653368001926863826e+02,2.325487389232191759e+01,2.026180592080455938e+02,-1.158248789193155801e+02,-3.468817673602754894e+02
8.391001538461537734e+01,-1.405066666666666642e+01,-1.935620761416034270e+02,-6.388720896707265950e+00,2.667372875805427839e+02,7.490321556095150868e+01,-4.419222038214838904e+02,5.774930759954290949e+00,5.605132702743854907e+02,-5.495442409662184247e+01,1.437280682921806658e+02,-5.610433264430998861e+02,-2.571914729060826232e+01,4.841611302547630658e+01,-7.642430202940003028e+02,3.653175914007197207e+02,4.610700084338367333e+02,-2.620366609013466359e+02,2.295707914902975233e+01,2.057127147094647626e+02,-1.157329054686350389e+02,-3.698564514307140030e+02
8.386767307692308293e+01,-1.442723809523809564e+01,-1.871680279964124054e+02,-6.385688670329138894e+00,2.661397437416006255e+02,7.608348885839913578e+01,-4.295436593725592047e+02,5.761084220867483729e+00,5.813397391686347646e+02,-5.643011171393509784e+01,1.416962432061057768e+02,-5.884398419993999596e+02,-2.517332944042140852e+01,4.897788802852369372e+01,-7.747382166480000478e+02,3.610279275142488018e+02,5.032434560920960962e+02,-2.768514838591422631e+02,2.292008778716605732e+01,2.102232491378805150e+02,-1.142506491538469646e+02,-3.505296290515145188e+02
8.409526794871794664e+01,-1.455571428571428427e+01,-1.860336484122142338e+02,-6.403200049755401579e+00,2.734877962197897432e+02,7.467169811898911291e+01,-4.080981083193120185e+02,5.778057099909254646e+00,5.737546254536213155e+02,-5.492198943100181907e+01,1.375328465923997499e+02,-5.691580202530999486e+02,-2.562798846766443717e+01,4.830918818204859377e+01,-7.736865818079999144e+02,3.377886144382130738e+02,4.722842261105913053e+02,-2.644224270935890786e+02,2.305956938724315464e+01,2.018596760784226944e+02,-1.140702302335549660e+02,-3.458250604786145459e+02
8.197071025641025699e+01,-1.467661904761904879e+01,-1.874705822809978031e+02,-6.383786973147088872e+00,2.597197638360929091e+02,7.220511276713570226e+01,-4.067961374653369830e+02,5.732437798016077224e+00,5.318032091773269485e+02,-5.570303465575947399e+01,1.408358974446069567e+02,-5.408012264674501921e+02,-2.528056221755501909e+01,4.862134923538270215e+01,-7.097068865610000330e+02,3.487740065858416756e+02,4.785346595026729801e+02,-2.530876274311686132e+02,2.282330369167630835e+01,2.004513085452523171e+02,-1.126944533723587227e+02,-3.587774315210389773e+02
8.296988333333334253e+01,-1.448061904761904728e+01,-1.820198493373330848e+02,-6.362253391416865078e+00,2.582277186372726874e+02,7.437646038742177268e+01,-3.759484760920002486e+02,5.868932613619974425e+00,5.722051864413957674e+02,-5.384323835845814443e+01,1.347384527871364526e+02,-5.373986659100002043e+02,-2.553208439571363897e+01,4.802441047071256719e+01,-7.126804522933333601e+02,3.267658348772421846e+02,4.743434689557500974e+02,-2.504033941144194841e+02,2.317893918294675615e+01,1.965292704167874263e+02,-1.088049312690745580e+02,-3.123653092209793272e+02
8.272733461538462052e+01,-1.386876190476190374e+01,-1.821601734350415711e+02,-6.373193049206962613e+00,2.560716225954554375e+02,7.249695531037095009e+01,-3.839973988380044716e+02,5.712333139136360316e+00,5.342790523533436726e+02,-5.225971486873793026e+01,1.319644934935309379e+02,-5.375761307357998930e+02,-2.494791072337415727e+01,4.569810010965198188e+01,-7.069250893120000683e+02,3.055867206609020741e+02,4.205182181646247841e+02,-2.514835615036352294e+02,2.254943122278913847e+01,1.876008254981431946e+02,-1.076127569545905374e+02,-3.188802450680219067e+02
8.662892051282049977e+01,-1.407776190476190870e+01,-1.912007843674770697e+02,-6.281232196299502135e+00,2.896618616132557236e+02,7.572914207847954060e+01,-4.012862946761085254e+02,5.936850829349743286e+00,5.764270399064198500e+02,-5.510960479620656116e+01,1.553240724258880334e+02,-5.294134117778000928e+02,-2.604672867679214932e+01,4.923916203793745439e+01,-6.797082652873333473e+02,3.628730192172856164e+02,4.980641761197597930e+02,-2.849563384090105842e+02,2.409653646738757971e+01,2.204171190139703640e+02,-1.187909587136520599e+02,-3.374076504359427986e+02
8.336245128205128196e+01,-1.554109523809523807e+01,-1.874493925562599941e+02,-6.543084674493279351e+00,2.778278372106865959e+02,7.726367096761394748e+01,-4.631043064768165891e+02,5.708521970823168701e+00,6.191269578553743713e+02,-5.740528487429500615e+01,1.340516001068343144e+02,-6.632021228003998203e+02,-2.532605043100512177e+01,4.898316030297554846e+01,-8.481719990160000862e+02,3.593333446757779370e+02,4.794864206770385522e+02,-2.746052570832762854e+02,2.255255956246488935e+01,1.929781586697207558e+02,-1.147035409914320638e+02,-3.633211045097316969e+02
8.494211538461539135e+01,-1.483076190476190881e+01,-2.025440376208004807e+02,-6.527675357353692753e+00,2.891817875089424206e+02,7.835859271628771694e+01,-4.419254527479232024e+02,5.883735780796658155e+00,6.079958929183220562e+02,-5.814116977179952528e+01,1.492031999721605757e+02,-6.170011148555997806e+02,-2.629522443226639083e+01,5.081616193509534440e+01,-7.355325472079998690e+02,3.702571690336267807e+02,5.185354630454999096e+02,-2.804014993994040310e+02,2.391681135671012015e+01,2.119312137029013172e+02,-1.191163101647361202e+02,-3.709684590191401981e+02
8.299332051282050315e+01,-1.419504761904761914e+01,-1.823335212320092467e+02,-6.275499116289899426e+00,2.629761663791371120e+02,7.256419652281270771e+01,-3.510834719548370799e+02,5.843157389672779978e+00,5.359595287837308888e+02,-5.317252533938391679e+01,1.372947270099761283e+02,-4.877995038839999893e+02,-2.523717834498130230e+01,4.812769284781509072e+01,-5.934515214599999808e+02,3.250971927404672215e+02,4.710572140453844554e+02,-2.394039604435608055e+02,2.289848777965135085e+01,1.921824443039306516e+02,-1.093553870900882004e+02,-3.316806785477148196e+02
8.143492692307692948e+01,-1.459652380952381279e+01,-1.605919905214863377e+02,-6.238035519397898021e+00,2.240142780351250451e+02,6.972195323756442065e+01,-3.365617431505294803e+02,5.626224703849092457e+00,5.053227955870611368e+02,-4.990791935048921601e+01,1.180316006266503592e+02,-4.876732859134501155e+02,-2.386760988074728829e+01,4.401404538973371672e+01,-6.761018715749997909e+02,2.826680794054259422e+02,3.835268613719998143e+02,-2.175770841788829557e+02,2.139460533274090892e+01,1.640442458479308812e+02,-9.837099450590963556e+01,-2.817114967803013315e+02
8.270610128205127864e+01,-1.422276190476190472e+01,-1.789562731569031087e+02,-6.298034215102703115e+00,2.655601822663239773e+02,7.385845669060064722e+01,-3.843812049531924799e+02,5.782082991849788023e+00,5.612859985064087596e+02,-5.521193958849052308e+01,1.393690048347792754e+02,-5.363205931224002825e+02,-2.517785639669604336e+01,4.886442071125892994e+01,-6.932025518760000296e+02,3.383193307468920921e+02,4.853876571373847923e+02,-2.586415200145411859e+02,2.270885928461372671e+01,1.994019298745774336e+02,-1.125359709590824622e+02,-3.454434845664912928e+02
8.335313333333333219e+01,-1.401471428571428568e+01,-1.915134232385238704e+02,-6.499492506690698335e+00,2.769767528768405782e+02,7.714583194342232275e+01,-4.474012283256467981e+02,5.776498306446391950e+00,6.099947872344841926e+02,-5.666669017583649293e+01,1.402153873016670218e+02,-6.307372004724001044e+02,-2.587072984984021318e+01,4.904299241265189835e+01,-7.747943885119999550e+02,3.563200318664938777e+02,4.876895505731250182e+02,-2.738181810455030245e+02,2.284941731368671824e+01,2.016682310286960842e+02,-1.159414621191897368e+02,-3.607155820556848767e+02
8.215035512820513475e+01,-1.485866666666666447e+01,-1.875128862436376664e+02,-6.482755870534363751e+00,2.669856568313069829e+02,7.493342492213992045e+01,-4.466580152285069971e+02,5.726552388498636681e+00,5.902899185104062099e+02,-5.660178305435339041e+01,1.386780504838311288e+02,-6.105614462187500067e+02,-2.540948996340087618e+01,4.852555420769324712e+01,-8.094243283750000728e+02,3.551947769893380382e+02,4.661090904624696236e+02,-2.741975441161093840e+02,2.274673968549862124e+01,1.997226773389598975e+02,-1.130927491118138022e+02,-3.561736369335656605e+02
8.183840256410256586e+01,-1.456709523809523965e+01,-1.885017608436004366e+02,-6.457989358152794956e+00,2.589920432741366199e+02,7.245523794527778705e+01,-4.050136988805069223e+02,5.783247686531359122e+00,5.424342288083389576e+02,-5.560208270140193321e+01,1.436981199077532949e+02,-5.429201291886000718e+02,-2.593202052243750089e+01,4.832910527401011791e+01,-7.465524378329999990e+02,3.484745568040890475e+02,4.926108169026252881e+02,-2.589731868098356813e+02,2.316190724398365930e+01,2.049817462971736006e+02,-1.122460910466065371e+02,-3.596547586682448241e+02
8.380462692307693828e+01,-1.397004761904761949e+01,-1.744695362579962818e+02,-6.240563830494425979e+00,2.381515674083964882e+02,7.457739724667983694e+01,-3.902564766528846008e+02,5.667873795417779803e+00,5.472073937619711614e+02,-5.255475898758319886e+01,1.316982737210624634e+02,-5.222103740966000487e+02,-2.413263822927137880e+01,4.692053737476948072e+01,-6.764022751816665959e+02,3.331379746221062987e+02,4.428758511994740843e+02,-2.268487037301486282e+02,2.174162793532531879e+01,1.739828750590079665e+02,-1.087737674422642868e+02,-3.204422708412017187e+02
8.388547564102564991e+01,-1.495333333333333137e+01,-1.913619688260219220e+02,-6.346889463521968366e+00,2.728381004566313663e+02,7.506474437181988435e+01,-4.155829494959729118e+02,5.762483283727873662e+00,5.809818293863784220e+02,-5.668296168083551834e+01,1.426623546015796649e+02,-5.786908289010001454e+02,-2.552674233706645168e+01,4.986111560914881835e+01,-7.543198584000000437e+02,3.578654406571761797e+02,5.077439014831154509e+02,-2.663601652947849630e+02,2.285398063222360676e+01,2.016526579599243973e+02,-1.112694516552543575e+02,-3.662565860007375136e+02
8.265850000000000364e+01,-1.450342857142857156e+01,-1.757864607796659300e+02,-6.302202339334335157e+00,2.453044735147801703e+02,7.143760124073212125e+01,-3.844587936207940970e+02,5.648186874166770011e+00,5.267973992438670621e+02,-5.153943366450308616e+01,1.273317869908642734e+02,-5.249946541769999158e+02,-2.458543866791317711e+01,4.556664616740160056e+01,-6.890485111199997164e+02,3.208148554563513812e+02,4.272887571750002280e+02,-2.386435943187766782e+02,2.208003451610262502e+01,1.819027674651671589e+02,-1.050978292403758019e+02,-3.244017743315602615e+02
8.445768076923076251e+01,-1.500547619047619285e+01,-1.935109528877700029e+02,-6.459282687637935894e+00,2.724441661510066979e+02,7.647065015111181197e+01,-4.123238175496424560e+02,5.841155881432070984e+00,5.945216608123490687e+02,-5.596867117808293557e+01,1.439427498391494566e+02,-5.608033617501001800e+02,-2.590612277544719433e+01,4.945986007775110949e+01,-7.172162479439999743e+02,3.542698977635532742e+02,4.744642297375592079e+02,-2.587465013923883248e+02,2.346088189096755983e+01,2.009886380962702503e+02,-1.172671113788195214e+02,-3.460276624510829606e+02
8.094367820512820799e+01,-1.448652380952380980e+01,-1.684066810294934839e+02,-6.211110821810773786e+00,2.330615616793625122e+02,6.934355701556903284e+01,-3.704373459136381257e+02,5.551635500647200239e+00,5.166993808934254275e+02,-5.148055360684214321e+01,1.245462749341215414e+02,-5.036698409849998939e+02,-2.387574887392030476e+01,4.524623042334658862e+01,-7.161663088079999397e+02,3.132067557995856646e+02,4.298436025946825794e+02,-2.285244097209931624e+02,2.124285874036424104e+01,1.738162734561743434e+02,-1.008729975600441975e+02,-3.168659484617662656e+02
8.514880769230769886e+01,-1.468200000000000038e+01,-1.866591916504897881e+02,-6.413908000377644747e+00,2.669528109236507021e+02,7.668957899802164491e+01,-4.432003203868777632e+02,5.753242685364338804e+00,5.664783774955589024e+02,-5.557015673618965224e+01,1.391150764905663095e+02,-5.951365427250000266e+02,-2.498168223948304956e+01,4.895074919486135201e+01,-6.608594789999998511e+02,3.586198058859607158e+02,4.706911914024760222e+02,-2.741235745679452975e+02,2.302547155737511986e+01,2.084937107962630307e+02,-1.142554356730197611e+02,-3.496733929280030111e+02
8.185007692307692651e+01,-1.484938095238095634e+01,-1.862904876041406510e+02,-6.530054747543888816e+00,2.403760395555818263e+02,7.189268507772921168e+01,-4.546812765648052732e+02,5.584839696173973245e+00,5.295460507110001345e+02,-5.418711181347195804e+01,1.348270036855758178e+02,-5.919955900439999823e+02,-2.472262142444067123e+01,4.646142190301245734e+01,-8.159561336000002711e+02,3.473703923616486691e+02,4.431125228462179848e+02,-2.572143243525562184e+02,2.224733799257114342e+01,1.906677548731449860e+02,-1.136988848063760855e+02,-3.473398982268276995e+02
8.372870128205127571e+01,-1.543709523809524065e+01,-2.047360796615295158e+02,-6.591386362050554837e+00,2.764520050313406045e+02,7.777222519876274021e+01,-4.849366568389684744e+02,5.776429251862950309e+00,6.061789613880192746e+02,-5.800888114726424050e+01,1.483256480893260800e+02,-6.443343895350002413e+02,-2.600465021577095825e+01,4.995015516285317148e+01,-8.560176141960000677e+02,3.817458839498622183e+02,5.015505396299361678e+02,-2.799780231450596943e+02,2.342755590551397304e+01,2.085098797653828058e+02,-1.207407651036191822e+02,-3.884001379017254294e+02
8.203568589743589712e+01,-1.377899999999999991e+01,-1.731448126433314485e+02,-6.141115522411243255e+00,2.421468754965075902e+02,7.008720664402123646e+01,-3.299809301823236183e+02,5.680105185626771025e+00,5.303151056224554623e+02,-4.986255402325193842e+01,1.278337561738224792e+02,-4.654768696272498119e+02,-2.425127180863036713e+01,4.490070158040440162e+01,-6.579986979633332567e+02,2.980331276117348125e+02,4.242904990471475344e+02,-2.294407248656534364e+02,2.217267385230361043e+01,1.833637315254231908e+02,-1.001666644592882847e+02,-3.025665498906261064e+02
8.416056025641023552e+01,-1.443709523809523532e+01,-2.038264719185192746e+02,-6.516321596652953296e+00,2.770097468795767099e+02,7.822147305773493997e+01,-4.536021137755475934e+02,5.869068870743065602e+00,5.686269967138788388e+02,-5.740818077260564678e+01,1.556251638342293688e+02,-5.976162329579999550e+02,-2.586384395986037177e+01,5.018716847155989313e+01,-7.324435505493330538e+02,3.764916659050891781e+02,4.951267627497115882e+02,-2.785481474387341336e+02,2.389469297183929086e+01,2.152027461991104076e+02,-1.312569502754054156e+02,-3.579543823746146813e+02
8.189184615384614574e+01,-1.413214285714285801e+01,-1.730191357637198450e+02,-6.229903940965809461e+00,2.432652070785169656e+02,7.187468430350767790e+01,-3.790243575739502262e+02,5.589875633800450494e+00,5.613055319104737464e+02,-5.050714387720501719e+01,1.241234403958965373e+02,-5.387395860780002295e+02,-2.362186776758628071e+01,4.441505620607127014e+01,-7.781892894559997558e+02,3.064274732875064160e+02,4.117293050337692080e+02,-2.427358950278018881e+02,2.161089289541623515e+01,1.789686175063000064e+02,-9.970356952585187571e+01,-3.192257388156173761e+02
8.663955641025640375e+01,-1.529009523809524040e+01,-2.018306776076910012e+02,-6.632652993122293061e+00,2.925983333635629720e+02,8.076150173799183563e+01,-4.769482226787349077e+02,5.939255227280500371e+00,6.336432179604115618e+02,-6.090264072614893820e+01,1.559853976196195333e+02,-6.491160734857500074e+02,-2.698548397601203774e+01,5.263757023169883809e+01,-7.622531164299999773e+02,3.918409759153502137e+02,5.134535693458333299e+02,-2.901466972922780201e+02,2.391392324269844849e+01,2.149372684522554948e+02,-1.251521341817744002e+02,-3.912385906693079960e+02
8.183063076923077972e+01,-1.468261904761904724e+01,-1.727970262819020490e+02,-6.379086126480914665e+00,2.382242377482511131e+02,7.161973977379926737e+01,-3.998541436971221970e+02,5.617092909988984140e+00,5.362055558202038128e+02,-5.210324012382473313e+01,1.243773693296453615e+02,-5.509768080599999394e+02,-2.429919138526433287e+01,4.493152818707682172e+01,-7.338570778666663728e+02,3.097170574485368775e+02,4.056390706541664599e+02,-2.474443906738914052e+02,2.183785183956396025e+01,1.769211125829658897e+02,-1.049939099532296751e+02,-3.017502071477928212e+02
8.441446538461539717e+01,-1.371466666666666612e+01,-1.921201165103111634e+02,-6.361959942975905946e+00,2.553790511502409686e+02,7.408432345937710295e+01,-4.074864991551855269e+02,5.778067451058823245e+00,5.555290789637007265e+02,-5.123565013968245552e+01,1.438660884189508806e+02,-5.251810345773000108e+02,-2.535747454884152319e+01,4.588742266794221081e+01,-7.248359629319999158e+02,3.380295825273208266e+02,4.300290954842548103e+02,-2.628950706090554945e+02,2.336593710585772143e+01,2.063011302366038535e+02,-1.119425685769190864e+02,-3.279889748272432257e+02
8.469953974358975302e+01,-1.430509523809523564e+01,-1.879390950921678325e+02,-6.447089833259578739e+00,2.536165117840562004e+02,7.507819657072958819e+01,-4.165252333640905817e+02,5.824895986272580650e+00,5.757177843491809881e+02,-5.483051001896338050e+01,1.406642760174460136e+02,-5.459126917943999615e+02,-2.563017558805356799e+01,4.833968761754680799e+01,-7.392301157920001060e+02,3.496436616549182759e+02,4.590565546510512718e+02,-2.502543926649863977e+02,2.318894336211205953e+01,1.950897679911856528e+02,-1.142044477676618470e+02,-3.398023567614456510e+02
8.319167307692306679e+01,-1.442104761904761823e+01,-1.923963317190499538e+02,-6.436050274593822174e+00,2.589711511422725039e+02,7.436257075422020080e+01,-4.295782464176423332e+02,5.749790570495610709e+00,5.357016503760094110e+02,-5.611811331287217541e+01,1.422868452059050810e+02,-5.777413757939999641e+02,-2.546066545078358700e+01,4.850407668041764708e+01,-7.201838446000000431e+02,3.499337266293223365e+02,4.763109601981729497e+02,-2.623606179262579872e+02,2.300982309766142819e+01,1.993691430529050024e+02,-1.141068823336985645e+02,-3.555349110075600834e+02
8.325826794871794334e+01,-1.468766666666666865e+01,-1.817574309370350534e+02,-6.458990925200155608e+00,2.426263202877261733e+02,7.173726968631771683e+01,-4.032677613554184859e+02,5.690165131257245434e+00,5.265597362952507865e+02,-5.377443762162133112e+01,1.342765275243205565e+02,-5.521539213190001192e+02,-2.511518507543376089e+01,4.627932484257618739e+01,-7.366689827933332708e+02,3.281652098782708435e+02,4.457713835337372075e+02,-2.526094520305144044e+02,2.266172914101688107e+01,1.932171937917352125e+02,-1.070970511073038978e+02,-3.264404970059956099e+02
8.271942820512819594e+01,-1.494666666666666366e+01,-1.789315099731983878e+02,-6.557694483401900420e+00,2.570329831465891175e+02,7.625691502706867198e+01,-4.488271181353620136e+02,5.708463985883859060e+00,5.951959069665000470e+02,-5.736104661538509930e+01,1.337127900700035070e+02,-6.338950672984998391e+02,-2.508267164589175735e+01,4.877325752374977696e+01,-7.667148012766666625e+02,3.519810693895449276e+02,4.683069930184421992e+02,-2.608205716331705162e+02,2.220771271893076815e+01,1.855383164968177141e+02,-1.116194368735910842e+02,-3.489354942915533115e+02
8.267121923076922485e+01,-1.402857142857142847e+01,-1.795665151710343537e+02,-6.253639099744828123e+00,2.375520958583877587e+02,6.939271104476168261e+01,-3.630696686555429551e+02,5.690813861001251084e+00,4.825979020332043206e+02,-5.033673152756688296e+01,1.333237927771112936e+02,-4.691003442048001375e+02,-2.459508276794231207e+01,4.484376396099284534e+01,-6.616492882560002045e+02,3.144078532545249800e+02,4.147730219363077140e+02,-2.351891455699825144e+02,2.259417828527508121e+01,1.885064286823826762e+02,-1.048998938880126843e+02,-3.028926741683035857e+02
8.325030897435897259e+01,-1.491380952380952429e+01,-1.827073716801891976e+02,-6.296883894089553735e+00,2.489545750521147909e+02,7.338189425877823169e+01,-4.038046126922445183e+02,5.677879448762216619e+00,5.552071457923975686e+02,-5.348447177113236961e+01,1.351023656662001429e+02,-5.381940762612000526e+02,-2.465876600640331162e+01,4.747181992766624603e+01,-7.325963773560002892e+02,3.384550467264978693e+02,4.524734060898334747e+02,-2.434165165183841566e+02,2.221513730889924432e+01,1.873864486298008387e+02,-1.071430551081663936e+02,-3.377018067977396640e+02
8.204894487179487328e+01,-1.377004761904762020e+01,-1.756980276275547510e+02,-6.303186854883294998e+00,2.573251769886369971e+02,7.116476406898938478e+01,-3.513246884251176425e+02,5.829489895843040337e+00,5.016960552254568029e+02,-5.214093231810449680e+01,1.313719570568236463e+02,-4.969387867767999865e+02,-2.639980385338662927e+01,4.601164577866617833e+01,-5.977512159439999095e+02,3.033138809479960969e+02,4.226694526000767951e+02,-2.418515517432728075e+02,2.270666417153764272e+01,1.905108636217006790e+02,-1.082402454542446577e+02,-3.117048162041385240e+02
8.319273846153845398e+01,-1.456947619047619114e+01,-1.915879438010476861e+02,-6.390967467338846575e+00,2.730591137014570222e+02,7.485980299662408299e+01,-4.044233024899593829e+02,5.788171459141763897e+00,5.729615610061561028e+02,-5.442952705325836860e+01,1.403685727882613890e+02,-5.581151591683498054e+02,-2.550642934056840971e+01,4.812770983531088831e+01,-7.371366019289998803e+02,3.447708817077445929e+02,4.664750299580335877e+02,-2.722263714520287863e+02,2.318673729324853028e+01,2.048279730119332953e+02,-1.113648618549907638e+02,-3.437487762446477859e+02
8.393384102564101568e+01,-1.466180952380952363e+01,-1.984614007007977250e+02,-6.495148027127538803e+00,2.789617080384035148e+02,7.633158383686233606e+01,-4.358892562054299447e+02,5.852177917822552367e+00,5.839416680575167220e+02,-5.760015911781212594e+01,1.473461374757361000e+02,-6.038379491560001497e+02,-2.623309387498738943e+01,5.005930552611251727e+01,-7.556134923733335427e+02,3.613490841746208275e+02,5.111372667054679937e+02,-2.811447334357926593e+02,2.364632070362621974e+01,2.139714493237136992e+02,-1.188412451490024466e+02,-3.586635100785173904e+02
8.411058333333332371e+01,-1.400495238095238193e+01,-1.722773768559715961e+02,-6.299821874436401181e+00,2.603155283341502013e+02,7.487959499286321829e+01,-3.547165569240001446e+02,5.827560478728987192e+00,5.466614677775936570e+02,-5.293727850294570203e+01,1.291229746327009877e+02,-5.310253042920001008e+02,-2.545167274824991921e+01,4.701919687629654021e+01,-6.342859044719999702e+02,3.009872193603215464e+02,4.270472688165002069e+02,-2.373280103313347524e+02,2.269811307628400954e+01,1.819652355852351491e+02,-1.125392762727354068e+02,-3.036778609541536866e+02
8.282179487179487865e+01,-1.397828571428571287e+01,-1.877272502972715245e+02,-6.408209262623408620e+00,2.675140758990207246e+02,7.454587770034699190e+01,-4.183499768376382235e+02,5.752466174579880409e+00,5.611929087263341671e+02,-5.389177398431112920e+01,1.396829207410030733e+02,-5.593871707631999470e+02,-2.538295350545353912e+01,4.749390819306030664e+01,-7.258227969600001188e+02,3.469862658114402052e+02,4.607428354884617079e+02,-2.641825215662100845e+02,2.297744880209580742e+01,2.028414083361076905e+02,-1.133235582086025630e+02,-3.478609150524536631e+02
8.420917051282052057e+01,-1.510833333333333250e+01,-2.000516916174361199e+02,-6.554284420513286413e+00,2.889597011486687848e+02,7.746709358120988043e+01,-4.603760604763509718e+02,5.815683542701304276e+00,5.912626892633882107e+02,-5.987935187194636200e+01,1.495345549670693401e+02,-6.403005822031998377e+02,-2.634878230711393954e+01,5.140133525553392246e+01,-7.296828279733331328e+02,3.761649760965436826e+02,5.131323993957948915e+02,-2.963621291570429435e+02,2.346928454632711691e+01,2.141372087322100128e+02,-1.218717991732087995e+02,-3.722920098644172526e+02
8.610799102564102725e+01,-1.412500000000000000e+01,-2.018958229768836929e+02,-6.550458537909547019e+00,2.854407124068491157e+02,7.771117550701806920e+01,-4.673152328770588042e+02,5.905292427389682075e+00,5.899540029659434595e+02,-5.850209499101100619e+01,1.561136258558175314e+02,-6.077003848199999538e+02,-2.651903597761026887e+01,5.121472905676262144e+01,-7.207939833600001975e+02,3.946210576217081893e+02,5.252793363692310322e+02,-2.871863308644467452e+02,2.406720575074403712e+01,2.226320252364849068e+02,-1.227655352337976353e+02,-3.853298510630496025e+02
8.412080128205127494e+01,-1.444104761904761958e+01,-1.885503937218133217e+02,-6.445329953372957554e+00,2.787045274792491796e+02,7.692125731052358617e+01,-4.160294475854523739e+02,5.802758421483642515e+00,5.858328080869339374e+02,-5.625993754467273789e+01,1.415588068843984502e+02,-5.969498983240499683e+02,-2.556665580231357637e+01,4.895413645513309575e+01,-7.136810564160000467e+02,3.449528991035966783e+02,4.806805203567406011e+02,-2.863384914182098555e+02,2.323790347597830674e+01,2.102510998848634358e+02,-1.175260004509833607e+02,-3.419808820197235946e+02
8.218878589743589202e+01,-1.440019047619047576e+01,-1.884984084944313167e+02,-6.387249194475304925e+00,2.631833188113140523e+02,7.365011057776810333e+01,-4.134655058645022905e+02,5.773036065063821276e+00,5.558144046324109695e+02,-5.486986613728058160e+01,1.413436554694930862e+02,-5.557325476373999891e+02,-2.558804607684000132e+01,4.831815264797226206e+01,-7.404083349159999443e+02,3.507957327241102803e+02,4.955446907481571088e+02,-2.602034642162510067e+02,2.281357315526483021e+01,2.020662585447703918e+02,-1.117364460399298451e+02,-3.548179014757480445e+02
8.473163333333332048e+01,-1.531109523809523765e+01,-2.043044212378401596e+02,-6.683501562108404848e+00,2.871294587555084945e+02,7.973454055254009631e+01,-4.746791133965882068e+02,5.913713051913928709e+00,6.110444365706248391e+02,-6.138882060647132732e+01,1.533600643331505182e+02,-6.490168138971000644e+02,-2.699161199933466548e+01,5.286739027662183332e+01,-7.552397340029997395e+02,3.901163890634047107e+02,5.313980593259998386e+02,-2.741009228591428837e+02,2.403347482041160887e+01,2.097685303063606739e+02,-1.269626848636510346e+02,-3.892585612716096648e+02
8.274024230769231281e+01,-1.451123809523809527e+01,-1.884047714102048019e+02,-6.426315127385364256e+00,2.680815905372007251e+02,7.544973719513203037e+01,-4.437533346080539900e+02,5.744084835735487893e+00,5.872681852303375081e+02,-5.569930463969193823e+01,1.368944083732364732e+02,-6.098255322750000005e+02,-2.546860392659439754e+01,4.840717692886334333e+01,-8.137158213479998494e+02,3.552035053557564197e+02,4.664335705936393879e+02,-2.610877314965646860e+02,2.254189531173851435e+01,1.947140252882095126e+02,-1.135883487718342622e+02,-3.591110183994629779e+02
8.334992179487180408e+01,-1.371528571428571652e+01,-1.897502718118692542e+02,-6.318379072159885368e+00,2.660167002749389553e+02,7.351675927054890280e+01,-4.022657011436338053e+02,5.756559945510816512e+00,5.463148190542958673e+02,-5.429784852909112658e+01,1.423860832050622207e+02,-5.246266618403998336e+02,-2.532718602873178071e+01,4.815346148464009701e+01,-6.898187367540000423e+02,3.455658482006880945e+02,4.640272967040580170e+02,-2.533194318051699554e+02,2.313958607901971476e+01,1.992096518641856449e+02,-1.106529849138162831e+02,-3.476962446184560918e+02
8.218880897435897737e+01,-1.445671428571428407e+01,-1.810288312021151569e+02,-6.460879372859848147e+00,2.622130585127871996e+02,7.425450935590559709e+01,-4.089604503987692965e+02,5.758334472281794625e+00,5.649088380126603397e+02,-5.508764373500955713e+01,1.354854719947176420e+02,-5.781220885440000075e+02,-2.554161644391719932e+01,4.774880019893360839e+01,-7.347962218239998720e+02,3.315293767135187863e+02,4.613998948397371009e+02,-2.524889474289081477e+02,2.256023907217661773e+01,1.899213362892092505e+02,-1.100584202706543238e+02,-3.358824760352612202e+02
8.239405897435896975e+01,-1.513676190476190442e+01,-1.816849669942101286e+02,-6.419352250724747577e+00,2.610311503807827762e+02,7.371613511483857906e+01,-3.933983826245902264e+02,5.748076461060380282e+00,5.441651847973606664e+02,-5.403188745450174935e+01,1.372976017878170580e+02,-5.420822979770999837e+02,-2.552682406640954227e+01,4.741662770872339649e+01,-6.592604795759999661e+02,3.303348687712117453e+02,4.428002583437304907e+02,-2.470677722625767956e+02,2.284172664357629756e+01,1.886216102484490307e+02,-1.130791051220159176e+02,-3.279818573224712281e+02
8.240230769230768715e+01,-1.511171428571428343e+01,-1.891993212232843860e+02,-6.536394763437966660e+00,2.746238376868314504e+02,7.522318917784906489e+01,-4.533300098121179076e+02,5.731964815591550355e+00,5.853834568527169040e+02,-6.015376454903739756e+01,1.413841540978461921e+02,-6.256486970319002694e+02,-2.586370604119294114e+01,5.111200737546275263e+01,-7.639419595680000157e+02,3.736254270833802593e+02,5.187298658444358352e+02,-2.628573891325363547e+02,2.256288944983398537e+01,1.951170191104093021e+02,-1.161945723163416204e+02,-3.938916741235238987e+02
8.441797564102564877e+01,-1.474590476190475918e+01,-1.882463186131154487e+02,-6.280865180149563187e+00,2.667500877631272260e+02,7.527942358075551965e+01,-4.051346182647964724e+02,5.748017223260555753e+00,5.733342025235998562e+02,-5.376658544772575965e+01,1.364333808742933059e+02,-5.546353091107998807e+02,-2.488416679761492745e+01,4.785391619269923780e+01,-7.478381911759998957e+02,3.443958950439201772e+02,4.752320447763460720e+02,-2.610397767727129690e+02,2.266409754783332886e+01,1.995896918463922134e+02,-1.098453336971968639e+02,-3.391047135515273112e+02
8.305096410256409456e+01,-1.438904761904761820e+01,-1.925461915581531116e+02,-6.481739160922650456e+00,2.628906511830269892e+02,7.428871334326200326e+01,-4.427002678413459762e+02,5.769021296633676243e+00,5.407256078422971086e+02,-5.417944316495449897e+01,1.421973626441757403e+02,-5.650773710399997753e+02,-2.552488902072887100e+01,4.718879187351410565e+01,-7.831481112000000167e+02,3.538960527001209471e+02,4.406022290099998031e+02,-2.688725586746760996e+02,2.312098322874204825e+01,2.070252761729305178e+02,-1.157846413492785445e+02,-3.581924327454685226e+02
8.648159102564102341e+01,-1.429785714285714171e+01,-1.937584944764377894e+02,-6.419493093110982151e+00,2.815878265476191018e+02,7.748543316269967818e+01,-3.904813712540453139e+02,5.964427875693612435e+00,5.811935227933551005e+02,-5.551524879036268345e+01,1.457050049160610001e+02,-5.413663262559999794e+02,-2.627126196866311503e+01,4.977603461703389343e+01,-6.517697321333330365e+02,3.454249495569358714e+02,4.869349167078847245e+02,-2.681827359688602996e+02,2.426630510543540353e+01,2.112501451351601531e+02,-1.167605173565345780e+02,-3.335838530928300543e+02
8.306238846153844690e+01,-1.485428571428571409e+01,-1.869528103564928472e+02,-6.429512372037641477e+00,2.630461324514069474e+02,7.349615784983353706e+01,-4.178288172815974804e+02,5.724292354359453938e+00,5.624226805286756417e+02,-5.478976843652488782e+01,1.380054606846413776e+02,-5.705712550734000388e+02,-2.551891672828570279e+01,4.774422300768421223e+01,-7.457728044579999960e+02,3.471486326469624260e+02,4.712345352636924076e+02,-2.584818395643400777e+02,2.275012776816778981e+01,1.988187192558017102e+02,-1.107076500852104033e+02,-3.480169248695561350e+02
8.499420128205126446e+01,-1.473099999999999987e+01,-1.949842748114902520e+02,-6.527214930499920520e+00,2.720733855314101675e+02,7.724454902419397229e+01,-4.276082901385046284e+02,5.901719112705139381e+00,5.750261121925885845e+02,-5.649278019657613470e+01,1.511950929558371683e+02,-5.657802151007998646e+02,-2.622102589679262152e+01,5.008241669284738862e+01,-7.119911324399998875e+02,3.616819797917249844e+02,4.634566270557691041e+02,-2.662585487551186816e+02,2.393966958531861167e+01,2.061405181941594265e+02,-1.217845305166382985e+02,-3.535912740496681863e+02
8.308860384615384476e+01,-1.537466666666666981e+01,-2.017881220307588706e+02,-6.626008789639858065e+00,2.789331706498279004e+02,7.686938248241446558e+01,-4.466611394725114792e+02,5.870861003627800834e+00,5.931906336448535058e+02,-5.903682182475596107e+01,1.462065085192649008e+02,-6.141793852845000856e+02,-2.663580166302368113e+01,5.102052718276709697e+01,-7.657780592099999240e+02,3.716600143783531394e+02,5.137448855522260374e+02,-2.720978227039996113e+02,2.361311902229168069e+01,2.070473938192745891e+02,-1.181714967236632958e+02,-3.745449840084285142e+02
8.405215128205128394e+01,-1.409709523809524079e+01,-1.889863909919490368e+02,-6.411476809856539560e+00,2.775567064304329961e+02,7.551085766084570139e+01,-4.010185070247151202e+02,5.777521645062446254e+00,5.753680605935800259e+02,-5.601121364034670336e+01,1.416114743098285942e+02,-5.716669250621998799e+02,-2.565313727005872835e+01,4.882507696400986674e+01,-6.847522359319999623e+02,3.411759484209756010e+02,4.795217435376262074e+02,-2.727110893846452200e+02,2.306615209211682327e+01,2.025822952902270515e+02,-1.138832182651181171e+02,-3.507682337560880796e+02
8.226504615384614283e+01,-1.424480952380952559e+01,-1.849893146640092141e+02,-6.369885512720189880e+00,2.598010782312606466e+02,7.295133645564797575e+01,-3.911016671455205937e+02,5.777680689029621952e+00,5.512740065263902807e+02,-5.391887753244900239e+01,1.385528698252037998e+02,-5.298638346047999903e+02,-2.537474852743336129e+01,4.763441430196592563e+01,-7.260917024426667012e+02,3.411580794261525398e+02,4.803086682360257669e+02,-2.485773284179136056e+02,2.285066508535564012e+01,1.933224648341716829e+02,-1.083611723115256069e+02,-3.348813793053972176e+02
8.607767179487179021e+01,-1.501385714285714457e+01,-2.102095202731921688e+02,-6.635508142362594342e+00,2.972751765747515265e+02,7.996062759624830107e+01,-4.700412353280473212e+02,5.942285053469721134e+00,6.125611444011743743e+02,-6.125683163898143135e+01,1.601156824937218914e+02,-6.275615560396001911e+02,-2.699278715300955866e+01,5.273206281734010048e+01,-7.798495959519999587e+02,3.994330478448245003e+02,5.409697085940766783e+02,-2.799861978686754469e+02,2.438434644115728744e+01,2.202991261207041589e+02,-1.270148840934078009e+02,-4.132675337990721687e+02
8.353025897435898628e+01,-1.480657142857142716e+01,-1.897651482036369259e+02,-6.317767191332515075e+00,2.617824427389463153e+02,7.507177186023403692e+01,-3.876146943951177377e+02,5.753612128767755074e+00,5.721487446533269576e+02,-5.289827291197811832e+01,1.373942266641105334e+02,-5.309453482451999662e+02,-2.508567086324588047e+01,4.698670807858169951e+01,-7.524135997200000929e+02,3.279410788023394616e+02,4.492166521986218868e+02,-2.557456394967847189e+02,2.313656886248023881e+01,1.969819976673927897e+02,-1.101179372511664383e+02,-3.221472277727469304e+02
8.276273076923075678e+01,-1.321785714285714342e+01,-1.774867664706720518e+02,-6.181081410891256844e+00,2.451387600593553202e+02,7.253488808390237352e+01,-3.545282469166132842e+02,5.718537412499344441e+00,5.366875456071712733e+02,-5.193580522265772714e+01,1.350828139912016184e+02,-4.884365968629500685e+02,-2.449784143703260497e+01,4.656624038785228237e+01,-6.571929720399998587e+02,3.227608368875394831e+02,4.523355961169696116e+02,-2.364566063225605603e+02,2.243919998799486493e+01,1.876554345874772878e+02,-1.067334206215431180e+02,-3.186218182275013078e+02
8.349060512820513225e+01,-1.458242857142857218e+01,-1.862631723113655937e+02,-6.311214038531941739e+00,2.626697474675512467e+02,7.408649277065093486e+01,-4.081978181222959279e+02,5.720010443792109989e+00,5.798703000594990726e+02,-5.336065199117759761e+01,1.362442113355282345e+02,-5.442018937547501309e+02,-2.522829041248821014e+01,4.732320216346032282e+01,-7.530899930216666007e+02,3.438563304348022598e+02,4.645733530375671307e+02,-2.584364481531104047e+02,2.262755875139167827e+01,1.989694374440113052e+02,-1.070141812551936056e+02,-3.319338808946825452e+02
8.524220256410255558e+01,-1.481876190476190835e+01,-2.056626599021605557e+02,-6.635010267763023606e+00,2.981100119636951717e+02,8.023492443834916799e+01,-4.866524014522079256e+02,5.941006038574111692e+00,6.462491017962622664e+02,-5.891396099322113855e+01,1.555039705200038043e+02,-6.410746102650001603e+02,-2.678154968112116663e+01,5.123768072775482807e+01,-8.005140194333333739e+02,3.979602363424940563e+02,5.184667300063300672e+02,-2.914820460837935912e+02,2.441376831593390762e+01,2.235858020963005686e+02,-1.253467683661096004e+02,-3.800775023977253682e+02
8.418883846153845241e+01,-1.454252380952381074e+01,-1.913279627320856378e+02,-6.431741039596878373e+00,2.704142233379724303e+02,7.410586645169374265e+01,-4.192345815574660719e+02,5.802365167156242620e+00,5.584428457832291315e+02,-5.551394211371520981e+01,1.437602801445759724e+02,-5.632643090880000045e+02,-2.567602626645470565e+01,4.847914643998590378e+01,-7.083896026133332953e+02,3.547250330798109985e+02,4.778298489770830884e+02,-2.715947577781143991e+02,2.333357395524244637e+01,2.106608547582195001e+02,-1.166587042403308345e+02,-3.574018172630543404e+02
8.362186410256410340e+01,-1.424728571428571655e+01,-1.919085188508662725e+02,-6.468135034579288067e+00,2.703442624810945745e+02,7.540914782310053965e+01,-4.262498083322626599e+02,5.782125093594883580e+00,5.637785544252404861e+02,-5.611719770328189583e+01,1.439599552828323112e+02,-5.834734122249998336e+02,-2.572383803062174223e+01,4.872526223379610855e+01,-7.325614669999999933e+02,3.512370526211292372e+02,4.812204326205130656e+02,-2.717802787214961313e+02,2.336815426142746688e+01,2.056105652798221115e+02,-1.186515268483938002e+02,-3.424647419721694064e+02
8.460376794871794459e+01,-1.391371428571428837e+01,-1.748751465509771776e+02,-6.240091392816884408e+00,2.465807781791901050e+02,7.308979050447354098e+01,-3.573331076964367981e+02,5.741580870719867669e+00,5.336961729964418737e+02,-5.235843337009888643e+01,1.319105443585279716e+02,-4.950713596500001472e+02,-2.469522643620077318e+01,4.690703224725020704e+01,-6.337310699999999315e+02,3.149341583312730108e+02,4.424537897502693795e+02,-2.350074873179273141e+02,2.244901502042636920e+01,1.834953919929918982e+02,-1.052970395946045130e+02,-3.071882670254427126e+02
8.610262820512821236e+01,-1.472771428571428487e+01,-2.099860526904554945e+02,-6.638807103528998610e+00,2.841979748200388940e+02,7.937715615047835627e+01,-4.815734821601448061e+02,5.918619349042153033e+00,5.938340998171302090e+02,-5.946241769382068298e+01,1.576518730292755777e+02,-6.225427987328001791e+02,-2.711547136923877588e+01,5.164098031313236703e+01,-7.522119648853336003e+02,3.959952432901911834e+02,5.095375801548721029e+02,-2.800694897601667321e+02,2.425814448762710995e+01,2.178322268308004084e+02,-1.267613341058024758e+02,-3.887958845783845163e+02
8.244388717948719147e+01,-1.484323809523809423e+01,-1.821468503732500892e+02,-6.357017055124306815e+00,2.540000182303730298e+02,7.279601576563949550e+01,-4.032765948565248095e+02,5.725606944159338241e+00,5.523577090143352279e+02,-5.444436279710073734e+01,1.360763342978753485e+02,-5.557765857863997780e+02,-2.515324234946722370e+01,4.734459075655480120e+01,-7.457257283519999191e+02,3.337643078590185723e+02,4.602161332137629870e+02,-2.520937827189766836e+02,2.232876581840981345e+01,1.891840288217110810e+02,-1.075256346627618598e+02,-3.369904319885018822e+02
8.054653076923077037e+01,-1.400871428571428368e+01,-1.716038569557508140e+02,-6.157121489056710750e+00,2.302117168025598914e+02,6.736041571830459418e+01,-3.357832113155882894e+02,5.626935133637807063e+00,4.993797712938916789e+02,-4.978166373139068668e+01,1.256051290872973993e+02,-4.589620556262499349e+02,-2.403124291114231070e+01,4.416757109022191230e+01,-6.861791934250001077e+02,2.920531178634392973e+02,4.202446477506732663e+02,-2.289278070394443887e+02,2.182011714302603167e+01,1.833807915761601635e+02,-9.669487530941728437e+01,-3.024268654969786780e+02
8.314008974358974058e+01,-1.499161904761904829e+01,-1.845380214191293078e+02,-6.464881314593344364e+00,2.660802794138820104e+02,7.575512315129428487e+01,-4.238402976668460269e+02,5.743571715225043839e+00,5.821478455250065736e+02,-5.551738093362240534e+01,1.346458515007390417e+02,-5.875244791503998840e+02,-2.507424217168085079e+01,4.840807655957728173e+01,-7.752685801226666626e+02,3.414008659822876552e+02,4.577772918783588239e+02,-2.593154445179402501e+02,2.270031530345114490e+01,1.940422799159993303e+02,-1.117412939619723602e+02,-3.503310479765007130e+02
8.503940512820513220e+01,-1.411638095238095225e+01,-1.891587394675157725e+02,-6.319587153808716273e+00,2.656923438913402151e+02,7.507327947525678269e+01,-3.837175772116199255e+02,5.817432542930122352e+00,5.735694236689325862e+02,-5.238961770279988173e+01,1.403281140519307257e+02,-5.195935206984003116e+02,-2.527932193375109193e+01,4.697561482013472300e+01,-7.145312579999999798e+02,3.310124438824016124e+02,4.404056336774228839e+02,-2.684421689789328980e+02,2.353298191385355764e+01,2.098447985480696332e+02,-1.107792563378071975e+02,-3.237838521454127090e+02
8.432820384615384057e+01,-1.403719047619047622e+01,-1.935324150249290369e+02,-6.340526807336310355e+00,2.799245299006458936e+02,7.544456655979612947e+01,-3.946431287371041776e+02,5.839669538424940853e+00,5.790376495418869354e+02,-5.383461650708839841e+01,1.452572496957114083e+02,-5.330896073999999771e+02,-2.565970855447821108e+01,4.813660930575601071e+01,-7.212261560000000600e+02,3.433688511082789319e+02,4.743461788108973565e+02,-2.793147973027856210e+02,2.374903492827087703e+01,2.172655416840107989e+02,-1.154504273598877973e+02,-3.358990383481536242e+02
8.091831538461536866e+01,-1.427685714285714447e+01,-1.772483158163194332e+02,-6.289782737422220826e+00,2.554938762879116041e+02,7.273136503776537154e+01,-3.625237473897306018e+02,5.747406190129884074e+00,5.656683977650533279e+02,-5.254029129673938314e+01,1.301728330806093084e+02,-5.139319647819997954e+02,-2.481476894343365558e+01,4.662445293210404174e+01,-6.900004682799999500e+02,3.169937960278814444e+02,4.506726605997433808e+02,-2.433619380426023895e+02,2.240375330678622845e+01,1.909417754291695530e+02,-1.050300140771817752e+02,-3.295938571803088735e+02
8.345422948717948941e+01,-1.497066666666666634e+01,-1.876218851627376694e+02,-6.472571961347353131e+00,2.761696284894304654e+02,7.661543417094077313e+01,-4.325184598967962870e+02,5.772733121519602051e+00,5.932605948270889940e+02,-5.711033166190489396e+01,1.382857959222060913e+02,-6.151056448459999046e+02,-2.569935597630190927e+01,4.934035514757623275e+01,-7.683416866766665407e+02,3.515190028695554361e+02,4.801804087869039108e+02,-2.671565059196956327e+02,2.284770845853917010e+01,1.970536880466865739e+02,-1.138483655293725434e+02,-3.607481392538475120e+02
8.345447051282050666e+01,-1.446247619047619004e+01,-1.887688241153556135e+02,-6.455558598310246587e+00,2.613543256020869308e+02,7.451400441692317145e+01,-4.466326526078552206e+02,5.690545405558563807e+00,5.426352762603125939e+02,-5.614790537204144272e+01,1.415385725487011825e+02,-6.007800671135998982e+02,-2.570508453067244758e+01,4.828790310837955246e+01,-7.136735320000001366e+02,3.574259749969641575e+02,4.876224395632307278e+02,-2.587844831831341708e+02,2.260776774645601961e+01,1.957013384876908901e+02,-1.129345446636502004e+02,-3.543445886111596224e+02
8.501825384615383996e+01,-1.415709523809523773e+01,-1.928075107552659233e+02,-6.496385454441350404e+00,2.732291687198240311e+02,7.736338308569656874e+01,-4.385273147035657075e+02,5.854677073954036359e+00,5.811280719655384246e+02,-5.754850002874196235e+01,1.480169398626701991e+02,-6.019487597375998575e+02,-2.642757406814275001e+01,5.006086380856000773e+01,-6.995080857599999717e+02,3.659486618631566444e+02,5.036077953415385196e+02,-2.641118510809076270e+02,2.337966654354653073e+01,2.055791573766431952e+02,-1.200965564104288461e+02,-3.615700849518871109e+02
8.348381794871795591e+01,-1.469647619047619003e+01,-1.845577543251903592e+02,-6.378986249139956932e+00,2.627749484904094857e+02,7.374908816054563943e+01,-4.024541438128869117e+02,5.714745419346964894e+00,5.401524943235577894e+02,-5.456043281516998178e+01,1.370682954993383760e+02,-5.411621939263998229e+02,-2.493666678722032159e+01,4.823514782104987120e+01,-7.177584737919997906e+02,3.414934017839248668e+02,4.587373011346667795e+02,-2.541104935526098529e+02,2.264391001136144155e+01,1.943679018616727490e+02,-1.118360911444650583e+02,-3.534774454245247739e+02
8.518011153846154571e+01,-1.490733333333333377e+01,-2.031636211108356918e+02,-6.522425956479239062e+00,2.784447875631830698e+02,7.671462115015954453e+01,-4.420050311572396140e+02,5.908290131968721326e+00,5.733815500460060548e+02,-5.575577485039003278e+01,1.491226821355999732e+02,-5.882064777900001218e+02,-2.610145560944044973e+01,4.893845971082709667e+01,-7.878179593999999497e+02,3.637795120654860170e+02,4.753422369953975135e+02,-2.795546538562053343e+02,2.415014710439403700e+01,2.156621565194798791e+02,-1.188495748611741050e+02,-3.572515112053197299e+02
8.459833205128205691e+01,-1.383404761904761848e+01,-1.888334154829695990e+02,-6.394389843820483144e+00,2.755857697463825957e+02,7.673577412957814659e+01,-4.061732723498300857e+02,5.864004519460257470e+00,5.843346986293460077e+02,-5.475735185165882513e+01,1.421661871399771542e+02,-5.545966247250000833e+02,-2.568303245655646094e+01,4.859414125729024647e+01,-6.932753575000000410e+02,3.513543965841928411e+02,4.719848811538460041e+02,-2.645614580705821481e+02,2.341881508135506706e+01,2.055719482247919245e+02,-1.136561928316804995e+02,-3.388768905989776385e+02
8.292281025641027270e+01,-1.368061904761904835e+01,-1.682744285568745966e+02,-6.160490925546425522e+00,2.429790262210856895e+02,7.181839817375232826e+01,-3.833065728141176010e+02,5.554229576194506635e+00,5.469323355289468509e+02,-5.027734201074465403e+01,1.238567550896152625e+02,-5.238380797089998850e+02,-2.363471942715239749e+01,4.466840618968706167e+01,-6.918104719866665846e+02,3.124218261784972128e+02,4.191526925943924198e+02,-2.483094447643004798e+02,2.131501693189178681e+01,1.818700106953145905e+02,-1.034688411726416746e+02,-2.940961913553218778e+02
8.474553974358973107e+01,-1.498152380952381080e+01,-1.887425735056669112e+02,-6.442478545484344288e+00,2.722061660984615514e+02,7.583902299778166878e+01,-4.154696534219455089e+02,5.815225355060679391e+00,5.830156642566772689e+02,-5.665208045869250952e+01,1.397865567681732841e+02,-5.870572392107001178e+02,-2.581924034662084111e+01,4.944406699690576090e+01,-7.123865369473332976e+02,3.481344285622932375e+02,4.722335370002372201e+02,-2.725386335733805936e+02,2.309395338552036847e+01,2.014348742658700360e+02,-1.127872555567686845e+02,-3.446719236332219793e+02
8.558862051282051198e+01,-1.517242857142857204e+01,-2.065843926033541322e+02,-6.563348869248813777e+00,2.907407747718999076e+02,8.051067969553220394e+01,-4.988103637860724007e+02,5.834411981897626553e+00,6.241671582653058294e+02,-5.999008597316051095e+01,1.546682335814433031e+02,-6.502429239857500534e+02,-2.637554969366722091e+01,5.227355297351559216e+01,-8.221874030650000122e+02,4.043288682636131171e+02,5.347985475527646031e+02,-2.770949305547993617e+02,2.373835323419527654e+01,2.137983688126898016e+02,-1.267296785145909439e+02,-4.019706042141488069e+02
8.532056538461537798e+01,-1.424128571428571632e+01,-1.922238046260775661e+02,-6.427724514064238726e+00,2.674290575788982096e+02,7.708335034991920054e+01,-4.185019186564887832e+02,5.836025605652729098e+00,5.788729073046923759e+02,-5.503905364825713065e+01,1.427118640328484958e+02,-5.621498517119999860e+02,-2.569772082584575656e+01,4.897384086247151203e+01,-7.121460143360001211e+02,3.516576750725621991e+02,4.691295330904616208e+02,-2.670431976305940225e+02,2.356846116646874023e+01,2.075731414716190955e+02,-1.162306485413160004e+02,-3.397871222714063038e+02
8.338152564102563247e+01,-1.408457142857142941e+01,-1.897675753949577881e+02,-6.377710409357781884e+00,2.743904313056890487e+02,7.497106737189774606e+01,-3.866229237220769619e+02,5.873170753020887425e+00,5.514468264883264510e+02,-5.586306869828976573e+01,1.430717111666913866e+02,-5.272239978569999721e+02,-2.565987127774801024e+01,4.990091670818664937e+01,-6.583177093399999649e+02,3.460371764967896979e+02,4.886443573132694382e+02,-2.574285700472938743e+02,2.354859622423128940e+01,2.056545290580544929e+02,-1.135698496657216765e+02,-3.513086846580704332e+02
8.525648205128206314e+01,-1.422409523809523790e+01,-2.027730599621338001e+02,-6.493109000054714919e+00,2.908749051367711900e+02,7.754291088895540440e+01,-4.572684477695295868e+02,5.891673135794190941e+00,5.781270145496815758e+02,-5.911458954737744875e+01,1.528888826133038492e+02,-6.001714877158002537e+02,-2.651497293481118334e+01,5.190285015568539251e+01,-6.834349321800000325e+02,3.877464104446100919e+02,5.280714830536364843e+02,-2.798528310193564153e+02,2.375899553305318790e+01,2.159207921498104383e+02,-1.214514529106295413e+02,-3.863854110656342300e+02
8.512145512820514170e+01,-1.434576190476190405e+01,-1.988666015107292537e+02,-6.479235919489976681e+00,2.821386682189439057e+02,7.799470498093982940e+01,-4.434591354918215984e+02,5.876357140934326040e+00,5.894980331991733919e+02,-5.721001817507050902e+01,1.474394118390827657e+02,-5.971945868626501124e+02,-2.602569006809920893e+01,5.034930627147600291e+01,-7.215046066899998323e+02,3.676368035290560670e+02,5.088715401811505785e+02,-2.772779832804713465e+02,2.381122827929018371e+01,2.168434063522822441e+02,-1.194181552970735538e+02,-3.521108864437889565e+02
8.533616666666667072e+01,-1.388490476190476031e+01,-1.911222852324114854e+02,-6.363810476283028095e+00,2.739501847016326224e+02,7.585584051043746001e+01,-4.283056020801180921e+02,5.830585912269570237e+00,5.770301571731093873e+02,-5.444775477742538783e+01,1.437752910732708358e+02,-5.606285752509000986e+02,-2.547155414148499730e+01,4.836101179955296203e+01,-7.165314434740001843e+02,3.623191712927024923e+02,4.748486487409168717e+02,-2.642619314101353893e+02,2.322206263443057850e+01,2.055976467524364750e+02,-1.159619211041002558e+02,-3.529899725408938025e+02
8.249352564102564145e+01,-1.341623809523809285e+01,-1.766197616918557287e+02,-6.197429690782573886e+00,2.473893914165822423e+02,7.427648632371196413e+01,-3.751562822817761003e+02,5.744176140266691988e+00,5.658908789810683402e+02,-5.255909917055392100e+01,1.375127189506466721e+02,-5.180670682687499493e+02,-2.485965762224250497e+01,4.662150731186682151e+01,-6.364703110149999929e+02,3.277107903855546169e+02,4.540946331332900172e+02,-2.451012612119543519e+02,2.232539435478155454e+01,1.911694012187128067e+02,-1.096826741664764455e+02,-3.026444589838082493e+02
8.131514871794871624e+01,-1.483390476190476193e+01,-1.855052414194824451e+02,-6.597317768172005437e+00,2.761889955305348963e+02,7.455099442541028054e+01,-4.549011434848551971e+02,5.893029994995210075e+00,5.682832721228346600e+02,-5.608032746968341087e+01,1.308709336696914534e+02,-6.270765012405000789e+02,-2.731310598571812065e+01,4.793099959140432276e+01,-7.758065592359999982e+02,3.454168596720148230e+02,4.330731628965723985e+02,-2.563000360371352144e+02,2.278662692826538461e+01,1.955629386466526114e+02,-1.170286681610405992e+02,-3.469128049386404768e+02
8.386295256410255661e+01,-1.418661904761904857e+01,-1.894861007025068034e+02,-6.239627004280584366e+00,2.574483181775269713e+02,7.322633338176594009e+01,-3.869364085360319336e+02,5.720302118871535058e+00,5.692261649528437601e+02,-5.254494842546705513e+01,1.385940621315202463e+02,-5.200026644969999552e+02,-2.502621133946820464e+01,4.675696428806953975e+01,-7.453618255199999112e+02,3.371183897495865267e+02,4.713490012709423809e+02,-2.531167954306708907e+02,2.280485406455843744e+01,2.017591483528084950e+02,-1.084743800622975840e+02,-3.398895840867424454e+02
8.302835641025642133e+01,-1.595261904761904326e+01,-1.867116705318252059e+02,-6.534332090901521006e+00,2.533921354712813638e+02,7.187547320715655985e+01,-4.453277410074388740e+02,5.686432912715041255e+00,5.258742610796538202e+02,-5.558093703266626306e+01,1.392076343433529644e+02,-5.654266798236000113e+02,-2.534259882710249556e+01,4.815492929537001743e+01,-7.744322397139999339e+02,3.529806833622814679e+02,4.458209106487051940e+02,-2.581160253808200196e+02,2.283712137876587889e+01,1.971814519124625633e+02,-1.138373124643605934e+02,-3.579744178074724914e+02
8.433046153846153459e+01,-1.550047619047619207e+01,-1.999564928625403013e+02,-6.632459197844081444e+00,2.934962387258860304e+02,8.031405473128099004e+01,-4.812752904181493250e+02,5.855774930520804666e+00,6.415503376838870508e+02,-5.971779383913700201e+01,1.460293207366050581e+02,-6.780246313464002696e+02,-2.631942955596424838e+01,5.142138082725224280e+01,-8.489258250480000925e+02,3.828912698868942925e+02,5.099158468939228896e+02,-2.860890728374836272e+02,2.361336152005160116e+01,2.078152780865352440e+02,-1.208533608266425148e+02,-3.809989980896665998e+02
8.404006282051280152e+01,-1.466957142857142848e+01,-1.968995804864532886e+02,-6.404895616480849263e+00,2.724201881172082267e+02,7.508030917348398248e+01,-4.146468225344793836e+02,5.833744425375321008e+00,5.714519712749934115e+02,-5.559473222606563780e+01,1.445063068555678285e+02,-5.643992155860000821e+02,-2.566567546311929604e+01,4.873703608943817045e+01,-7.403921453799997607e+02,3.480066386261899538e+02,4.790249353437242803e+02,-2.639969943784303723e+02,2.353838240061400100e+01,2.058317012178937659e+02,-1.152262789022135223e+02,-3.456313250019974248e+02
8.375533333333333985e+01,-1.414414285714285668e+01,-1.839697806378840141e+02,-6.321986951939781108e+00,2.559406305548738487e+02,7.282579303293013595e+01,-3.959231494788822374e+02,5.786599914876211059e+00,5.516902117500468421e+02,-5.274624117710541071e+01,1.370378752286945883e+02,-5.193506257939999387e+02,-2.491053395897033695e+01,4.697953387431656580e+01,-7.117859942050000654e+02,3.400445396343073980e+02,4.480572675149999782e+02,-2.475794691078762355e+02,2.282919781834339901e+01,1.975715822634416838e+02,-1.072621511737422821e+02,-3.335513410959836165e+02
8.475304615384615659e+01,-1.447071428571428342e+01,-1.862491137988848777e+02,-6.448346160890504386e+00,2.693668402680195868e+02,7.707395589047537499e+01,-4.390774726090793365e+02,5.747023317706080547e+00,5.906626668711237471e+02,-5.596124072924664716e+01,1.386088726442596624e+02,-6.024465675151001278e+02,-2.501010759555535046e+01,4.897769250638942395e+01,-7.374033256699999583e+02,3.567879812615058768e+02,4.830197935487693712e+02,-2.639640322878788083e+02,2.276120849996664930e+01,1.949112016850956763e+02,-1.156512123124904434e+02,-3.553322265016824417e+02
8.430083846153846139e+01,-1.437409523809524003e+01,-1.893987934539227922e+02,-6.393941513066505600e+00,2.582277972865222750e+02,7.336610157609220551e+01,-3.832828859266696782e+02,5.881214624137584224e+00,5.418425829701928933e+02,-5.263139155658576129e+01,1.432412418521722941e+02,-5.082455850815999270e+02,-2.557992778898928066e+01,4.701077001903357910e+01,-6.981204874240000890e+02,3.344509781767218897e+02,4.440409540996922146e+02,-2.529732551370838678e+02,2.372262179948357641e+01,2.045239492172526354e+02,-1.134451431704441262e+02,-3.244424639240749570e+02
8.350781794871795682e+01,-1.444466666666666832e+01,-1.882208743911080262e+02,-6.480572248357511000e+00,2.576671244058185835e+02,7.405409194642842863e+01,-4.042256206587873635e+02,5.831424800694954058e+00,5.674103988404744996e+02,-5.478636180944239698e+01,1.406909357645215835e+02,-5.495970339475001083e+02,-2.600645157608783009e+01,4.770621072121326023e+01,-7.471875693333331583e+02,3.440405234678252668e+02,4.647208356835736822e+02,-2.481625612056619161e+02,2.330863085871079932e+01,1.952373134999272679e+02,-1.130669328231223574e+02,-3.396928382560989235e+02
8.515412820512820247e+01,-1.391804761904761989e+01,-1.910849812295667220e+02,-6.489579848098842696e+00,2.597131758934046388e+02,7.631873048422521322e+01,-4.298446428720585573e+02,5.817100831769449698e+00,5.659766484984453427e+02,-5.592086735480042137e+01,1.436536329895460824e+02,-5.851671096570000827e+02,-2.581636729369922278e+01,4.854890188970864529e+01,-7.100424778200000446e+02,3.516652635987463213e+02,4.786725506196443121e+02,-2.628034774279742010e+02,2.307057904766897138e+01,1.994107943744245119e+02,-1.153486971273445221e+02,-3.382550860417388208e+02
8.258122307692308084e+01,-1.437423809523809659e+01,-1.793297931355710091e+02,-6.450413476820484604e+00,2.582326490483249586e+02,7.435039253049814079e+01,-4.018571990965068608e+02,5.724572552114866042e+00,5.628683023582752867e+02,-5.285113120514927232e+01,1.302985333550704183e+02,-5.766084420600000158e+02,-2.497263051904595699e+01,4.584352708825563383e+01,-7.405836244800001396e+02,3.183690074275835968e+02,4.257230837513702113e+02,-2.546121882563209624e+02,2.240061795641589271e+01,1.851829626621433249e+02,-1.108388032794779434e+02,-3.248970427927025071e+02
8.323450769230768742e+01,-1.454476190476190567e+01,-1.912896184607625116e+02,-6.372033963645323595e+00,2.625910517324841180e+02,7.445868161596015966e+01,-3.791806877279277046e+02,5.787167598842725802e+00,5.551660350874743699e+02,-5.372495730258930990e+01,1.378879662726344009e+02,-5.331246729759999425e+02,-2.552848954397182268e+01,4.733393375686311799e+01,-7.311101859466665474e+02,3.239690884083783544e+02,4.508601188516668685e+02,-2.546700918501750834e+02,2.328804083898230459e+01,1.957985557117778512e+02,-1.098697291859991196e+02,-3.249796463205410078e+02
8.494774871794871274e+01,-1.462685714285714411e+01,-1.994024288511795930e+02,-6.518685411327442836e+00,2.727730662281534819e+02,7.640726568898948301e+01,-4.438396657303982238e+02,5.828084118525411306e+00,5.756008321290431695e+02,-5.553436269233483813e+01,1.459337833410960741e+02,-5.868899441968500241e+02,-2.583910648161078427e+01,4.848297827292596907e+01,-7.593846336090000477e+02,3.548876484889046310e+02,4.657682652123608591e+02,-2.781398924093240907e+02,2.366624605798991965e+01,2.113186905073920059e+02,-1.198323089430589192e+02,-3.474974555072336102e+02
8.546624230769231190e+01,-1.395133333333333425e+01,-1.949623461066227605e+02,-6.408657124064069066e+00,2.815260747279988891e+02,7.700927531533358206e+01,-4.030443475981901997e+02,5.906257458397509374e+00,5.666963217817597069e+02,-5.646977158793450968e+01,1.466500067400103262e+02,-5.592605687400001671e+02,-2.573928601850214903e+01,5.004418450728999090e+01,-6.728791602749998901e+02,3.493301490134107894e+02,4.886203309511251405e+02,-2.730332568925276746e+02,2.411985813822985136e+01,2.135033338750886287e+02,-1.183868036441510441e+02,-3.492784671126661351e+02
8.236108076923076737e+01,-1.535095238095238024e+01,-1.765330130582349000e+02,-6.424019579953567316e+00,2.455627771999566846e+02,7.173762884233944703e+01,-4.275213506732036990e+02,5.629883641132211736e+00,5.286366001086925053e+02,-5.418590287257281091e+01,1.310351411980308001e+02,-5.635317695256002253e+02,-2.468129662398854407e+01,4.691397560924421128e+01,-7.825026526319999221e+02,3.399599007272934159e+02,4.386288490240385158e+02,-2.505035907255096674e+02,2.211468036289477368e+01,1.878492057966676327e+02,-1.077630166317330804e+02,-3.407931790667404357e+02
8.416842948717949469e+01,-1.514157142857142802e+01,-1.968668511045959235e+02,-6.477113130880691294e+00,2.726256705424105462e+02,7.658318354960839258e+01,-4.219904758212782099e+02,5.809757041987703374e+00,5.939986001505682225e+02,-5.601659471370980015e+01,1.471624453557913341e+02,-5.721386364628002639e+02,-2.602343336092004122e+01,4.881690345363997352e+01,-7.747302820106666559e+02,3.520215452965451846e+02,4.798150389850513875e+02,-2.651015694473807116e+02,2.347830156807456703e+01,2.030383104741053160e+02,-1.155898233027934765e+02,-3.540022348479096195e+02
8.276777179487180547e+01,-1.423152380952381080e+01,-1.805092803226690421e+02,-6.337089545040327287e+00,2.624299519227649284e+02,7.400009901720680716e+01,-4.016970994189005069e+02,5.717764027694408391e+00,5.656770639696873104e+02,-5.479234839839590876e+01,1.367602370064351476e+02,-5.587579303592002589e+02,-2.524166804064309133e+01,4.802109926114262350e+01,-7.130640118506667022e+02,3.421650116703438016e+02,4.784743311793336034e+02,-2.572752741314219520e+02,2.248405947244139824e+01,1.991500565702986307e+02,-1.111402703623313357e+02,-3.395650031812340899e+02
8.500839615384614945e+01,-1.349171428571428777e+01,-1.891651602842757995e+02,-6.190165357099902010e+00,2.600465724845054183e+02,7.578655548599834901e+01,-4.142013469887241968e+02,5.728586007777797029e+00,5.488791585555635493e+02,-5.270305053905786252e+01,1.389947103645414757e+02,-5.503654752816001974e+02,-2.489224211051700308e+01,4.702777460335895654e+01,-6.661742648000000599e+02,3.427465372637434484e+02,4.653375493146153872e+02,-2.612619192032192927e+02,2.283967475284400450e+01,2.026906043400232988e+02,-1.116902800509342200e+02,-3.240748982059234322e+02
8.534022820512819862e+01,-1.415214285714285758e+01,-1.923044383092783676e+02,-6.380538485737577759e+00,2.726862630039020701e+02,7.687931012694761534e+01,-4.371810043740272249e+02,5.796753354397300662e+00,5.873242978378109456e+02,-5.592471822924820657e+01,1.450657843589279707e+02,-5.727264266339999494e+02,-2.556330699492023939e+01,4.923596852449220762e+01,-7.226205024299998740e+02,3.678380649976875247e+02,4.825124236524036974e+02,-2.685995094808661179e+02,2.319410483518878863e+01,2.050160929382786321e+02,-1.141808132399893196e+02,-3.533311467661324059e+02
8.536244615384615031e+01,-1.522590476190476316e+01,-1.974140646258011600e+02,-6.592045915659728195e+00,2.775429660309225142e+02,7.635242343678569910e+01,-4.626937131580089613e+02,5.857653777292979314e+00,5.792911242400408582e+02,-5.766150199478975225e+01,1.518420804035771710e+02,-5.998791329715002121e+02,-2.639172346287791981e+01,4.997987075102223997e+01,-7.510154550199998766e+02,3.763283890650261014e+02,4.832243123370095077e+02,-2.891501890496321039e+02,2.377173733216170959e+01,2.174490381374849335e+02,-1.211818523295085583e+02,-3.634640843232895122e+02
8.146215256410256700e+01,-1.315042857142857358e+01,-1.742447211706566748e+02,-6.052903529296733254e+00,2.377476878785284384e+02,7.109574145767932407e+01,-3.789172116460860593e+02,5.584524563287781795e+00,5.255892089181329538e+02,-5.081828935405461323e+01,1.297654849030240598e+02,-5.056862624519999940e+02,-2.387736687941629654e+01,4.550604089701896982e+01,-6.578110421073332645e+02,3.249952128609008355e+02,4.633660939115836186e+02,-2.315190191521010092e+02,2.155842930895015641e+01,1.811259906652836662e+02,-1.009847513842678808e+02,-3.168953877813035547e+02
8.460282820512819058e+01,-1.426157142857142723e+01,-1.868103908934415074e+02,-6.457629962374930699e+00,2.653001910171578288e+02,7.604329723335777658e+01,-4.386333206695297235e+02,5.793395237633748529e+00,5.844102667321275248e+02,-5.569336377348614775e+01,1.430345582903294712e+02,-5.868474200496001458e+02,-2.579176579747684173e+01,4.872265485123704565e+01,-7.664992903786668421e+02,3.525656650912624173e+02,4.713320459421026953e+02,-2.669952228130477465e+02,2.322619320758940020e+01,2.026340212095684876e+02,-1.146887742397055234e+02,-3.458490250550701148e+02
8.118035128205127648e+01,-1.455309523809524030e+01,-1.817622686700669590e+02,-6.495711665804883239e+00,2.620759699177609150e+02,7.413531928598631282e+01,-4.342277496714299332e+02,5.686674659741560944e+00,5.452458321012497890e+02,-5.604499671659469584e+01,1.368899899532495112e+02,-5.962237246991998063e+02,-2.535601832554849011e+01,4.789713047495388309e+01,-7.366750497599999790e+02,3.481594232684104213e+02,4.629428888221665375e+02,-2.589700644615704164e+02,2.244816797283451493e+01,1.909438765643950262e+02,-1.119683403264046859e+02,-3.499685156148385090e+02
8.415631923076924181e+01,-1.438161904761904886e+01,-1.929930174602690442e+02,-6.454263370659812260e+00,2.731932655452255858e+02,7.729447200434410092e+01,-4.313338953411765146e+02,5.792443483272214699e+00,5.781458510101145976e+02,-5.675822760192141203e+01,1.435131449759010707e+02,-6.047915303324999741e+02,-2.567193050171028901e+01,4.950211465671841182e+01,-7.183523357499999520e+02,3.552141464118952854e+02,4.992295272025673398e+02,-2.676723078695653157e+02,2.309841008392395523e+01,2.002914909009601558e+02,-1.173339296248465189e+02,-3.563802637833352946e+02
8.376468076923077888e+01,-1.454866666666666752e+01,-1.919718674208040454e+02,-6.441381243364048714e+00,2.707706919481803425e+02,7.575236416918680504e+01,-4.308802820757692871e+02,5.783996983118147917e+00,5.750762895039466684e+02,-5.577173901165105718e+01,1.413088227547807492e+02,-5.827338042036000161e+02,-2.551884535110794161e+01,4.882785035743413715e+01,-7.231762870639998937e+02,3.554785149739340682e+02,4.717957651080512278e+02,-2.639870032838504130e+02,2.309265874915939776e+01,1.979054008709733523e+02,-1.126013691878101213e+02,-3.532345992520258733e+02
8.200460512820512804e+01,-1.539133333333333375e+01,-1.762092970482140970e+02,-6.449062538032707792e+00,2.599898889625641232e+02,7.420173845232683618e+01,-4.231073809187059283e+02,5.665286034185900377e+00,5.876974051683583866e+02,-5.587541010217343995e+01,1.300323482661790990e+02,-5.999542563014999814e+02,-2.481104473228606366e+01,4.805970533652870103e+01,-8.014184413866664727e+02,3.398506933628592037e+02,4.634262778926043325e+02,-2.639569830187169259e+02,2.208971556850035967e+01,1.898003841419396451e+02,-1.083033374702692555e+02,-3.439306689780760848e+02
8.412224358974357585e+01,-1.421242857142857119e+01,-1.763056947907450365e+02,-6.360241639925064305e+00,2.579312717571168037e+02,7.616251721487894599e+01,-4.128566317790225639e+02,5.693088584604825364e+00,5.791856526436580452e+02,-5.652940672594183269e+01,1.325417787127728673e+02,-5.996703839363999577e+02,-2.471069985254453982e+01,4.909290527467298659e+01,-6.748702882879998697e+02,3.377281138077672153e+02,4.725074733607884241e+02,-2.494152273685936336e+02,2.191079189671529193e+01,1.815677892747114868e+02,-1.086041673268870795e+02,-3.492604746061222727e+02
8.433728461538461829e+01,-1.445566666666666578e+01,-1.991120359644986877e+02,-6.455810732044279909e+00,2.808394471572202633e+02,7.689109557617733515e+01,-4.305372085622603890e+02,5.814897411119854809e+00,5.840407970116175420e+02,-5.618454652732113175e+01,1.469048954463953578e+02,-5.770157232561499541e+02,-2.576755822397835516e+01,4.940711855035531386e+01,-7.693346385663334104e+02,3.672461855903004562e+02,4.901411600113749500e+02,-2.703957550079408065e+02,2.353663838108176520e+01,2.096144183785738448e+02,-1.185009488396610635e+02,-3.671052951525063008e+02
8.166747564102564638e+01,-1.501276190476190564e+01,-1.900091637915245144e+02,-6.411647977189233849e+00,2.634578491403204339e+02,7.556806105449697952e+01,-4.452984106326243250e+02,5.664100765314016073e+00,5.808117032711298862e+02,-5.643956792556572566e+01,1.379133514334630775e+02,-6.207663768899999468e+02,-2.467224627691179606e+01,4.880215946091917090e+01,-7.993893384000001561e+02,3.574943976891829607e+02,5.013716568599360244e+02,-2.606427491453463858e+02,2.224330516997311946e+01,1.916305212458898950e+02,-1.116124082462018237e+02,-3.629864692087393223e+02
8.318472051282050472e+01,-1.439633333333333276e+01,-1.820761979575718499e+02,-6.344398939313680152e+00,2.589476129448753454e+02,7.512286644590493268e+01,-4.228957067100474774e+02,5.698942059940897309e+00,5.546697578480312814e+02,-5.511041124162306915e+01,1.362677702090661285e+02,-5.757146666855998092e+02,-2.503277609373874313e+01,4.803384646743956665e+01,-6.899810120190001044e+02,3.451006388556502316e+02,4.677596634123750050e+02,-2.624213279991489003e+02,2.242721827922803612e+01,1.970473923211768010e+02,-1.123373570091799252e+02,-3.300780450410105118e+02
8.459024615384615231e+01,-1.424233333333333285e+01,-1.923277370765239880e+02,-6.453486955690983962e+00,2.773057603604113410e+02,7.576626180888897011e+01,-4.055209007795633624e+02,5.880968384050073716e+00,5.417061083295002391e+02,-5.656237135580745701e+01,1.461156773008506775e+02,-5.640907309947000385e+02,-2.626637282184125155e+01,4.967519995853832881e+01,-6.260134476960000711e+02,3.471176963620703759e+02,4.937968124505001128e+02,-2.597784643685727133e+02,2.364939669897607999e+01,1.985907591672801118e+02,-1.174420197634733967e+02,-3.477951849056221931e+02
8.431420128205127185e+01,-1.468504761904761935e+01,-1.922299571032980907e+02,-6.432692647074133241e+00,2.748459614897636243e+02,7.610248573536850358e+01,-4.201276704277649401e+02,5.815745148720698587e+00,5.885738166118259187e+02,-5.792853660395218895e+01,1.427509588401348140e+02,-5.825861862128000439e+02,-2.574577839528438261e+01,5.067779192698449720e+01,-7.457623555946664737e+02,3.622592888302318102e+02,5.136276234983879476e+02,-2.683171808953194954e+02,2.303119261963311004e+01,2.081568116828055963e+02,-1.159070577325813218e+02,-3.766558473592310179e+02
8.280506153846154405e+01,-1.400376190476190352e+01,-1.781521283173535721e+02,-6.263962389962599353e+00,2.466816329973949564e+02,7.274045143104081035e+01,-3.819641463880024048e+02,5.705065275618640186e+00,5.295942554544839140e+02,-5.171854365703272549e+01,1.320216841078348580e+02,-5.105896992265999188e+02,-2.469293642934012922e+01,4.621904478811723749e+01,-6.726410380106666480e+02,3.252844025283802694e+02,4.313140424434872671e+02,-2.418371474277748518e+02,2.235854653003109860e+01,1.888227738217099159e+02,-1.049138273386200808e+02,-3.186637477535435892e+02
8.460738333333333117e+01,-1.428376190476190466e+01,-1.814017341104980403e+02,-6.398558146190247875e+00,2.677413999508952998e+02,7.641684132481854874e+01,-3.990783168095294400e+02,5.857853516701622354e+00,5.887429517956874179e+02,-5.544160949438624186e+01,1.388678767107163878e+02,-5.484952312591501595e+02,-2.541951595081348714e+01,4.943822913887119341e+01,-6.945248824920000743e+02,3.456778377043422665e+02,4.626598846830623870e+02,-2.458511416636661124e+02,2.318433638308387756e+01,1.922412507850582131e+02,-1.117766668626725561e+02,-3.433815020003076484e+02
8.254860512820512497e+01,-1.487771428571428878e+01,-1.891997526552972886e+02,-6.354204845503789834e+00,2.672509348419199000e+02,7.491203776711775220e+01,-4.318944260620113482e+02,5.656622488788870307e+00,5.842807339368833937e+02,-5.593725678308932459e+01,1.403686738069415583e+02,-5.895369893668503209e+02,-2.507935827154219055e+01,4.867442191978344113e+01,-7.932446577720000960e+02,3.598052375743242806e+02,4.983407588745608905e+02,-2.624777835114749678e+02,2.245131565833225551e+01,1.973111983242723966e+02,-1.114477949983181588e+02,-3.590260514834340029e+02
8.245245512820513056e+01,-1.408095238095238066e+01,-1.841382411505009600e+02,-6.301792018310154120e+00,2.659941683241183910e+02,7.271830049747767077e+01,-3.751159327610517948e+02,5.785124558020716456e+00,5.321079060235480256e+02,-5.402572738485761761e+01,1.374882093947063026e+02,-5.199839439829999037e+02,-2.494720068378967426e+01,4.758478855981616817e+01,-6.562682292599998846e+02,3.239974649035765992e+02,4.439814960212690949e+02,-2.645841977753568131e+02,2.296103147331503891e+01,2.016179502856283250e+02,-1.132433569422357635e+02,-3.311017783027401151e+02
8.527339615384616422e+01,-1.517466666666666342e+01,-2.097966438169380865e+02,-6.702065453820598151e+00,3.062057230279881423e+02,8.103401307701287237e+01,-4.947853575160543187e+02,5.956971209792785160e+00,6.419994382582258368e+02,-6.229421797987421883e+01,1.549867407916728723e+02,-6.679029385223997224e+02,-2.701389542218626971e+01,5.370466627969074835e+01,-8.307266667279999410e+02,4.059272899492818851e+02,5.476741086523943522e+02,-2.892645728679846684e+02,2.447491652303178000e+01,2.193251175750842492e+02,-1.274898954301297636e+02,-4.063806437638943976e+02
8.273565384615383778e+01,-1.438880952380952394e+01,-1.841650039017916924e+02,-6.438057814753962660e+00,2.755651847496499158e+02,7.602226034929599052e+01,-4.142751430074703762e+02,5.800571505654475324e+00,5.801888945041562238e+02,-5.735086945191270047e+01,1.377976713610080139e+02,-6.032591569913997773e+02,-2.570822274159461429e+01,4.975026507363187989e+01,-6.775039906570000312e+02,3.424233001922318067e+02,4.905932410203748191e+02,-2.579140084456146269e+02,2.279621053380472162e+01,1.917079886960933095e+02,-1.126485277786643167e+02,-3.468767755221348352e+02
8.294232820512820581e+01,-1.378557142857142814e+01,-1.660167661588971271e+02,-6.128652582569052321e+00,2.487366283409326400e+02,7.188528026776261015e+01,-3.497920599589276094e+02,5.652152692323116234e+00,5.612590630046252045e+02,-5.215596313133445960e+01,1.271143328082735593e+02,-5.252954027490000044e+02,-2.391173519316020801e+01,4.594568384634118985e+01,-7.015674374279998347e+02,2.970727567857706504e+02,4.518791416912500836e+02,-2.326791904911928839e+02,2.158361845339509344e+01,1.718027262006620219e+02,-1.014477963530381430e+02,-3.091300648554428676e+02
8.242035769230768949e+01,-1.464423809523809616e+01,-1.916583612977120765e+02,-6.514313873032211433e+00,2.711062771351575975e+02,7.400834083731454882e+01,-4.573162258267058746e+02,5.772999887110793260e+00,5.280640826340337526e+02,-5.731115685314018293e+01,1.441682654962816059e+02,-5.905094120639998891e+02,-2.548726565481464945e+01,4.938179239604530579e+01,-7.184556396159999849e+02,3.710728363518458650e+02,4.803399316776921069e+02,-2.671821835857609813e+02,2.302766810928200414e+01,2.044762161618340031e+02,-1.166497714947592357e+02,-3.808420736478137769e+02
8.346045641025642681e+01,-1.485733333333333128e+01,-1.908520434776970376e+02,-6.505661242083777829e+00,2.620265410857467145e+02,7.220056895625663174e+01,-3.980460893470587393e+02,5.890539101297543212e+00,5.348317291119805077e+02,-5.449433802667771687e+01,1.372155979698084707e+02,-5.396287930799998094e+02,-2.564330897256780162e+01,4.782029563979938303e+01,-7.191572752000000719e+02,3.323407245012861608e+02,4.608261221610575831e+02,-2.534019607750549028e+02,2.362256629553527887e+01,1.984977356461190823e+02,-1.111349528592992186e+02,-3.325391362006047871e+02
8.420952435897436317e+01,-1.421980952380952345e+01,-1.954184199402950810e+02,-6.406546486586365496e+00,2.815383282495080266e+02,7.590291584966276162e+01,-4.189048009467148859e+02,5.829251476105524077e+00,5.686623575478306520e+02,-5.674820279691015656e+01,1.423311666308808299e+02,-5.861843316601999732e+02,-2.564205782532301114e+01,4.982025082566916296e+01,-7.125132553293334468e+02,3.531913180197406632e+02,5.008654374654518051e+02,-2.705485909859519893e+02,2.347847148014137630e+01,2.070408152265963508e+02,-1.149375623488206202e+02,-3.610886357591026581e+02
8.285156666666667036e+01,-1.501590476190476053e+01,-1.881417213149470342e+02,-6.481880098587265771e+00,2.790190677695536579e+02,7.621365244996047750e+01,-4.384123928156175225e+02,5.745506636371541909e+00,5.706461840408126136e+02,-5.655478706621116203e+01,1.401040764887616206e+02,-6.138348644085000387e+02,-2.522054404445032461e+01,4.892588423711401191e+01,-7.583445502350000424e+02,3.509344491595355748e+02,4.764652399243748846e+02,-2.803833621685092226e+02,2.281728990348864272e+01,2.041636971757686752e+02,-1.189451239545358732e+02,-3.633336444713734750e+02
8.315035769230769347e+01,-1.490790476190476177e+01,-1.885548485514663923e+02,-6.454903126943171365e+00,2.654865881395844553e+02,7.560946614835059165e+01,-4.175888396544526131e+02,5.754754388185231662e+00,5.871911522456995272e+02,-5.665694616817860663e+01,1.390618699637536508e+02,-5.801472766980000415e+02,-2.567912871794698759e+01,4.915814248986357171e+01,-7.623532989000000271e+02,3.496319276824884810e+02,4.856890515438461762e+02,-2.498987901398496376e+02,2.278113193572815831e+01,1.924247310398904744e+02,-1.136445855727338170e+02,-3.551641421544608193e+02
8.417220000000000368e+01,-1.445295238095238233e+01,-1.883988959299888677e+02,-6.338614075232651857e+00,2.581473981493804786e+02,7.450980150444505057e+01,-3.989785747394121245e+02,5.802737574682731214e+00,5.583800713638959223e+02,-5.386750841134765011e+01,1.414091940995410539e+02,-5.242710818399999653e+02,-2.536496540465291716e+01,4.815200836548670082e+01,-6.929743714666668666e+02,3.498753670525792359e+02,4.750009802833333765e+02,-2.480907468251814123e+02,2.308950266603832091e+01,1.987772912289302667e+02,-1.110198128997592448e+02,-3.376695373792430246e+02
8.240871025641025938e+01,-1.457785714285714462e+01,-1.850483766797853491e+02,-6.350215132721741540e+00,2.592877940005471942e+02,7.421815549996168215e+01,-3.936752411817014377e+02,5.720498460938237884e+00,5.660335562623910164e+02,-5.271070748153847774e+01,1.336345112658156040e+02,-5.500914225239999951e+02,-2.480402399262013091e+01,4.657258197665704103e+01,-7.343867079039999908e+02,3.281168148543653729e+02,4.443034445396795036e+02,-2.553224670240737169e+02,2.259666215997291516e+01,1.949767128510055727e+02,-1.102445962985660373e+02,-3.308562585312377564e+02
8.375664358974358947e+01,-1.411076190476190462e+01,-1.970342120454266137e+02,-6.413473665065257734e+00,2.779571557735901024e+02,7.701802434903729022e+01,-4.519377143697148540e+02,5.785046419855293998e+00,5.891252817687594643e+02,-5.742627514654544285e+01,1.472951857429301299e+02,-6.092290332134998607e+02,-2.541315532217268114e+01,5.040515130433149693e+01,-7.281486640120000402e+02,3.762437869526629015e+02,5.105926465813316781e+02,-2.727721256153217269e+02,2.302119226894622273e+01,2.074922930662499994e+02,-1.160121359283102578e+02,-3.727150912053884895e+02
8.528219999999998890e+01,-1.482866666666666866e+01,-2.041149412160068835e+02,-6.566912348105148567e+00,2.793505354340704230e+02,7.660610255380211697e+01,-4.464895972335884835e+02,5.966845101128291695e+00,5.841999372477395127e+02,-5.652060010637340781e+01,1.511348197667299758e+02,-5.837105658826000081e+02,-2.664546745381110071e+01,4.981977608608288222e+01,-7.759937322626666401e+02,3.704013001043401232e+02,4.925003920727501168e+02,-2.725239531339261703e+02,2.436936790758851146e+01,2.162715989736510380e+02,-1.195918939372967031e+02,-3.668804873568719245e+02
8.371815256410255301e+01,-1.502328571428571635e+01,-1.934740422889597085e+02,-6.456639804807511318e+00,2.746527381689228378e+02,7.672345166013255380e+01,-4.362903813361447192e+02,5.814365655905294972e+00,5.951104712399743448e+02,-5.667136935732418834e+01,1.442298967738134365e+02,-5.917159830643998930e+02,-2.576757715595835663e+01,4.970253650601528506e+01,-7.579635360493335838e+02,3.667588556989563244e+02,4.998227982100929125e+02,-2.642675523633217267e+02,2.311898668076358376e+01,2.037848616108374529e+02,-1.157663909487503986e+02,-3.629552161304162041e+02
8.365439230769230505e+01,-1.503538095238095273e+01,-1.916399655627947993e+02,-6.508070274870005889e+00,2.838491199917478980e+02,7.603035355665295469e+01,-4.148214854045475022e+02,5.814583309329464100e+00,5.811358854182660707e+02,-5.476098351857861957e+01,1.382874359122677390e+02,-5.899707242040499295e+02,-2.576812250026020124e+01,4.761005768378069547e+01,-7.660963868646667834e+02,3.361772510221626362e+02,4.534030224270816802e+02,-2.897117924071573611e+02,2.347381058613095917e+01,2.068410333178080123e+02,-1.157410791855530192e+02,-3.296011953097405467e+02
8.515758205128206271e+01,-1.476380952380952394e+01,-1.935297667323262090e+02,-6.536419952278618162e+00,2.722755940218972910e+02,7.697663555812061986e+01,-4.086261196758757137e+02,5.890946151091028149e+00,5.985866893517357994e+02,-5.558438154742562887e+01,1.432118556409526207e+02,-5.540496483719999787e+02,-2.587677588244621063e+01,4.912479783165834846e+01,-7.578480118000002221e+02,3.473460843172293266e+02,4.598828737742882140e+02,-2.620283886064768808e+02,2.387412355009356446e+01,2.032385015410432345e+02,-1.168939522737606751e+02,-3.372993781086562990e+02
8.327029487179487433e+01,-1.484642857142857153e+01,-1.968279042798644127e+02,-6.532644683679397879e+00,2.808333127578304698e+02,7.633050480794572934e+01,-4.505516857493079215e+02,5.793947414135758756e+00,5.853664653156706663e+02,-5.761426495989996255e+01,1.470616100251154137e+02,-6.112453147500001478e+02,-2.596689701839743947e+01,4.985950516209926775e+01,-7.606521233499998971e+02,3.709652000333384763e+02,5.010907649110579314e+02,-2.799042206510538904e+02,2.338431500383335049e+01,2.113853128464915017e+02,-1.159881908059558384e+02,-3.805177449736236781e+02
8.476183076923076953e+01,-1.445766666666666467e+01,-1.976320077007476925e+02,-6.433544384953620465e+00,2.665848448885708990e+02,7.582062352550997275e+01,-4.412281719898821848e+02,5.820042543594473372e+00,5.625895628089973570e+02,-5.543067548316606263e+01,1.469314766397418168e+02,-5.642844133674002478e+02,-2.601424463735219206e+01,4.889138956410351966e+01,-7.236016653000000360e+02,3.705917350263117669e+02,4.773243148133557838e+02,-2.634554796460318471e+02,2.350713338015010123e+01,2.081208115490743467e+02,-1.148835239632491039e+02,-3.576230992563584437e+02
8.423482948717949625e+01,-1.430352380952380820e+01,-1.967416452400216826e+02,-6.502341635147087295e+00,2.723262882871724173e+02,7.710624085290722007e+01,-4.396563150943892992e+02,5.821199375983876045e+00,5.890660019130674527e+02,-5.714854690851196750e+01,1.478427123873052267e+02,-6.022351859571998602e+02,-2.608947946765336923e+01,4.976049458726075869e+01,-7.358038568960000703e+02,3.642999525375576013e+02,5.024053223770865770e+02,-2.646028949271000101e+02,2.356367899481915984e+01,2.025830485878431944e+02,-1.199410251461247441e+02,-3.484085149740100746e+02
8.495516538461538403e+01,-1.437014285714285755e+01,-1.860020056230553109e+02,-6.467349801479359783e+00,2.677601500595383754e+02,7.758213159453912056e+01,-4.220103903994390748e+02,5.877804111668452514e+00,5.818767764850766753e+02,-5.586318879326508835e+01,1.383547549472550315e+02,-5.682364978975997474e+02,-2.564068657886835467e+01,4.935255163142260670e+01,-6.989344360506667044e+02,3.522436429761797854e+02,4.648784204834360594e+02,-2.573191953816205455e+02,2.337758707035329664e+01,1.971947648311579542e+02,-1.150997393712803216e+02,-3.293956802763380551e+02
8.525662820512820872e+01,-1.437938095238095215e+01,-2.009206544938711545e+02,-6.467791965467966087e+00,2.843148788858379135e+02,7.739407611317045621e+01,-4.040159355978236704e+02,5.962065483544527034e+00,5.874587605287404131e+02,-5.727585876889877170e+01,1.513939300232930236e+02,-5.415084029627998916e+02,-2.628528641920163977e+01,5.093250668951762350e+01,-6.797876024160000270e+02,3.668992895340647920e+02,5.042247180927948875e+02,-2.631224879529582381e+02,2.422982112912560737e+01,2.113313127866748005e+02,-1.175031696725864947e+02,-3.683697850471547781e+02
8.433612179487180072e+01,-1.478914285714285626e+01,-1.951453299820556140e+02,-6.430959982885193327e+00,2.679769621370281243e+02,7.365383494136830222e+01,-3.989638162723030064e+02,5.838367733868827791e+00,5.528650982805107787e+02,-5.454773761428303658e+01,1.412230157485609823e+02,-5.511360222666000936e+02,-2.578927176548812028e+01,4.786335452474424557e+01,-7.426929878999999346e+02,3.372354474247783855e+02,4.646159249112178031e+02,-2.579103192103289643e+02,2.348307047379455526e+01,2.016813305300370018e+02,-1.115996968935219940e+02,-3.476306426958034308e+02
8.389198846153846034e+01,-1.444947619047619014e+01,-1.943439613452966910e+02,-6.458321854056952027e+00,2.710194855783994967e+02,7.752862113124815835e+01,-4.184580087922803955e+02,5.818488439565363990e+00,6.102080834105361191e+02,-5.574399341089431203e+01,1.411879127220953478e+02,-5.836976128052999684e+02,-2.597589351116119971e+01,4.886010998019781937e+01,-7.619803096140000207e+02,3.500997780941031010e+02,4.722942718105093718e+02,-2.575472463020500982e+02,2.338178624996543675e+01,1.961915361490461009e+02,-1.153897402241826740e+02,-3.495502517219308629e+02
8.410067820512820447e+01,-1.475695238095238082e+01,-2.027895403394814480e+02,-6.590709210731640511e+00,2.777839189763908507e+02,7.630443301899478570e+01,-4.507666468573755765e+02,5.805599983367923045e+00,5.719248483638904190e+02,-5.835856181314724722e+01,1.493859949279922716e+02,-6.092986440784000024e+02,-2.635777825514826134e+01,5.014665544018546939e+01,-7.558090428693335525e+02,3.711621031756027378e+02,4.878085730423587734e+02,-2.794834583206808247e+02,2.353339604043562261e+01,2.128553349656522471e+02,-1.199875072107527529e+02,-3.836685774482970146e+02
8.422155897435897032e+01,-1.535580952380952446e+01,-1.952667796090149466e+02,-6.613368222200930902e+00,2.679671054888653430e+02,7.582899391263052280e+01,-4.695408103601357652e+02,5.811512960004741046e+00,5.761659115130446480e+02,-5.845295146526886754e+01,1.462891448280263376e+02,-6.209221262720002414e+02,-2.633018045650252148e+01,5.022608674252261096e+01,-7.876291262933335702e+02,3.782589696212485251e+02,4.950767102444104921e+02,-2.722374561558229402e+02,2.342066928531158254e+01,2.092005438355865863e+02,-1.199485352578894606e+02,-3.597771258642207499e+02
8.209588974358973701e+01,-1.461304761904762017e+01,-1.742413825176424211e+02,-6.241546535207607604e+00,2.459904458695494327e+02,7.157606993191349432e+01,-3.716052268482355885e+02,5.652180134354430230e+00,5.359275370507356229e+02,-5.106035592830501457e+01,1.276444731570706352e+02,-5.189701130250000460e+02,-2.432181349812404747e+01,4.520909461368837867e+01,-7.127754952500000627e+02,3.115520231861811453e+02,4.274748853834938132e+02,-2.464410629035320426e+02,2.202735536862756760e+01,1.864601085289924072e+02,-1.034120073647535634e+02,-3.009252791521852259e+02
8.282605256410256800e+01,-1.447800000000000153e+01,-1.771417233742377846e+02,-6.324459952822629738e+00,2.538979549176061710e+02,7.438973744972321356e+01,-4.208940000041811231e+02,5.656327500458439239e+00,5.696266544026444762e+02,-5.535141307029928726e+01,1.324400797970780275e+02,-5.695606357616001105e+02,-2.493883998842034089e+01,4.802873970378725943e+01,-7.360178131600001734e+02,3.508952892122860590e+02,4.662056076757052097e+02,-2.477292142093369876e+02,2.190686161319412051e+01,1.893655990133058538e+02,-1.135532982770233161e+02,-3.470558872521833109e+02
8.273516153846153998e+01,-1.425761904761904830e+01,-1.859367596476566291e+02,-6.355041189795312739e+00,2.653810863092110139e+02,7.511687976100672870e+01,-3.986071094282645504e+02,5.781850143353809202e+00,5.737041564532715938e+02,-5.515447196390299922e+01,1.395574012029663322e+02,-5.540999865569999656e+02,-2.554733770434722118e+01,4.831878229331591967e+01,-6.987058334100000820e+02,3.399902212942485562e+02,4.733229817591828237e+02,-2.523774303527810332e+02,2.287332955285553737e+01,1.945535722944200927e+02,-1.117928195705363237e+02,-3.380633391283542437e+02
8.260558461538461472e+01,-1.428485714285714181e+01,-1.823157072034802297e+02,-6.296868874984878239e+00,2.510358186051219889e+02,7.211804432562503564e+01,-3.753970167401200797e+02,5.767061336562556484e+00,5.376065367407082931e+02,-5.253522119532869539e+01,1.321078347087484417e+02,-5.194690455412002166e+02,-2.463416839602753683e+01,4.683608233486848604e+01,-6.772698088693333602e+02,3.209444280931476214e+02,4.589278754259103152e+02,-2.488207983859871604e+02,2.277148448148229676e+01,1.919704478342020764e+02,-1.062905629578233402e+02,-3.138810088420753459e+02
8.556203846153846371e+01,-1.451466666666666860e+01,-1.972526294841562446e+02,-6.452652197817383417e+00,2.756990097532336108e+02,7.640761084004986969e+01,-4.496889613188509998e+02,5.855678438467531777e+00,5.596204884114157494e+02,-5.797020613299373082e+01,1.495809301103307973e+02,-5.825217022649999308e+02,-2.608995956771807911e+01,5.092891258644852570e+01,-6.665936153399999284e+02,3.817548372779655210e+02,4.904986952627886012e+02,-2.647888749687145378e+02,2.366421859220676893e+01,2.097364222881643059e+02,-1.164955536330034391e+02,-3.799051898141057109e+02
8.635982435897435039e+01,-1.453390476190476477e+01,-2.045361354001302061e+02,-6.556924247419584795e+00,2.842723985416242840e+02,7.834838159755531706e+01,-4.625603567840769870e+02,5.919743060197049545e+00,6.160680129491041725e+02,-5.764137456366773904e+01,1.558861814180945089e+02,-5.990556512934001603e+02,-2.662803947016409722e+01,5.080330893613746213e+01,-7.507925219340000922e+02,3.935504260390745230e+02,5.210917393391408723e+02,-2.735442539662302011e+02,2.412117826417475186e+01,2.166377203946221073e+02,-1.216259295160854634e+02,-3.833752236631077039e+02
8.258306538461538082e+01,-1.400461904761904819e+01,-1.843392188157095859e+02,-6.382245989524042429e+00,2.583289544249680034e+02,7.266838421776023438e+01,-3.859919296318100805e+02,5.759957597523563066e+00,5.343911512285269509e+02,-5.470796498216385828e+01,1.398424459980261929e+02,-5.269350079770001685e+02,-2.549575243648430245e+01,4.795496052056749647e+01,-6.783130629799999269e+02,3.379661720958346791e+02,4.641855692148366188e+02,-2.510275995237727216e+02,2.287775682030695990e+01,1.958681500566561624e+02,-1.115096847548263241e+02,-3.476095623324296753e+02
8.440456666666665342e+01,-1.508742857142856941e+01,-1.969040597038996907e+02,-6.498977422877466381e+00,2.729964388512250935e+02,7.737846855435014959e+01,-4.378118151419411106e+02,5.795775756932298961e+00,5.916712553199581635e+02,-5.641305029786062164e+01,1.450370807613787463e+02,-5.875146520144000988e+02,-2.565288395563176138e+01,4.950423311853894148e+01,-7.681494949333332443e+02,3.640868637430473882e+02,4.827882344780001631e+02,-2.673457354481939774e+02,2.333219603327559710e+01,2.032462796635013547e+02,-1.160572846933324342e+02,-3.591980089279120989e+02
8.460209358974358906e+01,-1.394585714285714317e+01,-1.967297510585339637e+02,-6.353087054041067994e+00,2.874370606723477977e+02,7.674586937192412961e+01,-4.052121834454612213e+02,5.911750029373004089e+00,5.757995642484805785e+02,-5.577026377300931159e+01,1.496298520271263044e+02,-5.427498551831999976e+02,-2.588818737781225110e+01,4.990913017222152348e+01,-6.714984781259998954e+02,3.620623765093715747e+02,5.061529266035382193e+02,-2.719483377641503239e+02,2.395289309155142732e+01,2.150672755017467068e+02,-1.182103273668543579e+02,-3.554049662709749100e+02
8.221303076923078379e+01,-1.458033333333333381e+01,-1.772910419170821967e+02,-6.401140046180516130e+00,2.582825458589546201e+02,7.258267018314435859e+01,-4.231032760393846957e+02,5.670510265943594419e+00,5.405940973051282299e+02,-5.533957012396800224e+01,1.350670910689121058e+02,-5.672142879839999523e+02,-2.481978922394228704e+01,4.781699235663791825e+01,-7.399162153180001269e+02,3.435471476516690927e+02,4.623391600511793058e+02,-2.579456306069512834e+02,2.217668599595983991e+01,1.917974608903176090e+02,-1.110536366950921234e+02,-3.510552855717374996e+02
8.066809999999999548e+01,-1.431666666666666821e+01,-1.694702520528664422e+02,-6.450582507330529403e+00,2.387733252292964892e+02,7.134948121807825316e+01,-3.945933735400001865e+02,5.557043928999955362e+00,5.198053142000311482e+02,-5.198646361059640952e+01,1.206129041124964800e+02,-5.658706209585001261e+02,-2.411992949945105025e+01,4.405561100355321003e+01,-8.009906682699999010e+02,2.962354655744762226e+02,3.892761210779999033e+02,-2.494035387736223868e+02,2.149164550077710345e+01,1.761638377616396269e+02,-1.079323294907398036e+02,-3.115429338758825111e+02
8.357741923076923740e+01,-1.457419047619047525e+01,-1.901074459729828448e+02,-6.629323611189797738e+00,2.773606779395544208e+02,7.511594899929066571e+01,-4.484280435662666946e+02,5.865028724511510028e+00,5.439910543442512108e+02,-5.508682967813103204e+01,1.402395628980544302e+02,-6.140406969448500831e+02,-2.653681503964832089e+01,4.720617632626156279e+01,-7.600732079499998690e+02,3.398214929414646690e+02,4.337645578110607971e+02,-2.757463636636452406e+02,2.352159913848963768e+01,2.024142614364460542e+02,-1.223456474975723012e+02,-3.384610901690114702e+02
8.540080256410254833e+01,-1.528490476190476244e+01,-2.018817354891578475e+02,-6.637241614617240160e+00,3.050075134550871212e+02,7.905383069508147287e+01,-4.842102458089144079e+02,5.898053285493834785e+00,6.031273191349331455e+02,-5.990567996718643684e+01,1.549918436243632129e+02,-6.553420027237499426e+02,-2.664885512172187632e+01,5.163804789308053955e+01,-7.503941911000001710e+02,3.879358271545873436e+02,5.117751818049648023e+02,-3.213778746849607160e+02,2.417517726878590167e+01,2.269178093489006471e+02,-1.283644641527490933e+02,-3.771008910155122749e+02
8.434611025641024185e+01,-1.451104761904761808e+01,-1.958336416298470510e+02,-6.420320203680452309e+00,2.804862109603889735e+02,7.678719649842631156e+01,-3.945378729345021611e+02,5.891231936709733219e+00,5.768397102202645783e+02,-5.635646716971609749e+01,1.474176522541688996e+02,-5.480954633700000613e+02,-2.601727487607152156e+01,4.953918627923403761e+01,-7.279391943599999877e+02,3.439312597625997228e+02,4.845692304698076782e+02,-2.707493085435095850e+02,2.384158748396657757e+01,2.102281110007638461e+02,-1.181270131893017208e+02,-3.629073476069158346e+02
8.303935769230770347e+01,-1.432814285714285774e+01,-1.921838143169181592e+02,-6.425916357130597056e+00,2.751711088266649199e+02,7.531434776404883280e+01,-4.375316699667329772e+02,5.762397866901070920e+00,5.808675749889799818e+02,-5.729414280639370816e+01,1.439171775951496386e+02,-5.872012341887997309e+02,-2.557224496388015922e+01,4.999281264595136776e+01,-7.721180609706666473e+02,3.638018429206658197e+02,5.066012766123973847e+02,-2.698395684719494625e+02,2.312779267001431549e+01,2.082998235489349099e+02,-1.169674318751651185e+02,-3.746145986025663888e+02
8.353315384615385142e+01,-1.515323809523809828e+01,-1.810894425582472991e+02,-6.472818362334179731e+00,2.646820676840808915e+02,7.763643585201856467e+01,-4.588589726276200622e+02,5.727887262369780075e+00,6.264036019957309236e+02,-5.701077806501825762e+01,1.333698774196081445e+02,-6.285730423615998461e+02,-2.498147736871410984e+01,4.966810291783626496e+01,-8.153331898240002147e+02,3.668435736907293858e+02,4.806664364616283365e+02,-2.626595095199301682e+02,2.228990818888773973e+01,1.910581087668512055e+02,-1.140954428043241222e+02,-3.432241665202117247e+02
8.260764615384616150e+01,-1.531371428571428339e+01,-1.988762652202791230e+02,-6.556395946265797470e+00,2.726417790487560637e+02,7.498545330474387072e+01,-4.631058637902895043e+02,5.739235797471276435e+00,5.812710151248281818e+02,-5.862111217857182766e+01,1.479632790372842237e+02,-6.207950502935998429e+02,-2.590831782281650675e+01,5.015664273544313545e+01,-8.402285614319999922e+02,3.742687995532975833e+02,5.122508249879998630e+02,-2.751084687494117702e+02,2.324815235399769975e+01,2.111295593689033581e+02,-1.197665936705838163e+02,-3.886526977886105669e+02
8.459607564102564936e+01,-1.479304761904761811e+01,-1.938557948325450013e+02,-6.438754850423554110e+00,2.794827963828303723e+02,7.786681962097514997e+01,-4.549372205889503107e+02,5.729214457258645865e+00,6.139566455098353117e+02,-5.728595789392907278e+01,1.403053818846966863e+02,-6.313042998712502367e+02,-2.532177698771738505e+01,4.964791660342299906e+01,-8.015529828610000322e+02,3.663631903807813046e+02,4.929680504227965798e+02,-2.722160179216405709e+02,2.282451506793632845e+01,2.011089456851226771e+02,-1.165567228795598425e+02,-3.694094831646108901e+02
8.313795769230769395e+01,-1.526395238095238227e+01,-1.915939410156896088e+02,-6.420974732338800450e+00,2.722860873017330618e+02,7.447144378749102600e+01,-4.341025751586514048e+02,5.763215875141722400e+00,5.421075148420001142e+02,-5.805269856669679029e+01,1.545621422793246325e+02,-5.732789177808000431e+02,-2.581911500552686434e+01,5.015651427987872069e+01,-7.143334735680001586e+02,3.691305227729292255e+02,4.937367215024231086e+02,-2.792857695866800327e+02,2.333066708933442257e+01,2.121486076339353133e+02,-1.193807721944958331e+02,-3.708154969544712003e+02
8.371417948717947866e+01,-1.520171428571428862e+01,-1.928435891030711957e+02,-6.521588184087389273e+00,2.710829537597609260e+02,7.723205019728121101e+01,-4.401436733144797699e+02,5.778965175660985665e+00,5.918000366436906461e+02,-5.603664908626929275e+01,1.393205777303698198e+02,-6.088731230999999298e+02,-2.566653025762337137e+01,4.834783174791888882e+01,-7.921336445000000595e+02,3.484259226736696746e+02,4.623882293004874100e+02,-2.685006255134051116e+02,2.305594161796297570e+01,1.969018549568320395e+02,-1.160996312949996394e+02,-3.424355571246631484e+02
8.389633589743590392e+01,-1.450080952380952404e+01,-1.831324120128005291e+02,-6.340077666641389165e+00,2.658802325472218513e+02,7.374997022232091126e+01,-3.626589160403780170e+02,5.847332693866705178e+00,5.651481034958896998e+02,-5.431233798154551806e+01,1.386685793568886709e+02,-5.207773119632498720e+02,-2.552661590767875666e+01,4.829456609744828199e+01,-6.978304664246667244e+02,3.227690030068222313e+02,4.695803115054184218e+02,-2.527663440445278411e+02,2.314366281097551692e+01,1.958934279232542508e+02,-1.113697284107523160e+02,-3.200867912730627722e+02
8.262762179487179992e+01,-1.389119047619047542e+01,-1.791210657143479636e+02,-6.242259486052152972e+00,2.472593147046793263e+02,7.318211522075580433e+01,-3.928212558780588211e+02,5.657026081368320192e+00,5.422900148158531692e+02,-5.175085325794375279e+01,1.347192934653501482e+02,-5.253924349855999480e+02,-2.456227993986843927e+01,4.574653674460910224e+01,-6.373655738239998527e+02,3.287217705849744789e+02,4.393613935317950450e+02,-2.533219629487144857e+02,2.219793954769954425e+01,1.930945618957394458e+02,-1.075834948822266739e+02,-3.084635433299753231e+02
8.292964102564101836e+01,-1.417985714285714316e+01,-1.787574228204658766e+02,-6.298483346768135149e+00,2.625663241923659257e+02,7.326339279979518437e+01,-3.852731424335566430e+02,5.728959096535687578e+00,5.534834349955000334e+02,-5.338460123884229347e+01,1.337340601894817667e+02,-5.467196567340000684e+02,-2.475920274994328096e+01,4.693130568502964906e+01,-6.949122349000000440e+02,3.238429101270003230e+02,4.495725998082212982e+02,-2.575106123568955923e+02,2.250777867705040336e+01,1.924222416337912875e+02,-1.096773774127415351e+02,-3.357512012293991006e+02
8.357512051282051857e+01,-1.444242857142857162e+01,-1.700601797168017129e+02,-6.249627625255269159e+00,2.415884962223702530e+02,7.241057735437730969e+01,-3.676062188585972876e+02,5.647937330904950315e+00,5.532531260571346365e+02,-5.071562224530927665e+01,1.248953632632252209e+02,-5.206216580999999906e+02,-2.413663121683622492e+01,4.473642581949841457e+01,-7.471156724999999597e+02,3.047593623863859875e+02,4.124200080921347080e+02,-2.446722378619522260e+02,2.174818068314288055e+01,1.830126017210212126e+02,-1.030280603393120344e+02,-3.073095286527212693e+02
8.193413333333333526e+01,-1.367914285714285683e+01,-1.796686269383248487e+02,-6.235418701284715759e+00,2.523644092681950895e+02,7.165643484996050461e+01,-3.536002056544116385e+02,5.701725204024210569e+00,5.232617702834999136e+02,-5.272854553780103259e+01,1.295071037750534231e+02,-5.076134067374999859e+02,-2.465701755569045162e+01,4.681764829587852006e+01,-6.508742415000000392e+02,3.095073907612430162e+02,4.472417442123748970e+02,-2.365176648049649089e+02,2.233634512187951060e+01,1.828907087723895870e+02,-1.037740352439048053e+02,-3.277614083758242600e+02
8.570100384615385281e+01,-1.521728571428571541e+01,-1.996622836421697116e+02,-6.677876576258880981e+00,2.812027071719147102e+02,7.775272637153751987e+01,-4.847436846306380858e+02,5.836311523385287359e+00,5.985950429583347159e+02,-5.896606381879081482e+01,1.486213255030406799e+02,-6.429158079036000117e+02,-2.638490402558874237e+01,5.078964648470383736e+01,-7.975840300266667100e+02,3.846365361645208054e+02,5.029579866295769079e+02,-2.781699072971110809e+02,2.365478298640742238e+01,2.090570701444731014e+02,-1.210692552322006463e+02,-3.742119415764523751e+02
8.751709230769230885e+01,-1.512100000000000044e+01,-2.201947752194903956e+02,-6.746051764573677723e+00,3.173688009103736931e+02,8.280725730283327835e+01,-5.320073010594705920e+02,6.043972202627986512e+00,6.502952515298637763e+02,-6.401670034390913600e+01,1.692959482772332080e+02,-6.955355453507996799e+02,-2.765939920141942565e+01,5.517345898450548702e+01,-7.945965134580000040e+02,4.374432482068751256e+02,5.765977263559618677e+02,-3.073788275019438743e+02,2.514109753321879737e+01,2.386665424887585232e+02,-1.348799959147900154e+02,-4.345856779992428187e+02
8.536476923076922674e+01,-1.488295238095238204e+01,-1.891149459554502812e+02,-6.410274594482615385e+00,2.794131167782028342e+02,7.541851065696288003e+01,-4.101523726571808766e+02,5.835782849708357922e+00,5.742134377887548453e+02,-5.562517833593125971e+01,1.459799236338814978e+02,-5.679276926597998454e+02,-2.565864408434928734e+01,4.873688782163159772e+01,-7.142850724680000667e+02,3.475931096675965364e+02,4.722650020271249787e+02,-2.792523409806523205e+02,2.346172382601290352e+01,2.103894075468801077e+02,-1.150921497754582390e+02,-3.475826522550246409e+02
8.242931923076922374e+01,-1.406004761904761935e+01,-1.801046603016291101e+02,-6.308726444567619218e+00,2.496993333026424295e+02,7.294818781419509435e+01,-4.112882500625291300e+02,5.612772437581299734e+00,5.620097062224627962e+02,-5.341180740917947389e+01,1.308245782784038056e+02,-5.689305688775999670e+02,-2.429939243706809648e+01,4.690754053746529451e+01,-7.699130317919999698e+02,3.346911453992414067e+02,4.622525814602693117e+02,-2.510706687415277543e+02,2.190251645477524889e+01,1.865061841238479872e+02,-1.056049030510982618e+02,-3.404482779729835329e+02
8.538472435897435275e+01,-1.426604761904762064e+01,-1.883629214889251955e+02,-6.461319241857519380e+00,2.721841700783613192e+02,7.533876661435863298e+01,-4.262697665401717018e+02,5.873740092981163841e+00,5.568814881147825417e+02,-5.342690559492975666e+01,1.418622189160869880e+02,-5.474977036061999343e+02,-2.558968962757143117e+01,4.765326889385423925e+01,-7.241639884759998722e+02,3.512630966692191805e+02,4.393286951341008262e+02,-2.667627219447749667e+02,2.381689804058105153e+01,2.092316384699861658e+02,-1.165893165249177628e+02,-3.375630366548862753e+02
8.305693974358973719e+01,-1.585228571428571165e+01,-1.942739734334627144e+02,-6.646821060046452345e+00,2.783918988051078713e+02,7.885523670789841333e+01,-4.696634970374386739e+02,5.746278236423418839e+00,6.123680451362185977e+02,-5.729780822988166022e+01,1.358256235148383553e+02,-6.872076405577497553e+02,-2.586331858635992731e+01,4.866818960336315314e+01,-8.464553191639998886e+02,3.467240317982552256e+02,4.689398723944999006e+02,-2.863750691320890951e+02,2.295962340706131144e+01,1.984634867161709053e+02,-1.177252034819177595e+02,-3.455795781810988956e+02
8.304832179487179644e+01,-1.475028571428571667e+01,-1.895350543710796387e+02,-6.534833320370293741e+00,2.756030399645412103e+02,7.705865313356420643e+01,-4.613314517277148070e+02,5.784050365682942285e+00,5.846291112352007531e+02,-5.827632505106213756e+01,1.433671750961555063e+02,-6.287960994975002222e+02,-2.568000604014732957e+01,5.028004166964558408e+01,-7.550419272000003730e+02,3.669235423027373031e+02,4.807048506265816741e+02,-2.801500501267644268e+02,2.287942684910764157e+01,2.020005498458388047e+02,-1.174249797417459149e+02,-3.646930381573127988e+02
7.979233333333333178e+01,-1.395923809523809567e+01,-1.714150434502618907e+02,-6.206850892762554750e+00,2.301998692756999958e+02,6.934377691114669062e+01,-3.785791878910589503e+02,5.469195027370742146e+00,5.091802710189999743e+02,-5.002534981344022214e+01,1.202960063168319209e+02,-5.286381899903996100e+02,-2.355179910325216497e+01,4.358508042680143291e+01,-7.041577724160000571e+02,3.017705365109763420e+02,4.123508979520000253e+02,-2.327580644155648883e+02,2.103220199717593886e+01,1.707811518608114056e+02,-1.014582063096560631e+02,-3.039605013813334722e+02
8.502636410256410215e+01,-1.443214285714285516e+01,-1.914962015696978881e+02,-6.439362724493768120e+00,2.723723840344896985e+02,7.667339961665214787e+01,-4.119210262519820276e+02,5.867426298452387279e+00,5.806414581100547139e+02,-5.596122622691674309e+01,1.418683759599854284e+02,-5.636923292385000650e+02,-2.566848598657228919e+01,4.946542798905316829e+01,-7.123374498240000321e+02,3.530596941449096562e+02,4.740228820610095113e+02,-2.609874898912354411e+02,2.349412041806762375e+01,2.021712321249634670e+02,-1.143724275382482034e+02,-3.534187707838289043e+02
8.386638076923075857e+01,-1.541171428571428415e+01,-1.961110202046774305e+02,-6.395268553084306973e+00,2.758911118585257327e+02,7.491589728926710734e+01,-4.147065460622624755e+02,5.846821115950568526e+00,5.630303265915064230e+02,-5.580160967217714330e+01,1.483259888912965039e+02,-5.457600654799999802e+02,-2.592674633442723930e+01,4.902230175986445460e+01,-7.332226458666665394e+02,3.593813081007205028e+02,4.826538762203848023e+02,-2.726093096167686554e+02,2.362478687149393863e+01,2.121576743003538752e+02,-1.174623980934189831e+02,-3.566605996169102468e+02
8.379256794871794511e+01,-1.472828571428571642e+01,-1.939671723581776064e+02,-6.508369032790572994e+00,2.836065502211575904e+02,7.792086122013394345e+01,-4.363752976071377816e+02,5.851684638991391019e+00,6.041988624537642636e+02,-5.788021882433444176e+01,1.451506372566915104e+02,-6.006990314551496795e+02,-2.587549387037108062e+01,5.070590524999701643e+01,-7.320313711943331327e+02,3.667546199093779364e+02,5.055718059198507035e+02,-2.753602493714901129e+02,2.334330625505819512e+01,2.062738031438324811e+02,-1.200058146585369769e+02,-3.678335369723895951e+02
8.293463461538462411e+01,-1.372552380952381057e+01,-1.764487075679629697e+02,-6.259090129099221578e+00,2.710457586100040999e+02,7.390052068506200555e+01,-3.473381643364705837e+02,5.844280771149673370e+00,5.532830598407812204e+02,-5.254399111333764694e+01,1.322659680624107637e+02,-4.960198479600001633e+02,-2.502511996475276845e+01,4.751844517700060777e+01,-6.031312560000000076e+02,3.173165737790276353e+02,4.479125729652404857e+02,-2.482290107724019492e+02,2.299154461339408684e+01,1.936699271413652070e+02,-1.099967385306947136e+02,-3.154490305979882123e+02
8.461245897435898655e+01,-1.511242857142857154e+01,-2.018101680017321655e+02,-6.601878714418083050e+00,2.805039949544628257e+02,7.715434439439275138e+01,-4.825263638943893056e+02,5.842270114180368346e+00,5.821172795151170476e+02,-5.866654429106213087e+01,1.499450010034356353e+02,-6.356238911860001508e+02,-2.636164485784562572e+01,5.064198406466667279e+01,-7.932034926066663729e+02,3.808727683052412090e+02,5.089471174414936172e+02,-2.830356198544616291e+02,2.372818430447924953e+01,2.114478545018370426e+02,-1.192613846290749962e+02,-3.796899636274914656e+02
8.339198974358973260e+01,-1.436014285714285776e+01,-1.818659088787676126e+02,-6.372066634777347360e+00,2.540437277619573990e+02,7.585320409838396927e+01,-4.043575674904071207e+02,5.711401755545146841e+00,5.545831159508653627e+02,-5.246933897088447907e+01,1.388351021325691192e+02,-5.479019424647998449e+02,-2.481176235339207992e+01,4.665883709992802153e+01,-7.208925240300001178e+02,3.293806858761142848e+02,4.265654009318365638e+02,-2.439223218757930454e+02,2.267973691190205443e+01,1.834111677639652669e+02,-1.183224931568826008e+02,-3.234577500998000801e+02
8.503788333333332616e+01,-1.332742857142857140e+01,-1.848135407739253253e+02,-6.473870223945397129e+00,2.799011867479922557e+02,7.616025419763023763e+01,-4.031047268859413180e+02,5.945052378814441596e+00,5.692726841736172219e+02,-5.233485776366438103e+01,1.372055573420881274e+02,-5.526865011574500386e+02,-2.691235843872958000e+01,4.652570075522397985e+01,-6.898923996430002035e+02,3.295260076181160116e+02,4.221855313580002758e+02,-2.588342535848639727e+02,2.363311264174598847e+01,2.013781599194434477e+02,-1.213016485802271234e+02,-3.114973721515642637e+02
8.325001794871795369e+01,-1.423652380952380980e+01,-1.938858158804075060e+02,-6.393972512882451831e+00,2.811871459108413092e+02,7.517490411630564040e+01,-4.299375789491518276e+02,5.741377686814784553e+00,5.865799945363017969e+02,-5.525759651917198312e+01,1.396115977612176380e+02,-5.952996495427498758e+02,-2.550747683161848300e+01,4.808182090092397232e+01,-7.813746330150000858e+02,3.524267722805585095e+02,4.843036726788893702e+02,-2.706405308055964269e+02,2.290884722134549278e+01,2.047362439566691990e+02,-1.118116883290126395e+02,-3.639964807285704751e+02
8.376116153846153622e+01,-1.449252380952381003e+01,-1.973720075852611160e+02,-6.539985621926439840e+00,2.723498367262687907e+02,7.562830230097065964e+01,-4.353683430868868527e+02,5.826723433524731099e+00,5.635723279063703330e+02,-5.757034400284535991e+01,1.489547397871175178e+02,-5.905182214008001438e+02,-2.620770372846373775e+01,4.959431822602429207e+01,-8.052614958079999496e+02,3.592427086901233224e+02,4.961531200809617417e+02,-2.708833556879284856e+02,2.374232545471280886e+01,2.085340375148358021e+02,-1.193226123252388930e+02,-3.712107819791680186e+02
8.359695256410256547e+01,-1.570352380952380855e+01,-1.904961932782617566e+02,-6.607812851890357386e+00,2.751103325121709418e+02,7.652170178372462317e+01,-4.734215045815112148e+02,5.838990179333826802e+00,5.811144751184230017e+02,-5.674626782968078942e+01,1.423058237315356962e+02,-6.279754295925000633e+02,-2.705037385112866488e+01,4.890118349336071191e+01,-7.872920285999998669e+02,3.676247013296031128e+02,4.623481072806890779e+02,-2.681869337031466785e+02,2.321155564726936760e+01,2.076102129464227630e+02,-1.215378862921004384e+02,-3.591879993123492341e+02
8.185535512820513304e+01,-1.423000000000000043e+01,-1.778439695706177588e+02,-6.305106176154104958e+00,2.615717768258224964e+02,7.407643374160699068e+01,-4.022840488441357820e+02,5.714669551777536327e+00,5.656024294147188130e+02,-5.424437351525711648e+01,1.332750609923451464e+02,-5.488744328379002582e+02,-2.489036198914956444e+01,4.793249230340592959e+01,-6.970710369480001418e+02,3.393366143436430207e+02,4.541958559198129137e+02,-2.413770077242754439e+02,2.225295412079637458e+01,1.817547669276427484e+02,-1.093131322800240355e+02,-3.398980632039601346e+02
8.377637564102562351e+01,-1.511561904761904884e+01,-1.966649921287124130e+02,-6.506841584534247325e+00,2.839915343276393855e+02,7.690080826751224663e+01,-4.446969229741765730e+02,5.826895675703633870e+00,5.897428080473486034e+02,-5.681088367996589028e+01,1.437453903553536350e+02,-6.099946550070001194e+02,-2.561810404559971488e+01,4.941227942170469589e+01,-8.039048136749999003e+02,3.606097699300203772e+02,4.961649278801922947e+02,-2.803464700498583966e+02,2.336549186710653458e+01,2.075143122302978895e+02,-1.180201623035863179e+02,-3.662551279018115906e+02
8.542706025641027168e+01,-1.387504761904762063e+01,-1.936217456529257959e+02,-6.374874443494675802e+00,2.740809469209279428e+02,7.579019723717216550e+01,-4.223524374256920169e+02,5.834229258573356169e+00,5.658791582976922427e+02,-5.489107659716658105e+01,1.474740598096278177e+02,-5.499783657530999790e+02,-2.543988166185314270e+01,4.908968815816702147e+01,-6.991777827180000031e+02,3.614837677833986049e+02,4.868639286263943973e+02,-2.681478813032916833e+02,2.355626755119804727e+01,2.141865515045526536e+02,-1.163189631293245441e+02,-3.516745811611638146e+02
8.537004230769231583e+01,-1.456000000000000050e+01,-2.025871887085012872e+02,-6.558309230096524445e+00,2.774708885653583934e+02,7.484367416852201416e+01,-4.102358949936652834e+02,5.970845074810846143e+00,5.521758053299616904e+02,-5.310120785315698555e+01,1.499683795735554099e+02,-5.270803169279998883e+02,-2.607182823538297356e+01,4.750451366812924192e+01,-7.018858905599998934e+02,3.413954067652049389e+02,4.271859779570767159e+02,-2.860258452822005779e+02,2.491150467420676051e+01,2.263860744263903939e+02,-1.211110511980784423e+02,-3.377655935534574496e+02
8.285510128205127955e+01,-1.479666666666666863e+01,-1.802467131297472349e+02,-6.330172410086609247e+00,2.542782980123506889e+02,7.413233984636154617e+01,-4.088106185003077826e+02,5.691462359589933406e+00,5.617904026379374045e+02,-5.415450776478133577e+01,1.316994068098723289e+02,-5.516729019647998484e+02,-2.443090029833128085e+01,4.769659744389090861e+01,-7.595147239679998847e+02,3.416842295852039797e+02,4.504992686990771062e+02,-2.473021756681856118e+02,2.223555268702569876e+01,1.891866105558506490e+02,-1.092027678354811542e+02,-3.402119111959744941e+02
8.121160897435896686e+01,-1.487619047619047663e+01,-1.825604575313604983e+02,-6.432787998858012557e+00,2.548498592219076784e+02,7.338398140891391108e+01,-4.172923641467239122e+02,5.650383028676671415e+00,5.655624939784360095e+02,-5.315374200544285088e+01,1.343245184639595209e+02,-5.816587016843998299e+02,-2.496642463150256930e+01,4.631540571842859322e+01,-7.406534050559999969e+02,3.372220488525294400e+02,4.633410661608396595e+02,-2.606274388311369421e+02,2.215176474293755149e+01,1.940079669673319245e+02,-1.101285881422114841e+02,-3.294270312462486459e+02
8.449790128205127360e+01,-1.545114285714285529e+01,-1.995979208388459938e+02,-6.595362683388218628e+00,2.958177232280137332e+02,7.824840135432906152e+01,-4.662522145724663005e+02,5.893700593039818969e+00,6.114839549420815956e+02,-6.006229808631120193e+01,1.518787215464689666e+02,-6.387086828587499667e+02,-2.652539037339834138e+01,5.206491060315698149e+01,-7.869196084049999627e+02,3.886734244858984084e+02,5.349582753381808971e+02,-2.928440367831711910e+02,2.363545465972332948e+01,2.132352228064733310e+02,-1.227826575320949587e+02,-3.932391847618417842e+02
8.431423846153845147e+01,-1.416738095238095241e+01,-1.869629226451700390e+02,-6.352868563761074228e+00,2.696779438193449323e+02,7.549020588063946491e+01,-3.999500611473666254e+02,5.819043123353363711e+00,5.596487281209036837e+02,-5.438000875150204649e+01,1.397255533533675589e+02,-5.464007971700000326e+02,-2.543785397108748825e+01,4.837339497388629894e+01,-6.323319473333332326e+02,3.442542009835925683e+02,4.721996826096155928e+02,-2.619322917924501439e+02,2.329104494210431042e+01,1.998122681675100978e+02,-1.109052215766869836e+02,-3.387684907490378805e+02
8.534670512820513011e+01,-1.431538095238095210e+01,-2.008198962665028660e+02,-6.443607570344631164e+00,2.897250078850463524e+02,7.685324248941081748e+01,-4.114207727586242527e+02,5.908682319114967996e+00,5.840442597224713381e+02,-5.489977971674534274e+01,1.497338631815787267e+02,-5.602379768243998797e+02,-2.611446556662824037e+01,4.885348799857963087e+01,-7.335151016760000857e+02,3.560634395655135336e+02,4.839637281811635035e+02,-2.900630148176892362e+02,2.433886687651623504e+01,2.253959970092657557e+02,-1.192206140052292369e+02,-3.601167617054305765e+02
8.155115256410256563e+01,-1.438295238095238204e+01,-1.933093305661132320e+02,-6.470974302006501588e+00,2.648512241579592228e+02,7.302839958536604570e+01,-4.017183553261176598e+02,5.874253162495866931e+00,5.508617476711153813e+02,-5.262653434266150754e+01,1.374198435886931691e+02,-5.505618239913999332e+02,-2.554147069067728282e+01,4.676666526788829970e+01,-7.517021737679998523e+02,3.323705054908531338e+02,4.354756512985783843e+02,-2.605995669413859446e+02,2.365089625917008931e+01,2.038426616745182400e+02,-1.114337435873209188e+02,-3.395581962023254619e+02
8.492953717948718406e+01,-1.435366666666666369e+01,-1.917004996898592140e+02,-6.440597869061731373e+00,2.852702279135604044e+02,7.742437810064798498e+01,-4.175495647781675075e+02,5.878434691738591233e+00,6.008093118365433156e+02,-5.661262848523008273e+01,1.439401553819356820e+02,-5.908748716961998753e+02,-2.597667814317932056e+01,4.964705261668014202e+01,-7.161894804959998737e+02,3.555423894695996978e+02,5.003401998065768908e+02,-2.785155819090956584e+02,2.344279803352293357e+01,2.080723997853791616e+02,-1.169229011823309605e+02,-3.502530596746417473e+02
8.565155384615384548e+01,-1.506099999999999994e+01,-2.031194895181118056e+02,-6.545232464246035775e+00,2.895923681376201557e+02,7.927023799974308815e+01,-4.458071839498753093e+02,5.895174803814341224e+00,5.921767391486981751e+02,-5.792819644766101561e+01,1.571039233547812444e+02,-5.974794406260001551e+02,-2.673799119933572399e+01,5.089244884194178553e+01,-7.645623017799999843e+02,3.772804773051549887e+02,5.096148577749038964e+02,-2.796354290319060283e+02,2.417167341921022228e+01,2.157307526508983244e+02,-1.267525667936361060e+02,-3.768335679841546835e+02
8.412093717948718563e+01,-1.502585714285714324e+01,-1.900441207620840487e+02,-6.517553704062356346e+00,2.694627091344502219e+02,7.581016027683644154e+01,-4.427691834578827184e+02,5.738816486882294399e+00,5.933661501498535245e+02,-5.645587160663377091e+01,1.402496861672750867e+02,-6.029885748978000493e+02,-2.551165546744357115e+01,4.880658993256656686e+01,-7.936317108720000988e+02,3.578737337267936596e+02,4.682966779834472959e+02,-2.669040291052722296e+02,2.285244241591877667e+01,1.985223904806404107e+02,-1.152398512594724025e+02,-3.609943042328428078e+02
8.551787179487179458e+01,-1.465423809523809595e+01,-1.979426094160388914e+02,-6.446103594434013928e+00,2.862185996933352499e+02,7.961685005342033605e+01,-4.492892371123301132e+02,5.853498052017317654e+00,6.253596028913303826e+02,-5.797026601973213644e+01,1.482765090430178532e+02,-6.060064285530000916e+02,-2.609784322631832154e+01,5.107261122159560784e+01,-7.465408667160000959e+02,3.804337433866600691e+02,5.172056110466858172e+02,-2.734275566590430344e+02,2.351920170055216275e+01,2.124433843753616031e+02,-1.218732465315496967e+02,-3.747065981674226123e+02
8.272643717948717779e+01,-1.521795238095238467e+01,-1.949036519293967729e+02,-6.554979007128372004e+00,2.724218709791392712e+02,7.500924867053770129e+01,-4.090571853771720612e+02,5.831944665834774888e+00,5.603924071260142910e+02,-5.727765810161798044e+01,1.414938095943971632e+02,-5.836984166474998119e+02,-2.618866838089476445e+01,4.928773034800696706e+01,-7.379313290999999708e+02,3.369192746180321478e+02,4.709048021583175228e+02,-2.684274870862566331e+02,2.331481498100425043e+01,2.006357532745274455e+02,-1.163743742907527405e+02,-3.609970381514476117e+02
8.318236025641024867e+01,-1.450804761904761975e+01,-1.954532676728277920e+02,-6.368012016123239860e+00,2.566557866276863251e+02,7.306675378638040286e+01,-4.081659550118960169e+02,5.732341451337450877e+00,5.494006894231990827e+02,-5.412979284139041880e+01,1.410266007174438982e+02,-5.375542052160000139e+02,-2.515550456909803145e+01,4.761667052514035703e+01,-7.535313228799997205e+02,3.461376527160492174e+02,4.663692019651280134e+02,-2.554818916081815985e+02,2.297519772430580787e+01,2.021622298395919870e+02,-1.109052268434636375e+02,-3.450553302866442777e+02
8.541743205128204863e+01,-1.467233333333333256e+01,-2.001941916225761986e+02,-6.500944173287795280e+00,2.826188519735609930e+02,7.773619381097593362e+01,-4.566790415311492097e+02,5.882345467513037107e+00,6.037982476578534943e+02,-5.753285692948789176e+01,1.495304325116496500e+02,-6.023189752199998566e+02,-2.622348319575038289e+01,5.024733265776516333e+01,-7.970868306240000720e+02,3.801072156092012619e+02,5.038082004276154180e+02,-2.768908318876471526e+02,2.394666866416880069e+01,2.155679496313377115e+02,-1.194694099343256397e+02,-3.689958430543737222e+02
8.521318076923077456e+01,-1.449623809523809648e+01,-1.937529926352644054e+02,-6.482144673759454356e+00,2.787223530783630849e+02,7.616859322956754852e+01,-4.173611601175474561e+02,5.907877609681065678e+00,5.775039995398805104e+02,-5.653710373868894123e+01,1.466761142576675923e+02,-5.658448790764000478e+02,-2.634613835162090467e+01,4.975355768373834309e+01,-7.227629264753333018e+02,3.598351282875719335e+02,4.837017161519582373e+02,-2.721585323059691746e+02,2.386158180881859892e+01,2.128610715850896042e+02,-1.162727755674944632e+02,-3.653611495090128187e+02
8.397164102564103416e+01,-1.387100000000000044e+01,-1.837047719556757102e+02,-6.285486685740051094e+00,2.687164340401730556e+02,7.337407343090397660e+01,-3.766697389722623939e+02,5.890125444074376659e+00,5.317002951195470359e+02,-5.332432888790518177e+01,1.415099397949813635e+02,-4.915264450993998935e+02,-2.523721161643671707e+01,4.833946658901422211e+01,-6.122771520320001173e+02,3.392340811325082086e+02,4.552137723603701716e+02,-2.571352938895954594e+02,2.351835812963411243e+01,2.080359769464570263e+02,-1.136037976985301441e+02,-3.401086707753282781e+02
8.297972435897436583e+01,-1.478200000000000003e+01,-1.960237470244645692e+02,-6.511641818066064680e+00,2.814652256494692892e+02,7.712765581964025330e+01,-4.972992075348327035e+02,5.717416393702228206e+00,5.925702791772204137e+02,-5.978597310116970220e+01,1.472356149494356714e+02,-6.644017880047498466e+02,-2.548659535724387837e+01,5.138757712808507705e+01,-7.693838773380001612e+02,3.969566265817667841e+02,5.351502378901874408e+02,-2.797093740205933159e+02,2.271435049933240791e+01,2.046721766005200323e+02,-1.182794192389446550e+02,-3.940011829500820681e+02
8.297161538461539010e+01,-1.548309523809523824e+01,-1.852647193050086116e+02,-6.469196261464755793e+00,2.608929130712372739e+02,7.370004421098566638e+01,-4.171583040461401879e+02,5.727946079624053333e+00,5.588852629695331871e+02,-5.510953236932620314e+01,1.376600709914226570e+02,-5.756304384368997944e+02,-2.541441351410443872e+01,4.794262093240440947e+01,-7.808619535639999185e+02,3.381722288047703273e+02,4.583839599656377004e+02,-2.626426373072287106e+02,2.280257322321899949e+01,1.951625281297129959e+02,-1.125285562971425151e+02,-3.460808455962022094e+02
8.358237307692307638e+01,-1.513319047619047630e+01,-1.923338524315010716e+02,-6.496875439050082690e+00,2.569328562379211007e+02,7.469922450022895077e+01,-4.423407562832687745e+02,5.776510463631531422e+00,5.644294619675987406e+02,-5.521274014462432689e+01,1.404996026338974673e+02,-5.803013615827500189e+02,-2.551498927358866453e+01,4.787203212270793529e+01,-8.164330344210002295e+02,3.536734835976787394e+02,4.537358738016776556e+02,-2.550688832647448407e+02,2.301407705666806081e+01,1.970438950489686363e+02,-1.157331073075319665e+02,-3.513060390090269038e+02
8.306786538461538782e+01,-1.457652380952380966e+01,-1.855347886679208500e+02,-6.419589385816338201e+00,2.629818708529454625e+02,7.367133550217985771e+01,-4.212827469620863781e+02,5.768240863301318910e+00,5.345922161729878326e+02,-5.548951199720428207e+01,1.404102388387539690e+02,-5.693180162848500458e+02,-2.549006506891446477e+01,4.812366626469479058e+01,-7.218334981270000981e+02,3.451011151622525404e+02,4.736578291014568549e+02,-2.726818954619429292e+02,2.284044318468446377e+01,2.064933980213168923e+02,-1.130453117062535995e+02,-3.450159059866134612e+02
8.427428461538460169e+01,-1.440642857142857203e+01,-2.018573240683534493e+02,-6.475446101493759876e+00,2.818824257529205397e+02,7.688602295184350055e+01,-4.295375634808619338e+02,5.862561398904865051e+00,5.840459379973352725e+02,-5.411321649842573578e+01,1.492158697732556334e+02,-5.723562152185498917e+02,-2.597376324219581178e+01,4.798932438454853866e+01,-7.355879401639998605e+02,3.531946243954182023e+02,4.578186726545961278e+02,-2.929808470298596035e+02,2.417610482566414731e+01,2.236372323530928270e+02,-1.194248986964619661e+02,-3.353548964079704433e+02
8.250243717948718825e+01,-1.542457142857142749e+01,-1.860238561287270329e+02,-6.487236660048173675e+00,2.638790005574009001e+02,7.438366301310104234e+01,-4.209374638926786929e+02,5.744774057467894046e+00,5.566635980940192212e+02,-5.625979874855553931e+01,1.358665229792631521e+02,-5.958641835958497950e+02,-2.560529304033612874e+01,4.845198229634799247e+01,-7.495857011709996414e+02,3.445118900221199851e+02,4.739467462713316763e+02,-2.602112901436282186e+02,2.280973715015440817e+01,1.939258689929839932e+02,-1.125017923476493422e+02,-3.496569281528894066e+02
8.410147948717947486e+01,-1.400752380952381060e+01,-1.837092721543946539e+02,-6.342042702163589674e+00,2.600739810472433078e+02,7.436816984751128246e+01,-3.941287322890744917e+02,5.764761342577219061e+00,5.648383573901639920e+02,-5.450764131491597198e+01,1.387972479611099175e+02,-5.343913189472001477e+02,-2.515534896236199103e+01,4.824929241294165649e+01,-6.926489520426665649e+02,3.407179932098844120e+02,4.675382118146667949e+02,-2.535916150687866946e+02,2.278989535089609575e+01,1.977278866629291940e+02,-1.103513511152576569e+02,-3.359892123980844190e+02
8.451687948717948018e+01,-1.441038095238095629e+01,-2.011444357633447737e+02,-6.560763607475919912e+00,2.752636075117441123e+02,7.698111152755784303e+01,-4.608111713640452081e+02,5.836255878152966758e+00,5.721263115406251245e+02,-5.749324788438502765e+01,1.479678345869569398e+02,-6.183997510080000666e+02,-2.645521800230389076e+01,4.960420120890390194e+01,-7.390491342866667992e+02,3.680172469447482513e+02,4.970946937016665856e+02,-2.785322057709670958e+02,2.380557951280469098e+01,2.127400640834830483e+02,-1.189626068120158067e+02,-3.574310054057178831e+02
8.387652820512820995e+01,-1.433923809523809645e+01,-1.907997914140620992e+02,-6.411773361423674267e+00,2.666229247495165282e+02,7.509703335769948751e+01,-4.381659483398980797e+02,5.741451988511031779e+00,5.845012151171395089e+02,-5.430426357585456998e+01,1.427317180973023767e+02,-5.792958940747499810e+02,-2.563953005714155609e+01,4.759970224037368070e+01,-7.727384299200001578e+02,3.591502361485692063e+02,4.688177656189037066e+02,-2.680956373531872146e+02,2.300506679016309164e+01,2.029991090170028940e+02,-1.115618488021110153e+02,-3.451049227995184197e+02
8.320348333333333812e+01,-1.360019047619047683e+01,-1.729781283276008708e+02,-6.291002897655500803e+00,2.524862693624220924e+02,7.199728172672845972e+01,-3.583266919937352100e+02,5.747765732981895859e+00,5.193548951621875176e+02,-5.284712934051700728e+01,1.304993006304966059e+02,-5.052297709119998785e+02,-2.510381572348930845e+01,4.666619739611313378e+01,-6.146606001100000185e+02,3.071565487897582329e+02,4.222359823716665232e+02,-2.429849886541854005e+02,2.247542123426125116e+01,1.846820423211657101e+02,-1.072447260022262867e+02,-3.249705763620841026e+02
8.332128461538461295e+01,-1.523499999999999943e+01,-1.968565696464466441e+02,-6.498225565399997627e+00,2.817793724949442549e+02,7.771331830468329827e+01,-4.613780865724618252e+02,5.796089403469133039e+00,6.026935994072866833e+02,-5.823333582123019880e+01,1.484503759096613464e+02,-6.172777381365002611e+02,-2.608218596285604107e+01,5.064681407697271709e+01,-7.765194786299999805e+02,3.824627722748121528e+02,5.092182789553124280e+02,-2.699842454960985947e+02,2.321061859280962381e+01,2.046997162196059890e+02,-1.185361197846125378e+02,-3.832068254377816174e+02
8.545295128205127355e+01,-1.528738095238095163e+01,-2.199226854274855896e+02,-6.802328424147445318e+00,3.050935727239038329e+02,8.041485629855679917e+01,-5.092267085665162085e+02,6.113244194138230725e+00,6.291990379184804851e+02,-6.302809814867268301e+01,1.711385179070108791e+02,-6.309247196999997414e+02,-2.826055846228069157e+01,5.443378291635230681e+01,-8.508292781999999761e+02,4.354018129226332121e+02,5.582346332876924180e+02,-3.040013623500209405e+02,2.555850672172255855e+01,2.411277776671301467e+02,-1.349745064093361009e+02,-4.281123459448360222e+02
8.182641538461538744e+01,-1.350766666666666360e+01,-1.877983833923028669e+02,-6.170214524983276050e+00,2.635819067380619458e+02,7.339394522054388403e+01,-3.902380166339820562e+02,5.732541245561192156e+00,5.509608244425670591e+02,-5.321165819372527750e+01,1.389651731546364886e+02,-5.188731527237500813e+02,-2.496174015059322926e+01,4.740652579830594249e+01,-6.569452233666667098e+02,3.462378986620793171e+02,4.908028262021392720e+02,-2.538420773707701130e+02,2.271345906979445672e+01,2.052325187782338674e+02,-1.078179028163712019e+02,-3.430386692196663034e+02
8.402311282051280728e+01,-1.533042857142857152e+01,-2.049633990752131183e+02,-6.603354275197212964e+00,2.921633601599779126e+02,7.754482841575648422e+01,-4.730770923488689164e+02,5.931389945692171040e+00,6.095417624282682709e+02,-5.867376050506306484e+01,1.538532203237307385e+02,-6.218662763950001136e+02,-2.683543424504347996e+01,5.094257205926419374e+01,-7.891918480333333719e+02,3.914342628843319289e+02,5.117887587645834060e+02,-2.905566873765100127e+02,2.396087149597804355e+01,2.236919065374124784e+02,-1.213283449305847199e+02,-3.912858362760178466e+02
8.601659615384616586e+01,-1.495923809523809567e+01,-1.947953266566618993e+02,-6.509583765417895407e+00,2.713839713024956950e+02,7.732933632384882117e+01,-4.441139798467059450e+02,5.841601489677056058e+00,5.807057505632336643e+02,-5.555302579505173100e+01,1.447733915796337669e+02,-5.867830770360001225e+02,-2.586813635834261049e+01,4.888267213679682044e+01,-7.310242833920002568e+02,3.640111956619626881e+02,4.774382838244100640e+02,-2.671413161762454251e+02,2.364046790710170143e+01,2.061665732077704831e+02,-1.163384429666949416e+02,-3.446962536912995461e+02
8.348411794871795166e+01,-1.495204761904762059e+01,-1.899639118801950985e+02,-6.474776019126750271e+00,2.613714638597228372e+02,7.533042627442881667e+01,-4.410854452154392220e+02,5.703774872384861361e+00,5.926890585103918738e+02,-5.567663729649029847e+01,1.384324893957627012e+02,-6.029316781050002874e+02,-2.523978476531823034e+01,4.781712359638404308e+01,-8.318776713959999825e+02,3.519915123067598870e+02,4.641901468388991248e+02,-2.703526987866837317e+02,2.263300553681342109e+01,1.995595224139910044e+02,-1.114070555339560400e+02,-3.521006988773598891e+02
8.259777692307693542e+01,-1.440128571428571647e+01,-1.771768186257932882e+02,-6.377596951314038698e+00,2.496949836426477134e+02,7.273548090164092628e+01,-4.076021308099544171e+02,5.654868428731256280e+00,5.511831156242900533e+02,-5.473686786004643778e+01,1.332315457667661178e+02,-5.646708061728000985e+02,-2.509713051230832548e+01,4.750860333847148098e+01,-7.436959216213331274e+02,3.336941886939295046e+02,4.609835122652562518e+02,-2.530364669353658087e+02,2.217446256079604083e+01,1.912664409635254970e+02,-1.077809949601950024e+02,-3.329991482853918114e+02
8.563002051282052207e+01,-1.558923809523809645e+01,-2.003270282931987936e+02,-6.636390115893772368e+00,2.774630845958650411e+02,7.719318071656492464e+01,-4.567839727248506279e+02,5.878701853345372541e+00,5.797804441143742906e+02,-5.783486204915207196e+01,1.481368351448061276e+02,-6.030232187980001299e+02,-2.648904906834604134e+01,5.011217716801852617e+01,-7.656659775893335791e+02,3.688709479984526070e+02,4.708208247212883748e+02,-2.774497536397017257e+02,2.405877885497869073e+01,2.133883137452324092e+02,-1.216669368764982835e+02,-3.646017560197278158e+02
8.383162948717946961e+01,-1.427452380952381006e+01,-1.905899014582056452e+02,-6.388976109992937857e+00,2.714381424427637626e+02,7.621801770040762847e+01,-4.210328852898641117e+02,5.843615259061865075e+00,5.764270111025867891e+02,-5.627145200636061873e+01,1.411693934350901429e+02,-5.841649440239998512e+02,-2.595884732639380132e+01,4.928279668806224834e+01,-6.788087497973333484e+02,3.570429022929835128e+02,4.897520628027177736e+02,-2.643698628373928159e+02,2.309401634125287472e+01,2.027820207301210473e+02,-1.119819209083867264e+02,-3.452589458164895859e+02
8.537144871794870937e+01,-1.457766666666666566e+01,-1.999705006234957523e+02,-6.509329626382196921e+00,2.847484137866447895e+02,7.885435059261467927e+01,-4.305092288941627885e+02,5.967329910631747225e+00,6.185508876186901261e+02,-5.686773344078010695e+01,1.536192309124199369e+02,-5.833462517100000468e+02,-2.646370172472885685e+01,5.041773310427515042e+01,-7.412538330000000997e+02,3.711661151971578079e+02,5.055361693857370824e+02,-2.798505692851255162e+02,2.426782471956936860e+01,2.195897000955615965e+02,-1.242493931775541967e+02,-3.594943095213504876e+02
8.416573205128204904e+01,-1.448023809523809646e+01,-1.895196450925492684e+02,-6.420083680752039612e+00,2.690920015753015377e+02,7.579019277772232499e+01,-4.016428787397828160e+02,5.821355170624944009e+00,5.701576382335626931e+02,-5.478491998174734334e+01,1.421503020531416155e+02,-5.579948610599999483e+02,-2.572163732789783097e+01,4.834433890442128501e+01,-7.225529098666665959e+02,3.410476985039055080e+02,4.833143066010416078e+02,-2.589335204125306973e+02,2.351183646960630114e+01,2.020338685239110532e+02,-1.130498361810672066e+02,-3.388620234928375794e+02
8.236036923076923699e+01,-1.521247619047619182e+01,-1.880227503260001072e+02,-6.456036342278761886e+00,2.573838473500592841e+02,7.398063177408265290e+01,-4.706662103840184841e+02,5.636980030333311298e+00,5.674593845492787523e+02,-5.577565012549932533e+01,1.383111849904937571e+02,-6.044981331620000446e+02,-2.519652773957750824e+01,4.787301633210469021e+01,-8.200512124933335372e+02,3.723149478865618107e+02,4.744298938698398729e+02,-2.596123754803462020e+02,2.209851450794808159e+01,1.927415373705161983e+02,-1.100833871666825416e+02,-3.693262232918509085e+02
8.318682820512819376e+01,-1.447785714285714320e+01,-1.800545309474778719e+02,-6.269753099109109051e+00,2.520782113024102671e+02,7.405225345798847059e+01,-3.891131978131787719e+02,5.711442126022262755e+00,5.739373009730601325e+02,-5.226538548100231196e+01,1.339389729560759008e+02,-5.370532244174999050e+02,-2.430783605632888111e+01,4.628418405647969536e+01,-7.420563407500000039e+02,3.229435813052801336e+02,4.376317611790387332e+02,-2.461956758311606279e+02,2.238059213568126538e+01,1.864104811252898912e+02,-1.077828236270108988e+02,-3.068978222536829321e+02
8.124396923076923827e+01,-1.424438095238095059e+01,-1.747819150065050167e+02,-6.233959917519243277e+00,2.521499113718630269e+02,7.190242445012191297e+01,-3.851413008084231251e+02,5.593745935754640186e+00,5.481400942763517605e+02,-5.245129412430566163e+01,1.266437066775882414e+02,-5.511707187628497877e+02,-2.408992751174756819e+01,4.584139866843340627e+01,-7.211248615850000760e+02,3.184450942927076085e+02,4.481641401126922801e+02,-2.499991434078172006e+02,2.156532493605318379e+01,1.832813648246093976e+02,-1.040068702399876770e+02,-3.405767338240876256e+02
8.402601025641025956e+01,-1.470166666666666799e+01,-1.851123144275223638e+02,-6.469447488940367919e+00,2.573347849619129306e+02,7.272602398270916524e+01,-4.163287580437059887e+02,5.787849707901863816e+00,5.371186292577543782e+02,-5.548835920672883759e+01,1.424584472946921778e+02,-5.488338392515998976e+02,-2.572897181805713629e+01,4.824701174490977706e+01,-7.129921934346666603e+02,3.460537588643351796e+02,4.618745940421603109e+02,-2.639744896603597226e+02,2.328470295052555983e+01,2.084172794062936021e+02,-1.142459829014372730e+02,-3.381201802721109857e+02
8.489896410256412196e+01,-1.432890476190475937e+01,-1.980843077939094883e+02,-6.470346209340204879e+00,2.705424663607166167e+02,7.557639628574585799e+01,-4.447659379020817028e+02,5.793865629274799645e+00,5.629946156955813876e+02,-5.746418561739628217e+01,1.488558804458827183e+02,-5.806882768763999820e+02,-2.574771686881706501e+01,5.014173926710900275e+01,-7.087716512799999009e+02,3.703554307414123059e+02,4.895972208698365193e+02,-2.690403720558070404e+02,2.347346456392402914e+01,2.074925782077116310e+02,-1.175419671143319960e+02,-3.677184332715509072e+02
8.052206282051282926e+01,-1.400923809523809638e+01,-1.825098925169594679e+02,-6.233878090642687830e+00,2.448378597930670537e+02,7.090723241597378035e+01,-3.716691387729640041e+02,5.624587188057046383e+00,5.375355012971489259e+02,-5.120688958630322674e+01,1.289167989277662230e+02,-5.186574189720000732e+02,-2.428260641658064856e+01,4.532910963550285288e+01,-7.136597267099999726e+02,3.139032492740287807e+02,4.537929761638848163e+02,-2.413188850073540266e+02,2.196036607331593160e+01,1.840933449795702472e+02,-1.009749123111589171e+02,-3.204962847110796247e+02
8.449702435897435748e+01,-1.437385714285714400e+01,-1.873183471381733511e+02,-6.520315761013177891e+00,2.741790159270897220e+02,7.853895393318140350e+01,-4.271928658832577526e+02,5.856125849060370925e+00,5.784267809517729120e+02,-5.799341324655620156e+01,1.447911362121661512e+02,-5.971677485917499553e+02,-2.594417950234256409e+01,5.092043996537193351e+01,-6.077218664700002364e+02,3.544587742852183965e+02,4.934036944361538986e+02,-2.619944411482808846e+02,2.329642388984852275e+01,1.949956488657184934e+02,-1.210251688570700423e+02,-3.423069577313211198e+02
8.258840256410255165e+01,-1.382552380952380844e+01,-1.894060688755311901e+02,-6.396733144142824123e+00,2.715979429978092980e+02,7.576378379028200527e+01,-4.407264652719640026e+02,5.772374727605757982e+00,5.736774033207258299e+02,-5.684824263018639101e+01,1.456397358572576763e+02,-5.761125372239998796e+02,-2.568530248331348886e+01,4.978676074934269025e+01,-7.017056420640001306e+02,3.719795518926449631e+02,4.901724263080481592e+02,-2.598538962655592286e+02,2.301559055024431544e+01,1.997982898074399714e+02,-1.179861738072026043e+02,-3.649550663539127981e+02
8.488673974358975727e+01,-1.525085714285714467e+01,-2.023390063994334298e+02,-6.382406436302831665e+00,2.815508499373473796e+02,7.598001156669504041e+01,-4.193041074735881466e+02,5.873982358265354975e+00,5.753884332127289554e+02,-5.492594650230307707e+01,1.476028956962893233e+02,-5.665753632825000068e+02,-2.586649275394924530e+01,4.872422806266538231e+01,-7.623805686249999098e+02,3.573878050689449992e+02,4.885903339802081859e+02,-2.794280748700074923e+02,2.392929146799248130e+01,2.186493672961545656e+02,-1.175984537909018854e+02,-3.576220255005074478e+02
8.221013205128205925e+01,-1.506833333333333513e+01,-1.941077567492139906e+02,-6.599699035379607004e+00,2.635654258810384931e+02,7.417988614785591039e+01,-4.189085925356517919e+02,5.866461812315271196e+00,5.646555994896634729e+02,-5.794692161533230745e+01,1.492887441471533236e+02,-5.779798090987500245e+02,-2.690391389999056315e+01,4.965514764252957036e+01,-6.918081043649999629e+02,3.561686817888270866e+02,4.877150510066109064e+02,-2.744647871030927035e+02,2.394541286723718798e+01,2.140902244464299997e+02,-1.163572090231195233e+02,-3.549769784374954611e+02
8.334612307692307809e+01,-1.332014285714286039e+01,-1.638038292950229504e+02,-6.143794970940284372e+00,2.391803093637888367e+02,7.172138639812676786e+01,-3.487007644591492976e+02,5.642166166243157477e+00,5.203286699350570643e+02,-4.951376904681932700e+01,1.230309513839563635e+02,-4.891524956282001995e+02,-2.424778361876427724e+01,4.449891544725007719e+01,-5.966160038123334743e+02,2.956514568336083926e+02,3.952067416516185858e+02,-2.285940665182149303e+02,2.179092559268873330e+01,1.745630575274854550e+02,-1.018289716878759634e+02,-2.822518116977703926e+02
8.468751025641026331e+01,-1.485314285714285809e+01,-1.949580014195573199e+02,-6.518515957924226001e+00,2.723632877740949993e+02,7.465793542925835879e+01,-4.292620443098824694e+02,5.843208518177169353e+00,5.678326198785898669e+02,-5.626034815652926824e+01,1.457967241292663516e+02,-5.731323478815999124e+02,-2.585197702300604305e+01,4.908326535735134399e+01,-7.342027144746663225e+02,3.514096662879369433e+02,4.670253330536665430e+02,-2.660082409034076250e+02,2.378002313221074004e+01,2.061765537570796027e+02,-1.170648963881523770e+02,-3.578054239789092890e+02
8.241127692307691177e+01,-1.445066666666666855e+01,-1.925770217340476904e+02,-6.548384735207015694e+00,2.716174395172703271e+02,7.425085536325161684e+01,-4.541417310392375839e+02,5.780875228144510380e+00,5.598105205024121460e+02,-5.657325222081413330e+01,1.424583166564106023e+02,-6.010604063665501826e+02,-2.566644985089514108e+01,4.850916967036239669e+01,-7.952813755139999330e+02,3.631316322229484967e+02,4.719688511440192542e+02,-2.683290809800922148e+02,2.308130582011121135e+01,2.017945264765860429e+02,-1.159492570832418039e+02,-3.702648630460487311e+02
8.281437948717947961e+01,-1.423938095238095158e+01,-1.858731803215507909e+02,-6.353158933566943389e+00,2.597495387954798503e+02,7.217628854702867613e+01,-3.982267775884208731e+02,5.696644643612516212e+00,5.435870541960713354e+02,-5.404605984899077953e+01,1.358627215987657735e+02,-5.439793174808999083e+02,-2.500277187775878573e+01,4.730222015435052896e+01,-7.033994908220001889e+02,3.404873905722962490e+02,4.622620466244134150e+02,-2.467847116338862747e+02,2.254372996784979222e+01,1.916126252642313261e+02,-1.081911113416949206e+02,-3.584581273311248424e+02
8.175717564102563983e+01,-1.288795238095237927e+01,-1.733545690939752717e+02,-6.041852987764942284e+00,2.348835344685590485e+02,7.073577233515564444e+01,-3.525608488539297696e+02,5.578207225578457162e+00,5.010443305313144720e+02,-4.857749170584435916e+01,1.271867598660613936e+02,-4.724998557510000978e+02,-2.370468713915559889e+01,4.411526231856076663e+01,-6.362251954800000249e+02,3.071831802428425817e+02,4.250152468331089608e+02,-2.394452609500716846e+02,2.162006932258726266e+01,1.884927907727517038e+02,-1.026626965074583353e+02,-2.976753902942814989e+02
8.471069102564102593e+01,-1.482057142857142829e+01,-2.082228443332567736e+02,-6.517751964175868551e+00,2.870396265840811907e+02,7.766142196533397168e+01,-4.541290297180721041e+02,5.886324890224167383e+00,6.078801893641827974e+02,-5.662014615653726679e+01,1.552479278872852717e+02,-5.985698853750000126e+02,-2.663401062418806475e+01,4.959774107525216635e+01,-7.961158589999998867e+02,3.762408788595162150e+02,4.938049452628204676e+02,-2.862523844974052736e+02,2.426842672791906352e+01,2.229111973705798277e+02,-1.213823568932113943e+02,-3.752740178801316233e+02
8.360392435897435348e+01,-1.403352380952381040e+01,-1.786295290321738776e+02,-6.312346765178949326e+00,2.545694888075270796e+02,7.227415882766285904e+01,-3.655164971324525709e+02,5.728805739581510181e+00,5.527742235202439360e+02,-5.054008009764625342e+01,1.283287636141332939e+02,-5.071377346800001646e+02,-2.445579306224810878e+01,4.525719317982995449e+01,-7.290478469866667410e+02,3.110258160540540757e+02,3.982183687162180945e+02,-2.419211383176826473e+02,2.251341248414436080e+01,1.858023048478692658e+02,-1.060551457883708366e+02,-3.272075296772902675e+02
8.356396666666667272e+01,-1.464038095238095138e+01,-1.944997652620216684e+02,-6.548663657429022678e+00,2.664198688433272650e+02,7.466660587650891046e+01,-4.709644546976473407e+02,5.755205202389813479e+00,5.447516185553751029e+02,-5.693238491171400995e+01,1.442273410740514521e+02,-5.980735063159997935e+02,-2.577919321198116975e+01,4.891743117265519913e+01,-7.407687933066666801e+02,3.731932777174149010e+02,4.720810550877081937e+02,-2.755983374348758161e+02,2.317112420423188723e+01,2.083786306930412877e+02,-1.157692022632537174e+02,-3.725506873072905591e+02
8.528900769230769185e+01,-1.484638095238095268e+01,-1.930026066364061137e+02,-6.534308615445380219e+00,2.770418640244149060e+02,7.713612188113106072e+01,-4.238003846889413921e+02,5.879868288722159164e+00,6.020095037850719564e+02,-5.543454526159219142e+01,1.441367392605925772e+02,-5.889362347008002416e+02,-2.616904312689994683e+01,4.860792875505239152e+01,-7.636397092799999200e+02,3.464799368672079254e+02,4.647463151770386958e+02,-2.689134546042898251e+02,2.368054657167379062e+01,2.033245261902078482e+02,-1.165864212662732200e+02,-3.450238509499814086e+02
8.275803205128205775e+01,-1.399614285714285522e+01,-1.792973234968966665e+02,-6.220612645216974990e+00,2.618450189722208279e+02,7.233484944893162094e+01,-3.456734457634479440e+02,5.729047201095140984e+00,5.508434172263185928e+02,-5.258807463987442077e+01,1.324910651587009056e+02,-4.919250579917999744e+02,-2.509405273552487614e+01,4.689854848415274802e+01,-6.910727522680000448e+02,3.135783297610436193e+02,4.570601392842435189e+02,-2.454454290944476895e+02,2.243629746964981564e+01,1.944252943859164020e+02,-1.051404683609096367e+02,-3.365464482579550918e+02
8.443252692307692087e+01,-1.543076190476190312e+01,-1.998529426076358959e+02,-6.552677841913609136e+00,2.764611184023954138e+02,7.765326780080764024e+01,-4.844368622527603065e+02,5.803306854736948850e+00,6.164917010912276965e+02,-5.921219099168545341e+01,1.462773165909597992e+02,-6.483467261047001102e+02,-2.595448228339559904e+01,5.097032757050374840e+01,-8.668872737816669769e+02,3.884319404415722943e+02,5.089967060343847152e+02,-2.768399252560165564e+02,2.325631664001102905e+01,2.077736097903722339e+02,-1.177281672918739588e+02,-3.905818572139218077e+02
8.606154487179487944e+01,-1.448552380952381036e+01,-2.002629601191858342e+02,-6.559579239758421387e+00,2.857847668493596984e+02,7.811454713961802554e+01,-4.495606552858077976e+02,5.947501096657583197e+00,5.937062693057890783e+02,-5.813177164248831730e+01,1.533692073954651676e+02,-5.903327240264999318e+02,-2.679928714231571618e+01,5.124420361258705725e+01,-7.542952325999999630e+02,3.857654349086998309e+02,5.147928314238464509e+02,-2.707929063272680423e+02,2.433129054433198135e+01,2.142175184834070762e+02,-1.230389044898198421e+02,-3.708990516596696239e+02
8.308491153846154020e+01,-1.308657142857142830e+01,-1.761210614801113934e+02,-6.211566841903445990e+00,2.524841531461077864e+02,7.205466228694250219e+01,-3.551616845399096292e+02,5.674142641428137956e+00,5.289522462127446261e+02,-5.015180470401225676e+01,1.291529395400499141e+02,-5.021842193279999833e+02,-2.407401649443669100e+01,4.491124980584897486e+01,-6.562184988666666641e+02,3.037304701045660522e+02,4.334557873538237800e+02,-2.385809792807056908e+02,2.235850349530389636e+01,1.843575322551724298e+02,-1.068369586289235968e+02,-3.095472191373797273e+02
8.459213717948718170e+01,-1.423590476190476473e+01,-1.882768996727562296e+02,-6.481788315070176054e+00,2.623269871532060051e+02,7.521895441145431960e+01,-3.994631967175382101e+02,5.828042346881450619e+00,5.600678174254917394e+02,-5.430612239103035677e+01,1.409793950016400004e+02,-5.439039134942000828e+02,-2.573891464134375440e+01,4.796016754761185297e+01,-6.790203612639999164e+02,3.391458713725081111e+02,4.430967577967401780e+02,-2.582076715210006910e+02,2.342604041932738568e+01,1.991220520993774699e+02,-1.161694515002222374e+02,-3.340200121706042751e+02
8.365518589743589928e+01,-1.516052380952381284e+01,-1.792743941192753994e+02,-6.526054860020164661e+00,2.664184972598074523e+02,7.579233588414923872e+01,-4.598004757817647032e+02,5.711446325249713851e+00,5.861251410867596405e+02,-5.532027003677704613e+01,1.362153126033902879e+02,-6.431713807427998972e+02,-2.528914465158042546e+01,4.698676965045048348e+01,-7.613316745580001452e+02,3.403246138294562684e+02,4.172080218933170954e+02,-2.852650716564536992e+02,2.255049812270868159e+01,1.917344447997758436e+02,-1.152743732875273537e+02,-3.282066427947418674e+02
8.441846153846154266e+01,-1.428519047619047555e+01,-1.907866100727437981e+02,-6.427376640533886132e+00,2.702833597176525018e+02,7.492822179305370867e+01,-4.339073590021632754e+02,5.813808294534241305e+00,5.725967451716252299e+02,-5.500914454485454286e+01,1.424872952134050763e+02,-5.725199934363000693e+02,-2.558477678010930489e+01,4.818509934582498744e+01,-7.171626407400000289e+02,3.642596752599343972e+02,4.807973494556666196e+02,-2.703164639224889356e+02,2.314591746955384366e+01,2.070306082730832884e+02,-1.105086319071797760e+02,-3.641368814404507361e+02
8.422242692307692380e+01,-1.391004761904762077e+01,-1.891688844149959152e+02,-6.406691153494502800e+00,2.705607552277874674e+02,7.560675006888288863e+01,-4.093530151369548662e+02,5.802927593048084809e+00,5.689539310359645015e+02,-5.332141925629628076e+01,1.370972298231237971e+02,-5.675173559156500005e+02,-2.511442468352234414e+01,4.711054490974029108e+01,-7.037717455113332790e+02,3.330076453657825937e+02,4.445318955286620053e+02,-2.742210598258384948e+02,2.329477973767308541e+01,2.041727263941227193e+02,-1.119374453105998413e+02,-3.255125482904148271e+02
8.573169615384615838e+01,-1.410733333333333128e+01,-1.993603731511065291e+02,-6.480804349682286691e+00,2.814239973887304700e+02,7.892699924576962189e+01,-4.340419413064955734e+02,5.921729944379907629e+00,6.064323315022733141e+02,-5.679136025173628610e+01,1.485501398373735356e+02,-5.854357816729500428e+02,-2.613784389153524756e+01,5.030802076799484723e+01,-7.544559638460000315e+02,3.654530240807835071e+02,4.897319972553751199e+02,-2.673484387493975873e+02,2.400241016883713030e+01,2.074371737733550276e+02,-1.202275798154170730e+02,-3.522530472010482754e+02
8.297811153846154753e+01,-1.449747619047619196e+01,-1.853708644529125991e+02,-6.336216622867755000e+00,2.644843370553199406e+02,7.578853244643272546e+01,-3.906141711800904659e+02,5.754905329163903183e+00,5.855770563818329038e+02,-5.459978028069391343e+01,1.353396794391279059e+02,-5.567570701000000781e+02,-2.524179388702382099e+01,4.834251258985960931e+01,-7.476089544000001297e+02,3.324797227573481564e+02,4.779605186364040037e+02,-2.560825247562737559e+02,2.260661470370633097e+01,1.968762284675599119e+02,-1.123573555177951562e+02,-3.400903941853146648e+02
8.336201666666667620e+01,-1.395933333333333515e+01,-1.876193218144740911e+02,-6.326961413130751666e+00,2.769415363475009713e+02,7.546551783658956936e+01,-4.186588418710586552e+02,5.754745577341667584e+00,5.760719731044845275e+02,-5.617227173236862825e+01,1.405229025567586234e+02,-5.803818020352002804e+02,-2.544768030147867677e+01,4.955035094168840715e+01,-7.029757658880001827e+02,3.586558948062144623e+02,5.039595491040000752e+02,-2.671481197284601876e+02,2.274946182323754229e+01,2.029852324796016774e+02,-1.149708281513219816e+02,-3.665127423629009513e+02
8.371019230769231001e+01,-1.486785714285714199e+01,-1.825004680228176710e+02,-6.472179039406777967e+00,2.623562954472205320e+02,7.629302268269667309e+01,-4.416959934613573751e+02,5.717086459914657581e+00,5.709784898052147355e+02,-5.496800425713163207e+01,1.340197406177400978e+02,-6.054260747999999239e+02,-2.495298980776450293e+01,4.751127449140692249e+01,-7.465706259520001140e+02,3.402954156013772149e+02,4.333236934729616223e+02,-2.628690969940844298e+02,2.252612659061630396e+01,1.871141107420211540e+02,-1.160577238998283178e+02,-3.248276189719779268e+02
8.515373974358973896e+01,-1.445857142857142819e+01,-2.097383428405144912e+02,-6.651825515385943355e+00,3.008902049917988961e+02,7.993803883749893657e+01,-4.879324014346291847e+02,5.979700472371503928e+00,6.227022111422687658e+02,-6.002712509335511015e+01,1.561397185481635290e+02,-6.548080286873999967e+02,-2.734050489581965593e+01,5.199539576452607292e+01,-7.959245524579999937e+02,3.988937802216727277e+02,5.284184497544970327e+02,-2.929898720492431039e+02,2.440311001947785030e+01,2.223228239146716874e+02,-1.258226959032936634e+02,-3.943738596950656756e+02
8.287132051282051748e+01,-1.490185714285714447e+01,-1.919747835737867092e+02,-6.429325799540240638e+00,2.765032199914314788e+02,7.564451006947155065e+01,-4.450339485758418050e+02,5.711519477142802614e+00,5.895463678934875134e+02,-5.700328965590276198e+01,1.399025481666703286e+02,-6.070093434499001432e+02,-2.537026565567163061e+01,4.952305976609770255e+01,-7.857711276093332344e+02,3.671127686282840727e+02,4.977091270790031103e+02,-2.716082170955933748e+02,2.256165541346577896e+01,2.040704228573446528e+02,-1.131814269409303932e+02,-3.784716583878956158e+02
8.244668846153845720e+01,-1.521447619047619071e+01,-1.899865887647345062e+02,-6.445527034154241441e+00,2.665268513508302135e+02,7.459022343097689145e+01,-4.228332245305883248e+02,5.724082737093882933e+00,5.673432932989074970e+02,-5.434921984690745234e+01,1.340580596863506457e+02,-5.905310858460002237e+02,-2.512768955320810349e+01,4.745542443292880819e+01,-7.714608527600001935e+02,3.367034607434976010e+02,4.605423788289227787e+02,-2.681688726485400025e+02,2.287332060807102252e+01,2.004191714124377199e+02,-1.119370328764368026e+02,-3.403621714508856826e+02
8.381923461538461595e+01,-1.456280952380952343e+01,-1.953967228909598930e+02,-6.391068226737775859e+00,2.770287078880975855e+02,7.587293527693368844e+01,-4.115659976651948000e+02,5.832881221414897510e+00,5.876196834697112763e+02,-5.695425266448550161e+01,1.485922387444352637e+02,-5.617488783360000753e+02,-2.601282888128682913e+01,5.010016601162367778e+01,-7.401271095999999261e+02,3.589343096513474620e+02,5.085201009364104721e+02,-2.694801670062517474e+02,2.335237639673516341e+01,2.071216397048799536e+02,-1.172963614725770185e+02,-3.537993475780218091e+02
8.434085897435898005e+01,-1.440485714285714458e+01,-1.848359667507165227e+02,-6.353572928119873175e+00,2.745710756581773921e+02,7.567540520734128506e+01,-3.932306256810359741e+02,5.806851919529456119e+00,5.693058138326028939e+02,-5.615126483101291655e+01,1.402327516457351066e+02,-5.573005882455001938e+02,-2.539773272069492549e+01,4.956179551843951714e+01,-6.763303966906665892e+02,3.391061213972564587e+02,4.820187323099356718e+02,-2.632979829135933301e+02,2.299410036011064662e+01,2.005297064616630109e+02,-1.130784821112650178e+02,-3.411140694343268365e+02
8.216695128205130061e+01,-1.440747619047619033e+01,-1.714151423955277380e+02,-6.284225046010873506e+00,2.409442319924614537e+02,7.312617351822441947e+01,-4.012572900073844266e+02,5.594093283612363798e+00,5.471745253187499429e+02,-5.114837860968962957e+01,1.258165335202401565e+02,-5.605052281920000041e+02,-2.400381142559718128e+01,4.495722181225982439e+01,-7.295464874879999115e+02,3.111002493526117405e+02,4.129708501435383141e+02,-2.441276150394348861e+02,2.167785056534919619e+01,1.746972463405421649e+02,-1.049593665774923608e+02,-2.924080613235162787e+02
8.414083076923077442e+01,-1.441628571428571171e+01,-1.914410653252282373e+02,-6.468476644731542713e+00,2.737679502596409975e+02,7.563210959079376039e+01,-4.354108354739230435e+02,5.789923079075943946e+00,5.772161149134905145e+02,-5.671678855069485081e+01,1.458280600504833728e+02,-5.794563425292000147e+02,-2.572232807230125928e+01,4.979124912843543882e+01,-7.092640644293334162e+02,3.718133122802684056e+02,4.971017036613076243e+02,-2.619982421785285851e+02,2.316716198846672015e+01,2.018870735654137718e+02,-1.136374099221197014e+02,-3.637777094971181100e+02
8.379253333333333842e+01,-1.424538095238095181e+01,-1.776536310318419112e+02,-6.205936304723452146e+00,2.700909684575411234e+02,7.343443046698976673e+01,-3.550383334391767107e+02,5.824005422681864275e+00,5.471813288259688761e+02,-5.251826666386899944e+01,1.331749233872479863e+02,-5.000860966181999174e+02,-2.481498798628143021e+01,4.774635956421579408e+01,-6.312142295080001304e+02,3.257866462410713666e+02,4.684949081503124830e+02,-2.507552966402647030e+02,2.292235524519026058e+01,2.003415587729254526e+02,-1.075192286760459979e+02,-3.389471637005566436e+02
8.458865897435897807e+01,-1.546757142857142853e+01,-2.141621114297395536e+02,-6.734686724624442178e+00,3.288304142990440369e+02,8.020571905582528416e+01,-5.147968613073644519e+02,5.979037274488947951e+00,6.285897927521547217e+02,-6.277677062474636216e+01,1.704598422249592318e+02,-7.178500475072499967e+02,-2.789103477859389102e+01,5.271237953490702211e+01,-8.210355844366664542e+02,4.036820665775671841e+02,5.431581523945656045e+02,-3.561643131817000949e+02,2.495182592613258876e+01,2.445465619265038129e+02,-1.345103723882000395e+02,-4.004229125849915363e+02
8.545018333333334226e+01,-1.636519047619047740e+01,-2.108074862696165610e+02,-6.930424424912741799e+00,2.959163300847428673e+02,8.091220909671602612e+01,-5.700163072595589711e+02,5.859084663586050290e+00,6.465041757578334227e+02,-6.370157020988055763e+01,1.634973835444954773e+02,-7.612368863450000163e+02,-2.775121139953229843e+01,5.276912432538127717e+01,-8.387499078833334352e+02,4.257113130578570122e+02,5.293513760550000598e+02,-3.181017917590431807e+02,2.416807312557010334e+01,2.227833980237663241e+02,-1.285091720407011735e+02,-3.971177263001721371e+02
8.338166025641025669e+01,-1.303857142857142648e+01,-1.781608358294081143e+02,-6.085582937860698038e+00,2.568441094891754801e+02,7.084993557353398330e+01,-3.460722072143664150e+02,5.778931040571536393e+00,5.195871969475840615e+02,-5.033463309767783755e+01,1.372714245547484779e+02,-4.619026581146998751e+02,-2.436856697029900332e+01,4.648230933686593858e+01,-5.866000341299999263e+02,3.199465784300813880e+02,4.582427622842594133e+02,-2.439397093391232261e+02,2.282942110391250878e+01,1.995799156795451950e+02,-1.071036532076939949e+02,-3.171780224783564677e+02
8.410928333333335161e+01,-1.391771428571428615e+01,-1.890906095650148870e+02,-6.354759060028288609e+00,2.733163230176481306e+02,7.582464897933732573e+01,-3.780934039902354016e+02,5.851760887621480833e+00,5.659174672075730541e+02,-5.452959314072622021e+01,1.428809896917742606e+02,-5.297018928292002329e+02,-2.580546014472546545e+01,4.884721848455988180e+01,-6.419308104343335799e+02,3.364042203360614849e+02,4.713489358174999211e+02,-2.568495480905102681e+02,2.352327960603624746e+01,2.015686791209107014e+02,-1.150618497165826426e+02,-3.410499616978059407e+02
8.166981025641024416e+01,-1.504976190476190467e+01,-1.826330924418469976e+02,-6.266879800231320630e+00,2.616073757320912136e+02,7.337960724188162942e+01,-3.945903728259909258e+02,5.705133923197619694e+00,5.684577861499349183e+02,-5.293626815628476123e+01,1.338784947680514392e+02,-5.393139919785000984e+02,-2.489393137288223201e+01,4.714194947946681680e+01,-7.260531130440000425e+02,3.389872149435228152e+02,4.666501571630352032e+02,-2.537677950064337722e+02,2.235117040071044769e+01,1.949795378690070322e+02,-1.083337931335772737e+02,-3.370832243413961464e+02
8.545993974358975720e+01,-1.529390476190476456e+01,-2.025102754221852877e+02,-6.658674281334741707e+00,2.990653169806384994e+02,8.109030869493278715e+01,-4.451162060015835777e+02,6.031675937136999899e+00,6.086097225771230796e+02,-6.011082969709580226e+01,1.550837744053095264e+02,-6.197300401540500161e+02,-2.708645836486414282e+01,5.278569159650577092e+01,-6.763855815179999809e+02,3.757725196910880072e+02,5.220114361739281321e+02,-2.821849970600165420e+02,2.471948703887746746e+01,2.161906889394879556e+02,-1.283561481116969389e+02,-3.564643183920265415e+02
8.456266153846155476e+01,-1.439323809523809672e+01,-1.880920493650956757e+02,-6.458244097001706763e+00,2.705614013929027237e+02,7.578763360037787322e+01,-4.205712994444207311e+02,5.835876609664630621e+00,5.647088261260671516e+02,-5.540382453534885343e+01,1.388932267041583657e+02,-5.660456477062499516e+02,-2.569951929320358275e+01,4.902771027576284268e+01,-7.135205089139999473e+02,3.509174168299955454e+02,4.752979619073252024e+02,-2.640651548167452916e+02,2.343079830049889267e+01,2.047259468178120017e+02,-1.140064092770724642e+02,-3.411418460809637736e+02
8.287576666666666370e+01,-1.481290476190475935e+01,-1.938680879428717674e+02,-6.523206563987921314e+00,2.757144066510442144e+02,7.735038513819498007e+01,-4.791063345749997779e+02,5.755724681295562029e+00,5.694388552134140582e+02,-5.842603071337820353e+01,1.461484858152795141e+02,-6.322052279272498936e+02,-2.595192137846906277e+01,5.005944734866214674e+01,-7.149009542699999429e+02,3.766018958618540751e+02,4.917313719384375759e+02,-2.846145818734444788e+02,2.310390616117554430e+01,2.094602691032517612e+02,-1.218683180553619536e+02,-3.692107458790660530e+02
8.218141282051281848e+01,-1.412604761904761830e+01,-1.757903334048896511e+02,-6.166692907728225315e+00,2.406067993455830276e+02,6.925458486861221274e+01,-3.431672180330136257e+02,5.648679676164883645e+00,5.051803753784752189e+02,-5.049674291084269839e+01,1.269876163792682746e+02,-4.796728817636000031e+02,-2.405094431257221288e+01,4.471992710854537734e+01,-6.788164132213336188e+02,2.937538457561381051e+02,4.117363822790032941e+02,-2.349719582490664891e+02,2.209371595195435489e+01,1.821672792291232668e+02,-1.007498037392358157e+02,-3.043275319913308294e+02
8.180610512820511815e+01,-1.368776190476190457e+01,-1.805293188313654298e+02,-6.239293577078876218e+00,2.597965901258712051e+02,7.304798634423572423e+01,-3.731119579529500925e+02,5.724627042663848364e+00,5.616265941704367606e+02,-5.289819244220036865e+01,1.344944533457091325e+02,-5.063754455979999989e+02,-2.490250466589931833e+01,4.713185322406454247e+01,-6.787198319293333952e+02,3.328135868475418988e+02,4.682614272927178831e+02,-2.435748679724565022e+02,2.241445851060464278e+01,1.929138012067442105e+02,-1.057211941915208939e+02,-3.304661629687518598e+02
8.425500641025641357e+01,-1.494704761904761980e+01,-2.024768484378668916e+02,-6.504519600917557653e+00,2.728579047571931824e+02,7.594905715043444161e+01,-4.424585256497558134e+02,5.836281373233473957e+00,5.783384486974936181e+02,-5.704903545044493285e+01,1.489635965329157159e+02,-5.753465158186000963e+02,-2.609281322144046911e+01,5.002158853900635904e+01,-7.875882868240000789e+02,3.735883566371020947e+02,4.989319251822657861e+02,-2.687141004398521318e+02,2.362481784138223873e+01,2.092978931251262793e+02,-1.160989831225851958e+02,-3.717792364722046727e+02
8.436475641025640471e+01,-1.434538095238095146e+01,-1.918496298896514816e+02,-6.404637843784377615e+00,2.736225099925017616e+02,7.554508008770407912e+01,-4.251408793273528772e+02,5.800268129846278597e+00,5.501515050187990710e+02,-5.611021873248446923e+01,1.416770579321395473e+02,-5.709522465074998081e+02,-2.546265144585973061e+01,4.929107428523713708e+01,-6.673708269799998334e+02,3.586514377834462266e+02,4.956413799901153538e+02,-2.683291304060081188e+02,2.314426415046636265e+01,2.060146851572060029e+02,-1.143403093460656379e+02,-3.536888390440023500e+02
8.492552692307691586e+01,-1.442871428571428360e+01,-1.975478409888440865e+02,-6.527244241285859339e+00,2.768926323450436371e+02,7.745432217754147075e+01,-4.506265188707693028e+02,5.851881288744320564e+00,5.678360008106747046e+02,-5.864659482045877326e+01,1.462937050870339135e+02,-6.209737021530002039e+02,-2.584666923288123996e+01,5.079594052566492479e+01,-7.196242674016667706e+02,3.677768971948418653e+02,5.109498972500895206e+02,-2.659515827711540510e+02,2.345805060143500853e+01,2.023131967939090714e+02,-1.203442344727056650e+02,-3.688735308501139230e+02
8.548240256410257132e+01,-1.397676190476190428e+01,-1.991571892123836847e+02,-6.448708169510669386e+00,2.760816076316330054e+02,7.677843433770395620e+01,-4.377164330336538001e+02,5.860752428122185442e+00,5.719106376570094881e+02,-5.653905255364578863e+01,1.514121037675317325e+02,-5.622512926800002333e+02,-2.582689615257833182e+01,5.029021173362068708e+01,-7.182119068319999542e+02,3.789748520444475730e+02,4.942542648651281070e+02,-2.619223008437303974e+02,2.377284405521848143e+01,2.078439299679804435e+02,-1.191358395037871247e+02,-3.735146905143570848e+02
8.188963717948718113e+01,-1.442719047619047679e+01,-1.744741956127087121e+02,-6.358928545948687727e+00,2.412769218773746331e+02,7.308065664739304168e+01,-4.294197300756383129e+02,5.543267740380473541e+00,5.296112431951256667e+02,-5.324059102532824284e+01,1.293678419241721542e+02,-5.777464708703997758e+02,-2.417281027840667917e+01,4.626166232849335103e+01,-7.492164130479999358e+02,3.331644824274692951e+02,4.249018719867341929e+02,-2.432437769065366524e+02,2.139896736384194398e+01,1.739128898494785460e+02,-1.085698640073512848e+02,-3.231820407095280530e+02
8.303271666666667272e+01,-1.355604761904761801e+01,-1.679242646046501477e+02,-6.094395243905023740e+00,2.319280820983240403e+02,6.945711760503786536e+01,-3.089718376582941346e+02,5.600153723870881173e+00,5.100811978013828139e+02,-4.557603116212017369e+01,1.198273592634949551e+02,-4.578516018522000763e+02,-2.322314154401872699e+01,4.140870793464296185e+01,-6.303088013279998449e+02,2.656129200558038406e+02,3.789390283245001001e+02,-2.327001249762448936e+02,2.186819542732524368e+01,1.769630029152291399e+02,-9.838165552746843900e+01,-2.640399198788132367e+02
8.582596794871795964e+01,-1.371842857142857142e+01,-1.923139457325085289e+02,-6.444911068522499953e+00,2.632191237185137425e+02,7.335996524351556047e+01,-3.947741868274433159e+02,5.837529057213685313e+00,5.372647313312371580e+02,-5.141871630937540516e+01,1.449440875819804262e+02,-5.232878418367998847e+02,-2.583319869838809169e+01,4.580479433269673706e+01,-6.725763587666666581e+02,3.285468950104736905e+02,4.177420161684937057e+02,-2.736041850422701032e+02,2.391328994270912744e+01,2.129287086123580366e+02,-1.126624082293695608e+02,-3.165203025276883864e+02
8.645519230769230035e+01,-1.418333333333333357e+01,-2.011384360791172128e+02,-6.505046723346302073e+00,2.756675736670688934e+02,7.951337765832474247e+01,-4.323075040662445758e+02,5.873555975871724399e+00,6.241019917513739301e+02,-5.603117893093802593e+01,1.479498800848931523e+02,-5.843771273759999758e+02,-2.635669154251998236e+01,4.961736092925991670e+01,-7.622468224000002692e+02,3.664066050081488584e+02,4.916708389073655212e+02,-2.674455167376326585e+02,2.382026735038786569e+01,2.088148485941064507e+02,-1.189363667914317659e+02,-3.509157336768746518e+02
8.368056666666664967e+01,-1.543895238095237943e+01,-1.931949527582694088e+02,-6.612377042014307982e+00,2.685079303235031034e+02,7.555619890437195352e+01,-4.521092885023530812e+02,5.771112528605681469e+00,5.757838581407291940e+02,-5.529638971902647882e+01,1.392312935803560094e+02,-6.077262382059998345e+02,-2.562465960239439511e+01,4.768754465252916219e+01,-8.113236341373332152e+02,3.480792515031807852e+02,4.449718140870834873e+02,-2.732063436400837872e+02,2.343563036398756694e+01,2.024752938347484985e+02,-1.154415931651801799e+02,-3.449610582980512277e+02
8.239242051282050738e+01,-1.478904761904762033e+01,-1.870172441938210852e+02,-6.460732974258646344e+00,2.671018160520013112e+02,7.450239367253735168e+01,-4.262347169709776153e+02,5.744672116130050910e+00,5.899278640356761798e+02,-5.675398497359361016e+01,1.362274329535391644e+02,-5.964049507757997617e+02,-2.565904627486888145e+01,4.910379090885362530e+01,-8.105956145680000873e+02,3.516835366645221939e+02,4.937600423329611772e+02,-2.555873485481435523e+02,2.258666024974693443e+01,1.938622914708222709e+02,-1.097690767038379960e+02,-3.654951317121406760e+02
8.180129102564102084e+01,-1.413728571428571357e+01,-1.839708520297003531e+02,-6.250792555814943086e+00,2.573729652189966828e+02,7.207933675778595273e+01,-3.776249298577240552e+02,5.689605803653766003e+00,5.523304773683993290e+02,-5.354347701235840162e+01,1.371295307368666840e+02,-5.272929810648000739e+02,-2.483768105377936308e+01,4.715046801694062140e+01,-7.025790946599998961e+02,3.287158074796287792e+02,4.797432248487883726e+02,-2.428978682404045060e+02,2.244304825554755212e+01,1.918913439411502395e+02,-1.088304352690436190e+02,-3.415164592576397240e+02
8.516728461538463080e+01,-1.560442857142857065e+01,-2.200439696177591884e+02,-6.717848440280067557e+00,3.098069670262224236e+02,8.012327354735154472e+01,-5.080607078647374806e+02,6.002745374936763412e+00,6.112023890375644442e+02,-6.152590514579108572e+01,1.654468732397924953e+02,-6.648399430685999505e+02,-2.726224429967468055e+01,5.315046548691800865e+01,-8.236467155153331987e+02,4.157620014134503776e+02,5.423058855433714598e+02,-3.033588506555019535e+02,2.510811413908824008e+01,2.325778771909947125e+02,-1.289887443794600301e+02,-4.158828887745215184e+02
8.435535384615384658e+01,-1.465438095238095251e+01,-1.997743346512755522e+02,-6.437563943739796457e+00,2.767257886538404250e+02,7.672116925841187651e+01,-4.154069286746744183e+02,5.822262250344318879e+00,5.881585249301970180e+02,-5.576713700859093592e+01,1.490868442522186115e+02,-5.741191154096999298e+02,-2.585088026193852073e+01,4.882940205478840312e+01,-7.585736628959998598e+02,3.531544776193687767e+02,4.838637604034423134e+02,-2.730399550094168148e+02,2.358186344318275829e+01,2.085946690863752053e+02,-1.172123602956142179e+02,-3.554115220526409189e+02
8.318382948717948011e+01,-1.501785714285714235e+01,-1.945006898938423490e+02,-6.478017623233892408e+00,2.637534414627072010e+02,7.526446514549579092e+01,-4.399628716673030340e+02,5.718586733949888590e+00,5.900426143910000292e+02,-5.530955891388425982e+01,1.413127527175205671e+02,-6.030564959826001541e+02,-2.550906049996554259e+01,4.792376367634732048e+01,-8.371725425830001086e+02,3.510838672901295467e+02,4.647260959063075347e+02,-2.641829629482222117e+02,2.287103468979470833e+01,1.954089629876239655e+02,-1.150850789142804445e+02,-3.533587955769763198e+02
8.342430897435896497e+01,-1.411719047619047629e+01,-1.806163167161685124e+02,-6.381210396523478323e+00,2.606721748941311034e+02,7.534850118596577317e+01,-4.249025135468097574e+02,5.675159143272525242e+00,5.870057727110698806e+02,-5.575876406455863332e+01,1.356702544224214932e+02,-5.998984668510000802e+02,-2.471748863687416886e+01,4.819465643703559010e+01,-7.609451113799999575e+02,3.433673454784015462e+02,4.733611398695769026e+02,-2.513184611804797157e+02,2.207205380275365769e+01,1.861434823372667893e+02,-1.100534157483975974e+02,-3.519567905085741586e+02
8.384315641025639820e+01,-1.499804761904761818e+01,-1.964324010345672491e+02,-6.532784740485046981e+00,2.928218656155130475e+02,7.874799478562314903e+01,-4.726786876472757513e+02,5.838812956073605065e+00,6.145879810217307977e+02,-6.024736231954168630e+01,1.536822731840825043e+02,-6.384267296416001045e+02,-2.599193169812999926e+01,5.250371781589782216e+01,-7.365226033600000619e+02,3.963196925861844875e+02,5.252249213806154557e+02,-2.877905055816920026e+02,2.331740308930426409e+01,2.126187786435934299e+02,-1.233617390041390394e+02,-4.003765541954622336e+02
8.050191794871794571e+01,-1.371614285714285941e+01,-1.725678486916349073e+02,-6.027678421969872247e+00,2.320321086843439957e+02,6.819800006175451301e+01,-3.301200821822848184e+02,5.582831473800374589e+00,5.050146741890453654e+02,-4.892273978684391267e+01,1.277297313861819958e+02,-4.519588914787498197e+02,-2.370977231324193113e+01,4.431187308574660477e+01,-6.298360633249999410e+02,2.989019073018216091e+02,4.340047726712820122e+02,-2.178898776997350524e+02,2.152072918261984924e+01,1.751950321208500725e+02,-9.951301981203539526e+01,-2.976862692279577232e+02
8.166373589743588468e+01,-1.476047619047619186e+01,-1.880445831315092278e+02,-6.362333725907841853e+00,2.476687386016046730e+02,7.067282994649956152e+01,-3.849567252657828931e+02,5.711347861548747851e+00,5.138858919425256317e+02,-5.239576823934807237e+01,1.351195293564665860e+02,-5.258959602959998847e+02,-2.488215251704860975e+01,4.583466708619246077e+01,-7.545350145080001312e+02,3.163638781707148837e+02,4.300518464610513547e+02,-2.538768051696947907e+02,2.271471097098338987e+01,1.925925661657699948e+02,-1.101665026857575356e+02,-3.241554450302954820e+02
8.288947820512819931e+01,-1.439323809523809672e+01,-1.827571421660696274e+02,-6.442391679783371572e+00,2.664334967317439009e+02,7.464643613424325963e+01,-4.326503937049415072e+02,5.769333350442834352e+00,5.711356632347428786e+02,-5.576825395679428965e+01,1.370755109499494040e+02,-5.962186898303999669e+02,-2.550771210562648861e+01,4.857792582098443290e+01,-7.662323934719998988e+02,3.488496236026779798e+02,4.756191752384871165e+02,-2.751376686259783924e+02,2.273743465689232934e+01,2.019030821086693095e+02,-1.127823838274664610e+02,-3.333123279483958186e+02
8.363236025641026572e+01,-1.498266666666666858e+01,-1.887515135474670274e+02,-6.468149010960849488e+00,2.673127739142535120e+02,7.618793306631204132e+01,-4.172945269475453074e+02,5.806850259185991625e+00,5.751045942336422740e+02,-5.727888163573125269e+01,1.434978045458901192e+02,-5.855787230218497825e+02,-2.553610248008795480e+01,5.004708023384635851e+01,-6.986851703203332136e+02,3.485357644388004701e+02,4.901473447955705751e+02,-2.545330351231212092e+02,2.291578694449980702e+01,1.926437984256538982e+02,-1.131621151474531644e+02,-3.507723676700940700e+02
8.398947820512820783e+01,-1.372595238095238201e+01,-1.809530323137149992e+02,-6.197961945656111915e+00,2.613587125319023130e+02,7.262823491081086047e+01,-3.524245532597736883e+02,5.789130762064492508e+00,5.268197073454820156e+02,-5.260936925667785857e+01,1.374182657576196220e+02,-4.897781171530000961e+02,-2.495296486878451958e+01,4.785995295298346974e+01,-5.955560260200001039e+02,3.226757841937305784e+02,4.598670271979357835e+02,-2.487709643499052845e+02,2.292940005947048476e+01,1.934595892299859656e+02,-1.086868585410510377e+02,-3.257059928907041240e+02
8.409529358974359070e+01,-1.462719047619047430e+01,-1.883646391612676894e+02,-6.492768654238249226e+00,2.632276906891239037e+02,7.490823647324086210e+01,-4.196847326772848987e+02,5.751305276444676373e+00,5.448281127688752576e+02,-5.480330342435310342e+01,1.401033744414046112e+02,-5.744554296623999790e+02,-2.550681980057976261e+01,4.787481615039847327e+01,-7.234115505760001952e+02,3.414772202027343724e+02,4.646071203372500236e+02,-2.675101791061813969e+02,2.317380879738011146e+01,2.026427627801664926e+02,-1.165538123316989640e+02,-3.422816786650009817e+02
8.478457948717948511e+01,-1.479747619047619267e+01,-1.953245594206175610e+02,-6.487209086202414099e+00,2.803628461320002430e+02,7.728120766525469776e+01,-4.300418995552490742e+02,5.853529583716074569e+00,5.988834622703205923e+02,-5.751530030245240965e+01,1.487118230558598668e+02,-5.911331327285998896e+02,-2.588527043421384022e+01,5.032922399820984793e+01,-7.954362245993332863e+02,3.659734912335279091e+02,5.004398949114743118e+02,-2.770926873496219969e+02,2.354491413308188896e+01,2.110278733154358974e+02,-1.189080291703138812e+02,-3.726822947894373215e+02
8.362853846153846860e+01,-1.452119047619047620e+01,-1.872533605412365603e+02,-6.326667840839164114e+00,2.606886627656771793e+02,7.394335125422689714e+01,-4.121068859668462210e+02,5.678064861517823303e+00,5.654708896955461341e+02,-5.402318565151048091e+01,1.387092786819134460e+02,-5.503159729259999722e+02,-2.512939747346360164e+01,4.744552076477292246e+01,-7.420036106316664473e+02,3.435100320251086714e+02,4.610291695112662183e+02,-2.504545844922827484e+02,2.248914255219042246e+01,1.929962642976633163e+02,-1.102752154439048553e+02,-3.453921741132524517e+02
8.356235769230768540e+01,-1.493528571428571361e+01,-2.084579361679699048e+02,-6.603627320165649017e+00,2.906651179162663539e+02,7.834690963904492378e+01,-4.874359281273615920e+02,5.838953866315945262e+00,5.878234661049409624e+02,-6.023606308322777636e+01,1.551333785759359500e+02,-6.348363285858999916e+02,-2.665861384661529954e+01,5.188864560927314784e+01,-7.804291924406667249e+02,4.029086321281213827e+02,5.323461483927304698e+02,-2.792167961638562588e+02,2.378029671562729064e+01,2.154626313586271920e+02,-1.250967614477180945e+02,-4.082753586003953501e+02
8.356074743589744003e+01,-1.464185714285714468e+01,-1.903316541169504887e+02,-6.393614768230877488e+00,2.587658728670192545e+02,7.307301766278780519e+01,-4.060023983459523720e+02,5.710139909157603277e+00,5.346528597429359024e+02,-5.138133728881150120e+01,1.357387869314066222e+02,-5.449153612401998998e+02,-2.489259968717485094e+01,4.555704568001500832e+01,-7.446798678523333592e+02,3.233651190491132184e+02,4.224414221907625802e+02,-2.638348828753512976e+02,2.316907343403955721e+01,2.016897475395000754e+02,-1.121166319147117605e+02,-3.232762892826264078e+02
8.600298461538461936e+01,-1.491280952380952485e+01,-1.955115125092890480e+02,-6.544270222015599714e+00,2.797823897604226886e+02,7.814167295031258220e+01,-4.633404273059185812e+02,5.883375117232042761e+00,5.877411733648197014e+02,-5.942565263629762029e+01,1.506720115686525219e+02,-6.204798005503997729e+02,-2.629162522740173458e+01,5.179282877206942004e+01,-6.969522416640000984e+02,3.847230030261940215e+02,5.256422939028204837e+02,-2.728835857431441809e+02,2.349411941578996377e+01,2.092998704938376875e+02,-1.192197230089283551e+02,-3.785803316957449169e+02
8.529155641025639056e+01,-1.426419047619047653e+01,-1.930279607776156752e+02,-6.389413369707821033e+00,2.714869170302774251e+02,7.474208495334708857e+01,-3.821279474156405627e+02,5.847856421001795368e+00,5.686429719026872363e+02,-5.328246466883773991e+01,1.411406052445321393e+02,-5.389410527981999621e+02,-2.548153836017970875e+01,4.759558890354836791e+01,-7.163693426759999738e+02,3.282773784882006112e+02,4.639733825250000905e+02,-2.616950610952706029e+02,2.386888459717026123e+01,2.068630730876350015e+02,-1.141158742584864427e+02,-3.443384672167489384e+02
8.209008846153845695e+01,-1.400233333333333263e+01,-1.691240997427251500e+02,-6.230468027601092196e+00,2.511393723373240903e+02,7.395679546001051108e+01,-3.820562089209230408e+02,5.623074327024146335e+00,5.611306741304321122e+02,-5.257173512363842605e+01,1.224003986485707998e+02,-5.557187771099999054e+02,-2.416819541618327705e+01,4.602788020868221963e+01,-6.969643301919999203e+02,3.193249539357167350e+02,4.347951292637882830e+02,-2.446717481535664263e+02,2.155528945870462465e+01,1.782020688119112037e+02,-1.027238793213143424e+02,-3.212827356016334761e+02
8.376732051282050406e+01,-1.442304761904762067e+01,-1.730211768801290191e+02,-6.173836302949416321e+00,2.511190097120702092e+02,7.225579814865314177e+01,-3.686960948845023154e+02,5.666645222661228054e+00,5.576016877041849966e+02,-5.172657758414671036e+01,1.287534968519133258e+02,-5.130795231342000307e+02,-2.437786380150288323e+01,4.641145709416270648e+01,-7.030550730720000274e+02,3.228607940952374520e+02,4.563060402018463151e+02,-2.399636528488339593e+02,2.212557466865564848e+01,1.876726776606892884e+02,-1.035411637133294391e+02,-3.198644933865862185e+02
8.313374102564102941e+01,-1.413619047619047642e+01,-1.824825787265041583e+02,-6.289910526803019764e+00,2.598183231184184478e+02,7.244514334107731202e+01,-3.736865786295927023e+02,5.774783775760266913e+00,5.423141512594012283e+02,-5.221497891922199130e+01,1.360773951741122687e+02,-5.155888836080000601e+02,-2.531589086539515066e+01,4.657052722447939885e+01,-6.657446383733332596e+02,3.262872253491170795e+02,4.553718173771088118e+02,-2.517815696287437959e+02,2.291215877565223025e+01,1.959988880119100827e+02,-1.061329289219522565e+02,-3.257524959062828316e+02
8.563711794871794325e+01,-1.445800000000000196e+01,-2.059185542918008025e+02,-6.600373085755312452e+00,2.979503779403700605e+02,7.975130632819927712e+01,-4.645421647563526335e+02,5.926174707849575007e+00,6.267191658925601132e+02,-5.835772165426330815e+01,1.542302271659185919e+02,-6.287606427871999131e+02,-2.660852813789798432e+01,5.079660093004965660e+01,-7.757560626200000797e+02,3.814492990225114681e+02,5.096980232840192002e+02,-2.881237953912021794e+02,2.437852697531907964e+01,2.177138982795846687e+02,-1.239848737955079940e+02,-3.690831784326696834e+02
8.301702692307691223e+01,-1.419138095238095154e+01,-1.853317168739315548e+02,-6.366207762291162808e+00,2.586849995102650155e+02,7.356053677761624954e+01,-3.880540668720743724e+02,5.749475856286096587e+00,5.404686575566139481e+02,-5.473210198644245139e+01,1.370756024250003122e+02,-5.509785798481500478e+02,-2.522725350230581043e+01,4.803952518778965697e+01,-6.644288042189999715e+02,3.281015035750619404e+02,4.713793183029036982e+02,-2.494667178779608037e+02,2.265839960741240944e+01,1.923870336805315731e+02,-1.095005162351313146e+02,-3.349547009824721044e+02
8.327188333333333503e+01,-1.417928571428571516e+01,-1.959717140360758094e+02,-6.454387147320425733e+00,2.769982123936123912e+02,7.520067486090285058e+01,-4.474716308999999228e+02,5.806212843458654405e+00,5.810240093098228726e+02,-5.668354547649182251e+01,1.471392422590438684e+02,-5.876636972820001574e+02,-2.614265713242370381e+01,4.930101716454421279e+01,-7.883170114100001911e+02,3.728569495803949962e+02,5.061550323247918186e+02,-2.750909104842908164e+02,2.322424774065979847e+01,2.138976841497020871e+02,-1.169691567804951546e+02,-3.662535918204312679e+02
8.222356538461538378e+01,-1.380876190476190324e+01,-1.776418905690455858e+02,-6.118485521975830288e+00,2.423059581088272125e+02,6.891581964841077479e+01,-3.377112457752941168e+02,5.623003867560478319e+00,4.992621492979939717e+02,-4.882571873995312473e+01,1.273514619022841998e+02,-4.645863780804999124e+02,-2.416360641319014491e+01,4.401274629195452093e+01,-6.467202453400000195e+02,2.979732313995312438e+02,4.187385900884855801e+02,-2.265750141068809285e+02,2.203884275391690295e+01,1.815443440969079916e+02,-1.001632323933798858e+02,-3.115292309946909768e+02
8.321668205128204931e+01,-1.420614285714285785e+01,-1.925597622815087959e+02,-6.377077556592181118e+00,2.626059185837200971e+02,7.373311491403380558e+01,-4.223358949305276155e+02,5.719868033065681701e+00,5.527857210343031511e+02,-5.290208932670822861e+01,1.360348458874617563e+02,-5.671213433339999028e+02,-2.512346835529746869e+01,4.643748420793787801e+01,-7.427320487300002014e+02,3.399416711638328934e+02,4.383353095038622200e+02,-2.663510687318013765e+02,2.291152311817824128e+01,2.038308945635380383e+02,-1.112217930258634766e+02,-3.445939994860341358e+02
8.410711794871794211e+01,-1.399200000000000088e+01,-1.888437232505914380e+02,-6.391973474852271409e+00,2.837216966270692069e+02,7.838768462567081485e+01,-4.185611451827920746e+02,5.845811095575659699e+00,6.141998349311360244e+02,-5.648083281584982984e+01,1.439772764933402698e+02,-5.967578613568001629e+02,-2.559884648605486746e+01,4.974707419365486061e+01,-6.962077088320000939e+02,3.544402248189351781e+02,4.849101726957692904e+02,-2.804541530420060553e+02,2.332327559138024142e+01,2.054160040489306311e+02,-1.178473147488559221e+02,-3.428522811666848042e+02
8.415186153846154582e+01,-1.481842857142857284e+01,-2.080733527715430284e+02,-6.645082235927186609e+00,2.807507832174144369e+02,7.675878763318934261e+01,-4.672260832765790042e+02,5.841574862870289486e+00,5.686406793585264268e+02,-5.771112504140168653e+01,1.509819378542194670e+02,-6.235094544236001184e+02,-2.649836772737888069e+01,4.979308260724553037e+01,-7.388564881200001082e+02,3.730549706268615751e+02,4.935964284731668954e+02,-2.790165246513048487e+02,2.394213064371649580e+01,2.091480033034897872e+02,-1.194781422096304340e+02,-3.793408162248164786e+02
8.352506025641025644e+01,-1.404071428571428370e+01,-1.860783518213253558e+02,-6.167248283899520622e+00,2.586486595436500124e+02,7.233188170255021987e+01,-3.715790225759458849e+02,5.715514948921409655e+00,5.510235004494332998e+02,-5.300364814925841728e+01,1.375360510581625135e+02,-5.097791371573999299e+02,-2.456072102295718551e+01,4.748323370558681944e+01,-6.878410335573333896e+02,3.335871872815671964e+02,4.653088040477887262e+02,-2.528398640414770853e+02,2.258289241703275607e+01,1.968184823947901521e+02,-1.070150287195809540e+02,-3.373757906367275723e+02
8.130720256410255331e+01,-1.442490476190475945e+01,-1.894872357664696381e+02,-6.359128636010573210e+00,2.589625734153705139e+02,7.346331890563911315e+01,-4.078741127877352142e+02,5.741060558645726175e+00,5.394057864113833602e+02,-5.326552152593359324e+01,1.415340881829734485e+02,-5.536636766843001851e+02,-2.503516850641252844e+01,4.712048770914643825e+01,-7.011608075010000221e+02,3.389360234149976350e+02,4.673546056744967814e+02,-2.604372995665164581e+02,2.300830772663035972e+01,1.995702771664790305e+02,-1.141551041417980059e+02,-3.246873391028904621e+02
8.252170512820512727e+01,-1.511423809523809680e+01,-1.886112531024827206e+02,-6.461469640373472600e+00,2.667575064742225663e+02,7.528558316189115374e+01,-4.081332127680000212e+02,5.766962691657342432e+00,5.617298625802533252e+02,-5.509215392122154498e+01,1.358856068467715374e+02,-5.800917490199998383e+02,-2.561341724332842418e+01,4.791731231527227663e+01,-7.396504444920000196e+02,3.317160479595868878e+02,4.464225697725639748e+02,-2.627175256517463140e+02,2.282518289444244175e+01,1.914022060339310372e+02,-1.126571521459222822e+02,-3.369141515945107130e+02
8.261584230769230430e+01,-1.464238095238095205e+01,-1.889314502589487859e+02,-6.503709843230712551e+00,2.639070287861948145e+02,7.426161019127067675e+01,-4.056874048730772984e+02,5.793675595879982154e+00,5.720219446602403650e+02,-5.381130135841933537e+01,1.415338802375884200e+02,-5.455127468700004556e+02,-2.572313400319579912e+01,4.709396578693225877e+01,-7.625885440500001096e+02,3.429174447017122134e+02,4.524401023111730638e+02,-2.525378684156320048e+02,2.336306211078717254e+01,1.969575239647626290e+02,-1.149709890053815968e+02,-3.513998424999900294e+02
8.274286666666668566e+01,-1.475938095238095116e+01,-1.842265564539078468e+02,-6.433016357342205005e+00,2.630952044423060556e+02,7.428213412169289143e+01,-4.135775481575294066e+02,5.713977836369990904e+00,5.595018650346563618e+02,-5.410650716099579682e+01,1.375663322862128268e+02,-5.794417595736000521e+02,-2.520015854587492043e+01,4.727479714174713621e+01,-7.155574074879997397e+02,3.351934766391984226e+02,4.589174531429998751e+02,-2.626347874276591483e+02,2.277364040831238157e+01,1.971621581764156019e+02,-1.124048100127979239e+02,-3.363500715435898769e+02
8.318582179487178507e+01,-1.296214285714285808e+01,-1.753384613696177325e+02,-6.097924173932042891e+00,2.524020029049486311e+02,7.214313095711710844e+01,-3.448731699333936263e+02,5.730040422197159700e+00,5.316697119522433468e+02,-5.067766259057442824e+01,1.298898355109948284e+02,-4.834319859810000253e+02,-2.410292390993100042e+01,4.633744166317741531e+01,-5.687410439800000859e+02,3.135445335974037562e+02,4.474804672791343023e+02,-2.393151695615347876e+02,2.234020235951594913e+01,1.897018153220478496e+02,-1.035744367757148154e+02,-3.131715667075162628e+02
8.406444487179486202e+01,-1.459157142857142730e+01,-2.060238462617604114e+02,-6.521031485301362451e+00,2.895324765907521964e+02,7.723117818833705428e+01,-4.527992723929867225e+02,5.857742068233603661e+00,5.929696723730904750e+02,-5.836593412057710850e+01,1.508381396927363767e+02,-6.191367526925002949e+02,-2.639228242536506741e+01,5.090717061096135154e+01,-7.265200992000000042e+02,3.812790904781357995e+02,5.358010801968364376e+02,-2.821411137395763262e+02,2.378970699158110946e+01,2.149384076223617512e+02,-1.185029590334799963e+02,-3.800901173356249956e+02
8.398628717948716371e+01,-1.424619047619047585e+01,-1.898237645300407905e+02,-6.423930979579024481e+00,2.625979756533436102e+02,7.574701296236139569e+01,-4.475954078135292207e+02,5.726653089439330380e+00,5.834451830222740227e+02,-5.501874060002739242e+01,1.388510417604053941e+02,-5.863691654567995784e+02,-2.523257360665530413e+01,4.806950123827124344e+01,-7.456841890079996347e+02,3.581407012427681025e+02,4.614845788751539999e+02,-2.701748329040347016e+02,2.281730088410882473e+01,2.057072699751361142e+02,-1.124302601130469981e+02,-3.385279149239402727e+02
8.336497948717948248e+01,-1.417876190476190423e+01,-1.862537019524833113e+02,-6.367029597312008349e+00,2.731277784746754378e+02,7.402180772046671109e+01,-4.004704422127600765e+02,5.782310797970516170e+00,5.518113434463747353e+02,-5.575204721009448861e+01,1.390935281423823255e+02,-5.548793901871998742e+02,-2.535732762944100926e+01,4.886438910173200156e+01,-6.596627650773333471e+02,3.453323671346578294e+02,4.904535521747499729e+02,-2.634939958059803757e+02,2.282118916215158677e+01,2.017917017814856422e+02,-1.105322698014678195e+02,-3.574730316564820782e+02
8.454364999999999952e+01,-1.434433333333333138e+01,-1.778323657821849508e+02,-6.225219831792558445e+00,2.612626656020560176e+02,7.392093137981454731e+01,-3.345887029462351165e+02,5.859922691861424227e+00,5.511898541209922087e+02,-5.275326199276012318e+01,1.328072456803482453e+02,-4.927089069055999744e+02,-2.530207308577457326e+01,4.762819217304101471e+01,-6.498136227840001311e+02,3.024604091109326873e+02,4.454168112320001001e+02,-2.430468850510537493e+02,2.310441558379249827e+01,1.875929799070876527e+02,-1.047659143240848465e+02,-3.065234338487034051e+02
8.550991923076924195e+01,-1.517090476190475989e+01,-2.054933631132586527e+02,-6.602496577787592358e+00,2.798684839562836828e+02,7.829292423664723799e+01,-4.833369769482691822e+02,5.843023206907530742e+00,5.955021543608364709e+02,-5.935214468123841414e+01,1.536503678018474659e+02,-6.317470771919998924e+02,-2.636360541375696087e+01,5.115810611213808556e+01,-8.455742064000002074e+02,3.920252821400404173e+02,5.171924574713077618e+02,-2.780648768327958464e+02,2.376274448983258125e+01,2.149231745092440065e+02,-1.235255891171905631e+02,-3.995741442980985880e+02
8.368819358974360512e+01,-1.442971428571428838e+01,-1.821846327149287674e+02,-6.429376904685722316e+00,2.763154189313484608e+02,7.567423458957257765e+01,-4.078657906106698192e+02,5.829054228571883378e+00,5.720436635248005359e+02,-5.507583570041855126e+01,1.369767987046445512e+02,-5.739973968315997581e+02,-2.557792698638843021e+01,4.842944340073496079e+01,-6.439935128316666351e+02,3.380569268607624167e+02,4.611718017282790925e+02,-2.692214737497313308e+02,2.314569476579270102e+01,1.993955046772993569e+02,-1.128546601343466449e+02,-3.276694753191683844e+02
8.461925769230769845e+01,-1.475252380952380804e+01,-1.945192442150164140e+02,-6.432226654514210828e+00,2.693077923285633801e+02,7.558293746656802625e+01,-4.007805160580791721e+02,5.853275857849916441e+00,5.598251014150574747e+02,-5.389391608818058899e+01,1.446284461692182219e+02,-5.356310404503000200e+02,-2.588524029015080785e+01,4.783320820181708655e+01,-7.153776259253335184e+02,3.420146489697558536e+02,4.520131648440705021e+02,-2.657329339937865029e+02,2.375679001209250174e+01,2.111338125468053022e+02,-1.160133293238896357e+02,-3.388409055636011544e+02
8.437847948717949009e+01,-1.422457142857142820e+01,-2.080077515907454995e+02,-6.574174871082354876e+00,2.977777494934019273e+02,7.890867308956551085e+01,-4.623180082590585585e+02,5.909538156606371828e+00,5.953655824107030412e+02,-5.960589571883267723e+01,1.556338033941310073e+02,-6.233252183704000799e+02,-2.655847212078246145e+01,5.168453586947080680e+01,-7.186529284480001252e+02,3.875429548550760046e+02,5.333964168919169424e+02,-2.932074364928792534e+02,2.407143796037376760e+01,2.202314960630596374e+02,-1.238378445693787171e+02,-3.899943402165839075e+02
8.461758461538462939e+01,-1.480723809523809642e+01,-2.051579278873611543e+02,-6.479613613599298994e+00,2.864491981930176507e+02,7.836591435228258717e+01,-4.311235750813303866e+02,5.900338129457998626e+00,5.971642904409519588e+02,-5.721498371328694077e+01,1.531350940353300700e+02,-5.904282647132998818e+02,-2.643734374106391982e+01,5.014522636442288217e+01,-7.537653925799999115e+02,3.658984379002304195e+02,5.059650229528559180e+02,-2.759556928088772452e+02,2.411423582952140876e+01,2.144852942301787948e+02,-1.219556614559275971e+02,-3.660981390896873222e+02
8.460334230769230146e+01,-1.494299999999999784e+01,-1.806165403719548408e+02,-6.636423085536108601e+00,2.396491110096145576e+02,7.225796723600315374e+01,-3.876554639475294266e+02,5.914540199049016067e+00,5.253432748483556907e+02,-5.275095380822187252e+01,1.352444611182054928e+02,-5.214777982299497125e+02,-2.561738684097722896e+01,4.639067795323283860e+01,-6.572893822289998980e+02,3.251487765481643919e+02,4.360246107547162637e+02,-2.391796769953926116e+02,2.299691688025390945e+01,1.867876980843523995e+02,-1.066987303235283662e+02,-3.153026379498677443e+02
8.528956153846154109e+01,-1.551666666666666572e+01,-2.046918793108155228e+02,-6.715081327498033659e+00,2.813551883069778228e+02,7.944862522485986744e+01,-5.100287776960588531e+02,5.887111000816569906e+00,6.242213672376317390e+02,-5.975947936214723910e+01,1.509922248356015189e+02,-6.825351847148998559e+02,-2.652022534841408330e+01,5.130357079053269587e+01,-8.590477960973331619e+02,3.927917592968063332e+02,5.064789017114860030e+02,-2.800087343056036957e+02,2.390330634881473060e+01,2.064213984884291904e+02,-1.244752419690690459e+02,-3.669950189442524788e+02
8.645427948717949107e+01,-1.514990476190476087e+01,-2.229335337141669129e+02,-6.777316564250449815e+00,3.220909070487198278e+02,8.262955193274841292e+01,-5.061912568315928524e+02,6.057130295043116064e+00,6.324125934732838914e+02,-6.328365119546601392e+01,1.641763744623175398e+02,-6.969463094182497116e+02,-2.747804926114734059e+01,5.438154976262813989e+01,-7.838807104680000748e+02,4.101106404287407941e+02,5.645464820157692429e+02,-3.161184739482583836e+02,2.536586779143204140e+01,2.365002577409442495e+02,-1.353346557168989079e+02,-4.063682255663052842e+02
8.342509358974358236e+01,-1.441466666666666718e+01,-1.970731149610929265e+02,-6.432729358700532529e+00,2.713254897145237692e+02,7.567803180198403368e+01,-4.260759313106605077e+02,5.766582156127483927e+00,5.663444592670745124e+02,-5.645012613847257654e+01,1.468245321598120938e+02,-5.758157587463998652e+02,-2.564905857438707670e+01,4.920905921397449134e+01,-7.386394713119999551e+02,3.547233000528268576e+02,4.846442431511023869e+02,-2.654493476425716949e+02,2.309669005863272773e+01,2.015796859948168844e+02,-1.174574738936417617e+02,-3.640394873104590374e+02
8.264939102564102313e+01,-1.464676190476190598e+01,-1.938089799755763636e+02,-6.486728700467412345e+00,2.517147583541424751e+02,7.276850684479009601e+01,-4.248828535667420283e+02,5.719460060841472959e+00,5.572802235016184795e+02,-5.546635629887438768e+01,1.377940971475241270e+02,-5.634629618124997705e+02,-2.546518110325020956e+01,4.802791881612149183e+01,-7.579257424999997284e+02,3.528550128273379869e+02,4.807524370504007152e+02,-2.378003829058411895e+02,2.265460637386009424e+01,1.853387203009960444e+02,-1.078778268348869602e+02,-3.575426905874921317e+02
8.379227948717948493e+01,-1.500399999999999956e+01,-1.904147346029581911e+02,-6.491263294100042103e+00,2.634931229866762692e+02,7.522881960543260504e+01,-4.211764184788103194e+02,5.824519018853774099e+00,5.877397008090541703e+02,-5.588809016198442947e+01,1.419892144928359698e+02,-5.841182153063999749e+02,-2.569148249295936282e+01,4.884364748891604791e+01,-7.835197062539999706e+02,3.441623597677496491e+02,4.772041646332789924e+02,-2.632887836268643014e+02,2.320087899090023953e+01,1.990154328836876800e+02,-1.153656873237838170e+02,-3.394441665769727479e+02
8.405389615384613933e+01,-1.475328571428571145e+01,-1.883100165312374088e+02,-6.299383041249402737e+00,2.648729338463144245e+02,7.508541360127834707e+01,-3.925801399242893694e+02,5.786748130328228434e+00,5.728445285271288867e+02,-5.378619124237537363e+01,1.413978452110035562e+02,-5.377810044000000289e+02,-2.519795870160532303e+01,4.821939232690370858e+01,-7.336296261333332041e+02,3.400235084707176725e+02,4.708203060935898634e+02,-2.573260432055526508e+02,2.289146439336813188e+01,2.018828615412828924e+02,-1.127590499494160241e+02,-3.431836180324834800e+02
8.328176794871794186e+01,-1.481428571428571139e+01,-1.845593271696004933e+02,-6.468935164452809694e+00,2.613113246955834370e+02,7.506471246451349089e+01,-4.183425507193032900e+02,5.738990429602318422e+00,5.630739890755347687e+02,-5.479314272445086687e+01,1.366067405699937751e+02,-5.792921468432999745e+02,-2.536493231746911903e+01,4.759029796650288091e+01,-7.197289948859998958e+02,3.396060206167837805e+02,4.588275085081169777e+02,-2.560400910389121236e+02,2.282538711879677251e+01,1.917353037135913496e+02,-1.103803934520746992e+02,-3.343196065679949243e+02
8.123016410256410325e+01,-1.572295238095238190e+01,-1.778308728286892801e+02,-6.285790766281324160e+00,2.475339134579577092e+02,7.117348610646611462e+01,-3.631577574923073826e+02,5.655125228154091133e+00,5.456991729046006867e+02,-5.212317106211187934e+01,1.299025721950650336e+02,-5.200393997850000005e+02,-2.480624034520399945e+01,4.569079109523099191e+01,-7.312822563500000115e+02,3.077976076055198860e+02,4.317183152389613952e+02,-2.449433253994437223e+02,2.213010790119004056e+01,1.851992096561138510e+02,-1.063415177054830423e+02,-3.144560945671363470e+02
8.434030512820513081e+01,-1.530199999999999960e+01,-1.992485346132959023e+02,-6.468098374044837229e+00,2.803118099310560751e+02,7.532113412071647929e+01,-4.448838789061084640e+02,5.809788468060670397e+00,5.776048250369841526e+02,-5.632318120866693079e+01,1.466314712050316871e+02,-5.928648977047998869e+02,-2.606528132326022273e+01,4.908509099999616154e+01,-7.930623480586665437e+02,3.681492808210394969e+02,4.881534923188974062e+02,-2.831763404691471351e+02,2.361218048318430363e+01,2.147840305552035716e+02,-1.163793174644903843e+02,-3.620752763205999258e+02
8.437236666666666451e+01,-1.447814285714285631e+01,-1.879466609542940887e+02,-6.372495453645640850e+00,2.704549168611262644e+02,7.491801596543793096e+01,-3.995102632508234137e+02,5.829789955295134440e+00,5.746660159484373480e+02,-5.539460926784497730e+01,1.417379954396303390e+02,-5.573860481023998545e+02,-2.569116125862973732e+01,4.896855641776553369e+01,-6.948356377599999405e+02,3.455169415648572908e+02,4.688683373769997615e+02,-2.571347964331321236e+02,2.306652799462040093e+01,1.970824462118052907e+02,-1.137782990811440413e+02,-3.459899863146812891e+02
8.542605512820513525e+01,-1.453809523809523796e+01,-1.964907186842722524e+02,-6.474807225892541318e+00,2.834169053869329673e+02,7.683064413340366627e+01,-4.185114597160882681e+02,5.922140797156941083e+00,5.767234443929741019e+02,-5.636606783799601317e+01,1.461649841030858568e+02,-5.559049134327000274e+02,-2.621065391061870287e+01,4.980855720666107089e+01,-6.919125352533334308e+02,3.601593307891890277e+02,4.845193969163524912e+02,-2.667844468569207379e+02,2.407376508008349703e+01,2.121362403180909553e+02,-1.179113204565155542e+02,-3.532025960533759985e+02
8.340260769230769711e+01,-1.432409523809523932e+01,-1.850023050608388928e+02,-6.354117536159121116e+00,2.591767425242421155e+02,7.434128554059029170e+01,-3.958499457171039921e+02,5.734690550061297465e+00,5.526978248522310651e+02,-5.451051022832155013e+01,1.413462917323915065e+02,-5.394036544560000266e+02,-2.526024935648948855e+01,4.793646587001744308e+01,-7.133432956200000490e+02,3.376787795732486188e+02,4.516347862456411804e+02,-2.659097675485442096e+02,2.287681958027492257e+01,2.038031467541282780e+02,-1.154625355942026630e+02,-3.303864059603842520e+02
8.155982564102565391e+01,-1.541399999999999970e+01,-1.851475878840161897e+02,-6.492852486461194950e+00,2.601084868813714479e+02,7.620537479268736547e+01,-4.785478697296696282e+02,5.667689628006603364e+00,6.013586083049038962e+02,-5.765313625117320839e+01,1.361517061996570135e+02,-6.451204384476002360e+02,-2.523737465616066089e+01,4.902845639356677054e+01,-8.526663072840000268e+02,3.730501672846992847e+02,4.829418283274035275e+02,-2.565244381521712853e+02,2.195350701947456074e+01,1.878580466044313084e+02,-1.148967707156277811e+02,-3.699988455533777483e+02
8.526238076923077358e+01,-1.523104761904762050e+01,-1.957542595660553957e+02,-6.429429588123812600e+00,2.776100536798142002e+02,7.710877367569071339e+01,-4.231660785049957099e+02,5.824908528189037149e+00,6.055711805545594189e+02,-5.650885860667000316e+01,1.433691959270005043e+02,-5.885681104380000761e+02,-2.589314839174989658e+01,4.973500908503538653e+01,-7.867910111599999254e+02,3.606052485014226932e+02,5.036362781815785752e+02,-2.686970559761401205e+02,2.337194234495152401e+01,2.088012095226521296e+02,-1.150924816501402006e+02,-3.684990953394081998e+02
8.527978333333332728e+01,-1.443557142857142850e+01,-2.036867873184216933e+02,-6.451913043627195421e+00,2.822070043977328169e+02,7.533957701898651749e+01,-4.230180681120000941e+02,5.877537023808110384e+00,5.663179104385000073e+02,-5.572421778979477125e+01,1.526138479779426973e+02,-5.626306684511997673e+02,-2.617198014037738574e+01,4.918607029264197195e+01,-7.292743199360000972e+02,3.617753894980634186e+02,4.947413661468332862e+02,-2.792781815200823985e+02,2.420180487872508124e+01,2.221763472945916931e+02,-1.201233121282262175e+02,-3.676502317342612969e+02
8.273305384615383673e+01,-1.504700000000000060e+01,-1.982309318222343677e+02,-6.531013396432252982e+00,2.784087300626126193e+02,7.745083285002074547e+01,-4.654112074276765725e+02,5.777659899864205251e+00,5.924975710999844978e+02,-5.864407567063219062e+01,1.442616237630131479e+02,-6.369952573764001045e+02,-2.627569908364010232e+01,5.048608054913322007e+01,-7.592573632800000496e+02,3.806973351003179005e+02,5.243462570562054452e+02,-2.716687744180188133e+02,2.308109453360584951e+01,2.084986874104846493e+02,-1.185172774105566020e+02,-3.824654418191522041e+02
8.489053589743589612e+01,-1.439723809523809628e+01,-1.951737682787481276e+02,-6.410413642719178462e+00,2.664225032696638777e+02,7.356790176274918736e+01,-4.080213611732850723e+02,5.860479954808025305e+00,5.543552750943905494e+02,-5.402075591693473910e+01,1.448908159032952483e+02,-5.296361828218498431e+02,-2.595390247540599660e+01,4.806498756141721174e+01,-7.165976628589997972e+02,3.488160896818209267e+02,4.685286300878124166e+02,-2.691067452989552748e+02,2.392928485347131229e+01,2.144782286890539638e+02,-1.116835935562621813e+02,-3.421286410366550967e+02
8.373369999999999891e+01,-1.451590476190476231e+01,-1.949039989789924334e+02,-6.453607800694567409e+00,2.731799378861957734e+02,7.565446865389498043e+01,-4.387650885547058124e+02,5.799933278023392091e+00,5.693455710920835600e+02,-5.643272878941721160e+01,1.467260506382579308e+02,-5.784450883430999966e+02,-2.586413957903837257e+01,4.948837067016882685e+01,-7.503935332849997621e+02,3.702355578526406248e+02,4.915689797030835280e+02,-2.719465870942696597e+02,2.321242598278778502e+01,2.077355856566695138e+02,-1.171226125395763376e+02,-3.598986030810469288e+02
8.427689230769230733e+01,-1.385366666666666369e+01,-1.891029022460047884e+02,-6.302374229912031112e+00,2.657707831064187189e+02,7.311763683739424380e+01,-3.813506275001831796e+02,5.804747022440346349e+00,5.418923282427642789e+02,-5.388480666398280761e+01,1.399274162999430473e+02,-5.132592115896001133e+02,-2.551571220484623836e+01,4.796637520438437008e+01,-6.799958261599998650e+02,3.427480678609746292e+02,4.884050592586152106e+02,-2.509122895546915117e+02,2.318147918141735531e+01,2.061886507147812324e+02,-1.112477339089837614e+02,-3.485450274180911379e+02
8.292341282051280871e+01,-1.417819047619047623e+01,-1.818338810887019008e+02,-6.305532646955308351e+00,2.665222125884353659e+02,7.529252052750109669e+01,-3.781657048053575068e+02,5.789451850475941797e+00,5.706638876303101142e+02,-5.522129421030733454e+01,1.375416896454719335e+02,-5.434904903263999358e+02,-2.540973806474033836e+01,4.879007914521184119e+01,-6.696975342613333169e+02,3.322300863965297140e+02,4.817448899152821014e+02,-2.528572147394671106e+02,2.266855952271864538e+01,1.893621179816468043e+02,-1.112949567826625952e+02,-3.370913830823399167e+02
8.495827564102565077e+01,-1.499399999999999977e+01,-2.098439885386911214e+02,-6.646194138021704667e+00,3.028808946206524979e+02,7.901222300372860730e+01,-4.838116809831109890e+02,5.927562903108994696e+00,6.133522151039639994e+02,-6.207267313920230833e+01,1.604612009989045873e+02,-6.395168454030000476e+02,-2.723515346165394391e+01,5.328805346786560193e+01,-7.812785796750000600e+02,4.074200860070350814e+02,5.559550357777599174e+02,-2.887110853139811866e+02,2.420527394513632302e+01,2.229934740849601269e+02,-1.265341452920067837e+02,-4.135112405854097801e+02
8.219711923076921778e+01,-1.430523809523809575e+01,-1.813084355531359222e+02,-6.268305678743962162e+00,2.513886508755050500e+02,7.016356168796461645e+01,-3.682562334341154155e+02,5.765163132110762589e+00,5.135972592215781560e+02,-5.310905362651524086e+01,1.381263157257608896e+02,-4.792919747070000085e+02,-2.495305635717650716e+01,4.715311697944080294e+01,-6.411265669900002422e+02,3.257386553635423070e+02,4.602132432637499733e+02,-2.395848967786285186e+02,2.272941661536628644e+01,1.918210259218483884e+02,-1.097735869836208025e+02,-3.125816144990033649e+02
8.426550641025640687e+01,-1.459090476190476160e+01,-2.007761478946640921e+02,-6.527325481766954596e+00,2.852341436795355207e+02,7.692282034802620672e+01,-4.188189548227600767e+02,5.910856305730641580e+00,5.846785653930688795e+02,-5.516620303414764237e+01,1.442506744811271631e+02,-5.741934366748996581e+02,-2.623272099672154667e+01,4.853682572798706474e+01,-7.553234012216663587e+02,3.478181403255358646e+02,4.509082350727277912e+02,-2.799698082110822952e+02,2.397370861335414105e+01,2.090156771713909336e+02,-1.144429029015834800e+02,-3.466802958450106189e+02
8.421432051282052100e+01,-1.437128571428571355e+01,-1.920410247584520391e+02,-6.418294383543793558e+00,2.717917153771118706e+02,7.542453039038801421e+01,-4.232559955975384014e+02,5.778561355541953048e+00,5.664888949568797898e+02,-5.690272332967089142e+01,1.477600506714645405e+02,-5.523183011904000068e+02,-2.564519927971286961e+01,4.999649801286515327e+01,-7.201332714239998722e+02,3.666748645404749141e+02,4.950248048109231149e+02,-2.601806108886913194e+02,2.315865305798773122e+01,2.045539676582323239e+02,-1.181134920870281206e+02,-3.767902077526911739e+02
8.307294615384614644e+01,-1.444023809523809376e+01,-1.797086913906730103e+02,-6.491785856714865410e+00,2.514261164473685994e+02,7.325903270819898694e+01,-4.352261384841896756e+02,5.674339663638611420e+00,5.413110787899406660e+02,-5.392465625956128150e+01,1.311514586682481820e+02,-5.782873067354997829e+02,-2.456976653646048092e+01,4.667608905159932675e+01,-7.576920707856667150e+02,3.399883824518243500e+02,4.376971661484038236e+02,-2.501351363214057528e+02,2.224255095915507852e+01,1.843821551426684664e+02,-1.120990226492854447e+02,-3.352978886566052097e+02
8.161017051282051682e+01,-1.484504761904761949e+01,-1.741399641158669738e+02,-6.221428867208063984e+00,2.356035834360334889e+02,6.832471762667636028e+01,-3.425249017371584159e+02,5.606422885830053993e+00,5.021390569128751054e+02,-4.980864689443411208e+01,1.250358967931070566e+02,-4.927735624031998896e+02,-2.431457220054882384e+01,4.381947680316407912e+01,-6.873710556959999849e+02,2.877934001468705674e+02,4.051413543915001014e+02,-2.308734434924534469e+02,2.204864229600487135e+01,1.775510042415862415e+02,-1.001842036917123835e+02,-2.889735245499969096e+02
8.269098205128204881e+01,-1.418671428571428450e+01,-1.787037582883583298e+02,-6.337237744081106072e+00,2.518174785234267858e+02,7.379894130534322017e+01,-4.077525356736425124e+02,5.666551598230165965e+00,5.395109041325853241e+02,-5.454954932657385314e+01,1.345326477260055071e+02,-5.567083728665999161e+02,-2.494780055976021060e+01,4.772266026703812258e+01,-6.594637821679997387e+02,3.403200061421025566e+02,4.732618763381345843e+02,-2.574636878265825430e+02,2.218459612753284915e+01,1.931356343096131241e+02,-1.087156046991580354e+02,-3.270518410410678598e+02
8.276172948717947975e+01,-1.517204761904761767e+01,-1.973328996562576947e+02,-6.508382683453374895e+00,2.831451741328061189e+02,7.439959537648590526e+01,-4.328455139334841988e+02,5.825992781553753552e+00,5.735891332854147322e+02,-5.711769106873799728e+01,1.487732648434728162e+02,-5.845666550159999133e+02,-2.601838191226990560e+01,4.990329772734394709e+01,-7.805023496000002297e+02,3.612461317070409450e+02,5.024221454833655116e+02,-2.813790858765225948e+02,2.355822805401340503e+01,2.115003807355342076e+02,-1.179735682238804060e+02,-3.693894263994255880e+02
8.394591538461538960e+01,-1.424790476190476340e+01,-1.919285473993865025e+02,-6.396453314689103387e+00,2.858174841942334865e+02,7.597646976728263724e+01,-4.228326291274502751e+02,5.822166388165793904e+00,5.774381115641584756e+02,-5.649870356313825681e+01,1.461233776850325228e+02,-5.774130058532001613e+02,-2.555593335647383668e+01,4.944511278944978727e+01,-7.092613711120001199e+02,3.612777408518078346e+02,4.876859347868718828e+02,-2.819481482746620031e+02,2.340842833183988958e+01,2.138509164311426787e+02,-1.169342483928815994e+02,-3.655150211883902784e+02
8.223112820512820065e+01,-1.466009523809523962e+01,-1.909448455754318275e+02,-6.410814545505296280e+00,2.716080783478381591e+02,7.578272426541357731e+01,-4.343593695897649241e+02,5.736876434649280654e+00,5.946130274839260892e+02,-5.751521578396526735e+01,1.423208002543111945e+02,-6.027299902623998378e+02,-2.537151570448920523e+01,4.982893183142388693e+01,-7.701007580933336385e+02,3.655060407714057078e+02,5.074054820712306082e+02,-2.668893354615454427e+02,2.272471965225651047e+01,2.020420375370140675e+02,-1.137973781951686050e+02,-3.679038530027875140e+02
8.251820512820513898e+01,-1.437347619047618963e+01,-1.781355243887447557e+02,-6.279397476310723647e+00,2.542796309482426693e+02,7.406903171165399158e+01,-3.774085099052375085e+02,5.721815255718799342e+00,5.631153503012377541e+02,-5.467608660780185659e+01,1.350502415828709388e+02,-5.276073706154999172e+02,-2.535247534313385742e+01,4.838272305411394569e+01,-6.751136258999998745e+02,3.331235732364420414e+02,4.684454828598459812e+02,-2.370938977693080858e+02,2.215970770656043243e+01,1.818512637009461628e+02,-1.081783691851611167e+02,-3.383641954140506982e+02
8.329895128205127719e+01,-1.487119047619047585e+01,-1.885950689848586421e+02,-6.425636880192431732e+00,2.753754886330577847e+02,7.557121670628734478e+01,-4.192684829981403141e+02,5.817295014771821648e+00,5.968438876984336048e+02,-5.709427558197042885e+01,1.463487117242177362e+02,-5.984972740592999116e+02,-2.575796795038196052e+01,4.934351671250335869e+01,-7.963751190339999084e+02,3.551996943496951076e+02,4.987145424144517847e+02,-2.685616380869817590e+02,2.303071082650215828e+01,2.016535051885615530e+02,-1.141525788041417258e+02,-3.602714694305558396e+02
8.515671923076924088e+01,-1.458152380952380867e+01,-1.968864019255814810e+02,-6.434509960015391883e+00,2.700268442311933086e+02,7.519120630506230896e+01,-4.130783159659184207e+02,5.756559296040530072e+00,5.522323626783644386e+02,-5.486077852792146103e+01,1.442016863504290711e+02,-5.595892445987999508e+02,-2.543776219376675485e+01,4.845305662957081694e+01,-7.173500981053331316e+02,3.468005788895696924e+02,4.631891084224998849e+02,-2.633658154956502244e+02,2.343820466378080880e+01,2.017340205411962870e+02,-1.141830096159157364e+02,-3.558102626491707952e+02
8.438095128205128503e+01,-1.590366666666666795e+01,-1.995242864972977088e+02,-6.639358690217354031e+00,2.892601536864452783e+02,7.838243658520072188e+01,-4.837911550637646201e+02,5.830701201915505116e+00,6.164063868917251057e+02,-5.934272224060718059e+01,1.499448950771553939e+02,-6.612753870734003385e+02,-2.659866255131720081e+01,5.082142547929922927e+01,-8.202680668856668262e+02,3.816208220030194980e+02,5.012419357343558204e+02,-2.921925611547241601e+02,2.373917049859813133e+01,2.162163249471944937e+02,-1.219796613871878748e+02,-3.727758117288648236e+02
8.434976794871795391e+01,-1.444404761904761969e+01,-1.962722399697220510e+02,-6.473169373682709171e+00,2.782532513273270069e+02,7.571514860051335916e+01,-4.221922216817937397e+02,5.881018692655567648e+00,5.617047622815563273e+02,-5.649187080656435000e+01,1.458550775246707758e+02,-5.870858275002500477e+02,-2.583596932390240397e+01,4.935959940528167067e+01,-7.135393502683333509e+02,3.528214946214576457e+02,4.913685000381332202e+02,-2.773018894286512932e+02,2.363183671956968013e+01,2.120271408300599205e+02,-1.159239638869558462e+02,-3.523768285738314603e+02
8.002558333333334417e+01,-1.386823809523809636e+01,-1.630529345944799502e+02,-6.072760027869687605e+00,2.323523509100872957e+02,6.846873187923243620e+01,-3.307953328588235991e+02,5.521541240494815206e+00,5.054749053184789886e+02,-4.824147956343453103e+01,1.188133248946830633e+02,-4.694020237199999883e+02,-2.361708248647902053e+01,4.335745604316804247e+01,-6.342884155999998939e+02,2.912850218832934956e+02,4.151852746358331956e+02,-2.238292378145691544e+02,2.119362561069996076e+01,1.740523650444010855e+02,-9.667328981580899949e+01,-2.925747631888156093e+02
8.573016153846153031e+01,-1.473052380952380958e+01,-1.997714273358761545e+02,-6.487273790131241391e+00,2.770077528713348443e+02,7.778309312362277694e+01,-4.434819889427939756e+02,5.824681447093190023e+00,5.735399588089885583e+02,-5.778240719955877580e+01,1.510613978939022672e+02,-5.870805244114496872e+02,-2.600626791801917648e+01,5.033653723014082715e+01,-7.081029134880000129e+02,3.700766257048064745e+02,4.793256672163556118e+02,-2.664923837238871442e+02,2.364615833816457169e+01,2.045273231776207865e+02,-1.214053035859644467e+02,-3.741165438488953896e+02
8.512958205128205691e+01,-1.511728571428571399e+01,-2.035409831089964712e+02,-6.604443924754959561e+00,2.780692156265354811e+02,7.800740835665074258e+01,-4.562254563953416096e+02,5.889700406796219312e+00,5.805570774832668803e+02,-5.709248200772685067e+01,1.500308987099425337e+02,-6.010999181801998930e+02,-2.627236486040355956e+01,5.006578190227136815e+01,-7.421494409279999900e+02,3.700668606929075963e+02,4.912636270050642224e+02,-2.775284203091857194e+02,2.405694721705833672e+01,2.142051067242305464e+02,-1.224559307219025186e+02,-3.538484170000617723e+02
8.561454999999999416e+01,-1.407790476190476170e+01,-1.975262140690101660e+02,-6.417139361590616708e+00,2.880260612632510515e+02,7.776338832392271172e+01,-4.157282012164703815e+02,5.931038158773541014e+00,5.685085150029584611e+02,-5.777053994617210009e+01,1.508846517494136208e+02,-5.708615035324999099e+02,-2.600127055813473831e+01,5.146554900661033827e+01,-6.316980364083333370e+02,3.619165876786668719e+02,5.092589000924996867e+02,-2.752945795027836198e+02,2.393066055083138011e+01,2.134890289259183191e+02,-1.198507353872764583e+02,-3.703156396164287116e+02
8.477179743589742600e+01,-1.435757142857142732e+01,-2.053024133090822829e+02,-6.462075558392222696e+00,2.884318876176986350e+02,7.737482352563327481e+01,-4.311399340633121255e+02,5.891727728558512567e+00,5.955218359971402151e+02,-5.847777017774676978e+01,1.524909570910333230e+02,-5.795072585849999314e+02,-2.638623496319122808e+01,5.149361769152589829e+01,-7.254082522000002200e+02,3.766327205064562804e+02,5.249654761403844532e+02,-2.761778840985651868e+02,2.389271587260201457e+01,2.161953726681404930e+02,-1.188051912202342351e+02,-3.771631320535818190e+02
8.466567307692308475e+01,-1.403500000000000014e+01,-1.799608939850100171e+02,-6.267158935089110372e+00,2.544355868859351517e+02,7.338697372840357502e+01,-3.813382394684704764e+02,5.803274001265914528e+00,5.369850189484903922e+02,-5.416332622406059016e+01,1.385756424001825735e+02,-5.211801197280000224e+02,-2.513928067539945133e+01,4.827302604660019369e+01,-6.280944417333331558e+02,3.334759390598616733e+02,4.687890131561537714e+02,-2.526247339528600264e+02,2.283463062561611068e+01,2.008994281902342038e+02,-1.101205656592295412e+02,-3.261035874195053452e+02
8.337525897435898514e+01,-1.471185714285714319e+01,-1.834778791453873339e+02,-6.408401363266974293e+00,2.624098413514300887e+02,7.417150010083280165e+01,-4.133951561850768144e+02,5.729591077583412684e+00,5.556178202845769647e+02,-5.340235464604572257e+01,1.363513723890279152e+02,-5.535243266804001223e+02,-2.523272282448424519e+01,4.686786182473029783e+01,-7.289260016719999840e+02,3.377377397774329779e+02,4.429266615414741750e+02,-2.592972618707605079e+02,2.281769213134505847e+01,1.977975027765033929e+02,-1.100854593836230464e+02,-3.374819321035201938e+02
8.260427179487180638e+01,-1.429690476190475934e+01,-1.783148211511952752e+02,-6.363823601513380446e+00,2.534592085952501179e+02,7.552164925148856867e+01,-3.979034083192125877e+02,5.735819229740198644e+00,5.857942138999345616e+02,-5.280626070792870763e+01,1.329614504252729716e+02,-5.559718052550001630e+02,-2.495705966970073320e+01,4.646935311173407968e+01,-7.591063539933333004e+02,3.291241546168665764e+02,4.374117792531410487e+02,-2.490214982695430876e+02,2.244357486915125932e+01,1.862932918958482844e+02,-1.096259305368744066e+02,-3.149903965169094135e+02
8.376380256410256209e+01,-1.368947619047619035e+01,-1.839174189191963080e+02,-6.241805612879681497e+00,2.688900468073899219e+02,7.325359125603273469e+01,-3.471070874575384551e+02,5.845258797458552813e+00,5.370236794891299041e+02,-5.414077515378696148e+01,1.393990221743411837e+02,-4.953708911879999732e+02,-2.541807559467461175e+01,4.847271629184561448e+01,-6.111420785999999907e+02,3.166165416137379225e+02,4.608364835864423981e+02,-2.535936576169805221e+02,2.317133780833079015e+01,1.980975424848114699e+02,-1.109902933383318810e+02,-3.351852588124884846e+02
8.212078205128206321e+01,-1.384985714285714486e+01,-1.751680708830191406e+02,-6.281446849865936599e+00,2.489282134091004934e+02,7.214597935334376189e+01,-3.818775346562038067e+02,5.628608482550824910e+00,5.425638386280854775e+02,-5.284931802890279329e+01,1.319807888159567710e+02,-5.387700795921000463e+02,-2.488478995522514126e+01,4.588955275666980071e+01,-6.760481273820000752e+02,3.243821494134404020e+02,4.552726725753267942e+02,-2.422461388521783476e+02,2.182607148548136067e+01,1.847189821136193473e+02,-1.046823338332234385e+02,-3.329157677499316037e+02
8.303090641025642071e+01,-1.415476190476190332e+01,-1.860637934151354784e+02,-6.407722070210936316e+00,2.626267461318736309e+02,7.510914390637155691e+01,-3.818026814819003789e+02,5.809544908269229424e+00,5.625368586365626697e+02,-5.582357085755290882e+01,1.424298176179675863e+02,-5.368415746499999841e+02,-2.575454726445235920e+01,4.906931457406601282e+01,-6.686120609999999260e+02,3.371485967010548279e+02,4.730306496872563002e+02,-2.481765552490539903e+02,2.307685761337303632e+01,1.943611160749958060e+02,-1.132712558381081038e+02,-3.483819134234726107e+02
8.220495769230770122e+01,-1.482238095238095177e+01,-1.905149529410534512e+02,-6.471479602414548893e+00,2.721592453129807154e+02,7.504219823015652935e+01,-4.474155338988459789e+02,5.756098178858316317e+00,5.682180744550312284e+02,-5.788742301046357852e+01,1.453808557048367334e+02,-6.199171085220001487e+02,-2.555808913381992298e+01,4.993391016901838952e+01,-7.426267350016668161e+02,3.683919353827585610e+02,5.096297139704935830e+02,-2.697151646184140077e+02,2.287717796036044859e+01,2.024724710486433139e+02,-1.162675209591105983e+02,-3.785769950770289825e+02
8.482488974358976463e+01,-1.402809523809523995e+01,-1.791965588704927370e+02,-6.269291137384393586e+00,2.696315262107081026e+02,7.526990939021212057e+01,-3.690766567740813002e+02,5.787766000249487952e+00,5.612390516955624662e+02,-5.405996312064876008e+01,1.332524874522580660e+02,-5.297238403470001913e+02,-2.479992962535556700e+01,4.844484977495490341e+01,-6.437213422120001951e+02,3.264644556805520779e+02,4.574513828966249775e+02,-2.506476836832998458e+02,2.277802759607768834e+01,1.945822139277584881e+02,-1.101957241730549555e+02,-3.395605217241439391e+02
8.468093461538461497e+01,-1.501252380952380960e+01,-1.998971228537596687e+02,-6.564867098269411727e+00,2.775259712282436908e+02,7.746461681295151891e+01,-4.321058130181153842e+02,5.878737758847048411e+00,5.940221476663460862e+02,-5.604126207143376348e+01,1.473693211462163504e+02,-6.041398555531500278e+02,-2.616562031599563909e+01,4.874075164732123255e+01,-7.483653856069996664e+02,3.539034092862002012e+02,4.947912744650142827e+02,-2.733135846778693576e+02,2.411115843450170004e+01,2.145938211669874818e+02,-1.183548215832363013e+02,-3.505992810551168191e+02
8.031947435897436094e+01,-1.470642857142857274e+01,-1.903910148316893185e+02,-6.477939130331988871e+00,2.465261516169084075e+02,7.035323852500957287e+01,-4.110879760816741282e+02,5.657976050531226875e+00,4.996937019448919273e+02,-5.344949201402233285e+01,1.375093174935501565e+02,-5.496054037739999103e+02,-2.487244173725344965e+01,4.568549256728363872e+01,-7.744536155999999210e+02,3.220642312314886908e+02,4.428432680705383859e+02,-2.557599042523492869e+02,2.277139887097235516e+01,1.939058534824183937e+02,-1.130657973915257628e+02,-3.393870500939564181e+02
8.368492820512820174e+01,-1.488700000000000045e+01,-1.883168043998716428e+02,-6.390099478145826239e+00,2.755495788054454920e+02,7.513749730650539504e+01,-4.317646201477400041e+02,5.740962268899787446e+00,5.805048392254244618e+02,-5.481840631753934900e+01,1.387002470474448614e+02,-5.911382237520000444e+02,-2.509195177430687451e+01,4.785586255192048100e+01,-8.005949115200000961e+02,3.493114433487947394e+02,4.632267427674358942e+02,-2.785605540953686727e+02,2.274739540862509912e+01,2.038346398063562503e+02,-1.134156956176481543e+02,-3.552036221229295734e+02
8.209006794871794455e+01,-1.402180952380952483e+01,-1.995525288247481512e+02,-6.436772618273625568e+00,2.732379191855811200e+02,7.179353773407633810e+01,-4.119444277320747005e+02,5.848450069378159810e+00,5.143740980993446783e+02,-5.605142723630172696e+01,1.469143335179110181e+02,-5.290148297591998698e+02,-2.765801886863866343e+01,4.901625106508903684e+01,-7.147229932720000534e+02,3.561647263590278385e+02,4.654920479048204811e+02,-2.455350130717180264e+02,2.334236857659355735e+01,2.046398571914158424e+02,-1.185166898332886376e+02,-3.794693111924010509e+02
8.485071410256411184e+01,-1.466376190476190366e+01,-2.001458779355870377e+02,-6.541033676152699705e+00,2.900215185740688071e+02,7.984489649825289348e+01,-4.733895072238441912e+02,5.849060912949831881e+00,6.228181722156056139e+02,-5.861218789438949983e+01,1.507601146962722680e+02,-6.529851409850999744e+02,-2.615585303344800394e+01,5.132510710689339817e+01,-7.790410989900000232e+02,3.861342060503993707e+02,5.225182632520574089e+02,-2.840745017831659993e+02,2.374726097193014240e+01,2.102999585557302282e+02,-1.206389121696180950e+02,-3.721577615769645035e+02
8.543849871794871831e+01,-1.466252380952380818e+01,-2.073121733794687884e+02,-6.661686413246211913e+00,2.934357330269488671e+02,8.103963542972340406e+01,-4.806181282375384853e+02,5.897139799332010490e+00,6.336104898970962722e+02,-5.976017991475335833e+01,1.537044915892775521e+02,-6.646602570119998745e+02,-2.695731628533215485e+01,5.154593064788236489e+01,-7.948144341760001907e+02,3.866969803981601785e+02,5.231894955306536303e+02,-2.899660866329046485e+02,2.413685627130038114e+01,2.168191130937564708e+02,-1.269386129285246767e+02,-3.847751646916419759e+02
8.412063974358973439e+01,-1.480433333333333401e+01,-1.894297056528967573e+02,-6.515841644126774135e+00,2.806009112508631347e+02,7.783432042800896511e+01,-4.537191642296832015e+02,5.757834399834067085e+00,5.943879679815157715e+02,-5.869260305247860288e+01,1.430834091286976957e+02,-6.311391381215998990e+02,-2.552728100565213865e+01,5.075919315043776692e+01,-7.572501514239999096e+02,3.665135191955316145e+02,5.094139314624616759e+02,-2.764951135573518286e+02,2.285271880992736371e+01,2.009403843530338349e+02,-1.184962271690828572e+02,-3.678211300675845905e+02
8.278478205128205047e+01,-1.409619047619047549e+01,-1.798409358161916600e+02,-6.349442529898940535e+00,2.588770642464474463e+02,7.209693436496804964e+01,-3.877895860035205260e+02,5.799846212597263850e+00,5.463103358432643972e+02,-5.298082874177750057e+01,1.319797149589725791e+02,-5.429956793039997365e+02,-2.554562527613683542e+01,4.619431583611343228e+01,-7.473504124800000454e+02,3.193538327672072228e+02,4.401681564869232943e+02,-2.532370345745476925e+02,2.246709726029050103e+01,1.910396953407773708e+02,-1.119930360558931994e+02,-3.185774061622554427e+02
8.586095897435896518e+01,-1.460857142857143032e+01,-2.017443503858543181e+02,-6.597192429480570830e+00,2.965173177631160684e+02,8.063917382269615075e+01,-4.942682390897647338e+02,5.917060594577982613e+00,6.416120665451924197e+02,-6.084539647061409795e+01,1.551976056259649965e+02,-6.438549508949998881e+02,-2.645556289078640333e+01,5.303264213866813748e+01,-7.860183169800001224e+02,4.142048114518244688e+02,5.362492817639263194e+02,-2.830113299883733475e+02,2.386624091490552146e+01,2.179069215563464752e+02,-1.259941214649600170e+02,-4.053779211986291102e+02
8.291363076923077813e+01,-1.505361904761904768e+01,-1.932024003017383222e+02,-6.560738955757995150e+00,2.729208564063783911e+02,7.625902889643086269e+01,-4.509888563349182391e+02,5.782718456728421330e+00,5.831868394648222420e+02,-5.752538144906065298e+01,1.388752961118636904e+02,-6.312113235197000449e+02,-2.587698345742429140e+01,4.916460981842488565e+01,-7.887307897700001149e+02,3.546252438509970375e+02,4.736828116086634282e+02,-2.666685091900754969e+02,2.289020612094548923e+01,1.974918180481089109e+02,-1.128431830707690864e+02,-3.683524711135412986e+02
8.228502564102564065e+01,-1.393957142857142806e+01,-1.865416532271950132e+02,-6.333961043815690140e+00,2.584163088080201192e+02,7.266358270849841006e+01,-4.062847854831649101e+02,5.790360340988378596e+00,5.482321698823781162e+02,-5.411237402178674216e+01,1.428625993645125902e+02,-5.291505859334998831e+02,-2.540000524183438557e+01,4.805886784376852461e+01,-7.193699718079998320e+02,3.491650144720628077e+02,4.716581510178972962e+02,-2.537428654981073635e+02,2.295260383298025175e+01,2.036053829452185084e+02,-1.146513469097069446e+02,-3.599664869766716038e+02
8.639028461538461556e+01,-1.492990476190476201e+01,-2.120878267585153196e+02,-6.701629407580012021e+00,2.856641155209396175e+02,7.854581646978722631e+01,-4.695769861505879135e+02,5.966397095217941704e+00,5.875007974528846262e+02,-5.808824479469861046e+01,1.613834613691446975e+02,-5.973789091699998153e+02,-2.742355343024026482e+01,5.056463690238445707e+01,-7.551279201333336459e+02,3.914116010970554953e+02,4.950944622843749698e+02,-2.888067682430221907e+02,2.492481155234839463e+01,2.286450488529960126e+02,-1.265565862392955552e+02,-3.849939501881277124e+02
8.273322564102564058e+01,-1.465847619047618977e+01,-1.924827691721386884e+02,-6.420420201441305430e+00,2.703088255489604421e+02,7.427321112455936714e+01,-4.159237127452145728e+02,5.763708029751571260e+00,5.715488404237066788e+02,-5.506267901839471790e+01,1.421252791969303644e+02,-5.693070782289000817e+02,-2.548242820929846530e+01,4.800941619223957701e+01,-7.548078163119997726e+02,3.489289599645892395e+02,4.687084073130864681e+02,-2.714454368051592610e+02,2.328605313655601350e+01,2.080503206895827475e+02,-1.133871698351516955e+02,-3.558549355850116171e+02
8.281801923076923799e+01,-1.461457142857143054e+01,-1.780364060003962834e+02,-6.397731899725942917e+00,2.582147346715740355e+02,7.286199738026131456e+01,-4.048007447057646004e+02,5.711938556050815130e+00,5.479473815356130899e+02,-5.388749771683298917e+01,1.331018213326966588e+02,-5.536590043446000209e+02,-2.472018062187456877e+01,4.682810892402329728e+01,-7.294690687200001094e+02,3.295922442088021285e+02,4.490202672176108649e+02,-2.535540669857307705e+02,2.254917574608019848e+01,1.893847724780019917e+02,-1.086153926805522332e+02,-3.269751812989655377e+02
8.531343205128206364e+01,-1.389514285714285791e+01,-1.901561836208130387e+02,-6.413385630388503067e+00,2.715423252221248163e+02,7.510493796197977190e+01,-4.040490583112785430e+02,5.880539804553061245e+00,5.465692782384766133e+02,-5.458661812844950134e+01,1.422898354550300724e+02,-5.461753794997500790e+02,-2.578761937319427489e+01,4.843639792526783339e+01,-6.322320704700000533e+02,3.454016541053028391e+02,4.647113426335628219e+02,-2.681014474241725907e+02,2.372389561757364973e+01,2.087067366319517987e+02,-1.166137006566498400e+02,-3.354795918966127033e+02
8.433738717948718033e+01,-1.507285714285714384e+01,-1.883507818666938363e+02,-6.441607110770510403e+00,2.926405822527352143e+02,7.565350816770902043e+01,-4.186620344258100204e+02,5.929936454197793694e+00,5.768658604905286893e+02,-5.701592980485668249e+01,1.450900688727730312e+02,-5.835459498043999247e+02,-2.716427729602930796e+01,4.922853904602175845e+01,-7.267207473533334223e+02,3.521505454591930402e+02,4.913230068390161023e+02,-2.739041372962962555e+02,2.352478159425868043e+01,2.147383265035956867e+02,-1.206878830564496639e+02,-3.532108982200176683e+02
8.198064102564102029e+01,-1.401590476190476409e+01,-1.696882410357090976e+02,-6.203650356790602061e+00,2.329411687658645462e+02,7.132092946526201160e+01,-3.730574781819187251e+02,5.641699178826146799e+00,5.111203068089375847e+02,-4.925511221789933103e+01,1.254586701552396448e+02,-4.985894933964001439e+02,-2.390450940127769641e+01,4.424896219810692344e+01,-7.016186005920000071e+02,3.042725341878455083e+02,4.109394414987692699e+02,-2.326832333637667602e+02,2.189892590087892543e+01,1.799223643785491618e+02,-1.028779146769453661e+02,-2.962608254449222613e+02
8.703847307692308277e+01,-1.499828571428571422e+01,-2.073592742688644535e+02,-6.602273728676688158e+00,3.106931325015418111e+02,8.049778424737442606e+01,-5.113281298828033528e+02,5.935594807527918348e+00,6.374354535931372538e+02,-6.222117643357118055e+01,1.705110408214159463e+02,-6.766776285135998705e+02,-2.739917932474573092e+01,5.332401282933908249e+01,-7.658276603413332850e+02,4.193485926584197614e+02,5.534604659665126292e+02,-3.092304705537799805e+02,2.451944380674575896e+01,2.284196972834043606e+02,-1.274304762870340397e+02,-4.056240698086508587e+02
8.394844999999999402e+01,-1.432233333333333114e+01,-1.974452356586409110e+02,-6.383331001147171335e+00,2.802995177280820940e+02,7.616063323402410390e+01,-4.246542572039411425e+02,5.853572697370844402e+00,5.668063620926095609e+02,-5.688529999121345782e+01,1.513242151976099592e+02,-5.601051691499999379e+02,-2.596439446760242120e+01,5.020764671176485194e+01,-7.094921738750000486e+02,3.683325012030713879e+02,5.006889461875001075e+02,-2.738844088263492722e+02,2.378938324774123103e+01,2.145791113506737133e+02,-1.169205179961456054e+02,-3.617963921737363080e+02
8.277706025641023757e+01,-1.425399999999999956e+01,-1.891237944807016902e+02,-6.339282955689634846e+00,2.785249914024012128e+02,7.439624032179672497e+01,-4.025883608071224558e+02,5.775017138382579240e+00,5.671262375566507217e+02,-5.550051184793362324e+01,1.392795445387727682e+02,-5.630402183636997506e+02,-2.516642032821556541e+01,4.865056313293254675e+01,-7.225573249766665640e+02,3.458139561298864351e+02,4.938956227584279759e+02,-2.655679599386310770e+02,2.287461467498731693e+01,2.013223576081483088e+02,-1.118886267247802806e+02,-3.643293462899769111e+02
8.663403076923076185e+01,-1.424733333333333363e+01,-2.048045666898325123e+02,-6.523619462505441113e+00,2.899699659992608076e+02,8.008430002786860769e+01,-4.528507252434434918e+02,5.950888779166544573e+00,6.235844996698738214e+02,-5.732232178311222270e+01,1.524808116819652639e+02,-6.159939278345999583e+02,-2.668482258004722851e+01,5.051302994740194663e+01,-7.602152786550001338e+02,3.736585793680091001e+02,4.946533053804807878e+02,-2.820649054990061586e+02,2.425109491107815884e+01,2.169782303487721151e+02,-1.240560053262979210e+02,-3.617151035680045084e+02
8.575086410256409408e+01,-1.542709523809523553e+01,-2.050440051401464530e+02,-6.554498158737018798e+00,2.897366353398941214e+02,7.892108553685962136e+01,-4.520746393137470136e+02,5.939819299459746738e+00,6.183552151779086898e+02,-5.940305850048624592e+01,1.553132783396205809e+02,-6.074065927919998558e+02,-2.729131056088493068e+01,5.175687134628060448e+01,-7.609456833599998618e+02,3.899009853384256985e+02,5.365152684419231264e+02,-2.721945311614768457e+02,2.398406078857288293e+01,2.153511948824109652e+02,-1.215390782825063383e+02,-3.883750282360961137e+02
8.556893205128206148e+01,-1.453923809523809396e+01,-1.959755911045307926e+02,-6.486880422483073616e+00,2.797849365832793751e+02,7.780833335243579540e+01,-4.415248401275384253e+02,5.883509144337947916e+00,5.815084898053833058e+02,-5.723151085081798328e+01,1.489289788783131030e+02,-5.974773991031999003e+02,-2.600007332820036865e+01,5.006353179002059761e+01,-7.184864340640000364e+02,3.666819223572887267e+02,4.960189370720897841e+02,-2.768507528517347964e+02,2.379363408862723972e+01,2.099090659152549279e+02,-1.198934217394935757e+02,-3.474406716009551133e+02
8.479499615384615652e+01,-1.483414285714285619e+01,-2.019977012852249061e+02,-6.646855734887702205e+00,2.822849569691713896e+02,7.658425089807894892e+01,-4.602896863480995080e+02,5.888035263654929352e+00,5.702269231845799595e+02,-5.856052365635196821e+01,1.522331056563510003e+02,-6.213965552235000587e+02,-2.662209803994906565e+01,5.044701462071991216e+01,-7.552437316199999486e+02,3.709142718247534276e+02,4.978428912028991817e+02,-2.770043808016587263e+02,2.416924822901678027e+01,2.120277979456616038e+02,-1.205098608606543138e+02,-3.680653430578085477e+02
8.385717179487180317e+01,-1.473923809523809147e+01,-1.893116282183551959e+02,-6.436571378157180945e+00,2.702688251573139837e+02,7.461551399421009023e+01,-4.188277039067150440e+02,5.784566921151228058e+00,5.653258476528249048e+02,-5.583679919983024575e+01,1.407245327072668317e+02,-5.804381274890000668e+02,-2.544701328797064832e+01,4.852446936145756240e+01,-7.510602208266667503e+02,3.463455226827048250e+02,4.789079622223528077e+02,-2.597088043128937329e+02,2.297084076048886914e+01,1.965883439779745174e+02,-1.131209245550719658e+02,-3.503839696411087061e+02
8.121705384615384560e+01,-1.365242857142857247e+01,-1.750791151687463127e+02,-6.129023790116344905e+00,2.465587329983947882e+02,7.053247231044757370e+01,-3.357891929094840293e+02,5.688475687766943345e+00,5.199247173232819250e+02,-5.104092366733357267e+01,1.336352606890696393e+02,-4.627497647135999728e+02,-2.436945940626017304e+01,4.618373822146868690e+01,-6.203234031040000218e+02,3.133590726452609374e+02,4.505973865023589724e+02,-2.356270843601928107e+02,2.219303930165116157e+01,1.912514230199452925e+02,-1.068002640132211951e+02,-3.139848521555384195e+02
8.220772179487180154e+01,-1.468333333333333535e+01,-1.830569382001887959e+02,-6.458382893203952868e+00,2.609477445429888007e+02,7.487312391229130526e+01,-4.102007521214705434e+02,5.787583651192107936e+00,5.553891986171851158e+02,-5.704852397760265603e+01,1.372223844482801098e+02,-5.850097270127500906e+02,-2.541523629004480966e+01,4.966017218892056206e+01,-6.836106577950000656e+02,3.401103485109804296e+02,4.764968649647179291e+02,-2.496096915849410323e+02,2.271252614859137964e+01,1.878509219746927954e+02,-1.148307982807023961e+02,-3.429905771931096297e+02
8.477509615384616382e+01,-1.504314285714285759e+01,-1.941319722235606378e+02,-6.473624706485530567e+00,2.724591098094968515e+02,7.724505877739913728e+01,-4.442311784180768655e+02,5.830939099712310281e+00,5.856277028569269305e+02,-5.658668195922690103e+01,1.429751319306213020e+02,-5.984893372184999407e+02,-2.567513391335475958e+01,4.964720932758005745e+01,-7.561171293433334313e+02,3.640419497910499445e+02,4.936125293233748152e+02,-2.659240347666092816e+02,2.332685359383944856e+01,2.042260893616083877e+02,-1.172717508018045010e+02,-3.492861404701757806e+02
8.356490256410256734e+01,-1.588690476190476453e+01,-2.059081285069846956e+02,-6.698046363773414669e+00,2.841251771977000544e+02,7.842631552292884578e+01,-5.123436239819324101e+02,5.793573684652721489e+00,5.858344427453021126e+02,-6.001509157168972308e+01,1.481081397160841675e+02,-6.718400548482997010e+02,-2.612905161766714457e+01,5.103114072762520692e+01,-8.552363352736668958e+02,3.949370041500512230e+02,5.071150947420832722e+02,-2.864442288215794292e+02,2.350122202233616520e+01,2.100035308219603110e+02,-1.223579417122439565e+02,-3.987343909108864750e+02
8.318228076923075776e+01,-1.391666666666666607e+01,-1.903596368462349062e+02,-6.382829873258014430e+00,2.570747510199126395e+02,7.368179222254111949e+01,-4.292391817461175947e+02,5.715345898749932374e+00,5.581637314874807316e+02,-5.328206963048059919e+01,1.393509639334816939e+02,-5.684099579157998505e+02,-2.499710945740459067e+01,4.663385037990227033e+01,-7.708399950159999889e+02,3.443113374688704766e+02,4.434386366376090791e+02,-2.576880640313160598e+02,2.266091410909338677e+01,1.965464872606760309e+02,-1.118572228683659660e+02,-3.407175688504772779e+02
8.591335256410256704e+01,-1.437928571428571267e+01,-1.975048295740444928e+02,-6.458620706312457216e+00,2.732599764687618631e+02,7.823238527567589529e+01,-4.463868424994906832e+02,5.863487765401180773e+00,5.900974388276304126e+02,-5.739550357661029523e+01,1.476797088151483592e+02,-5.873003540477999422e+02,-2.600294966322033829e+01,5.043577619433593640e+01,-7.486804042679997337e+02,3.746610080401856067e+02,4.954099153047116033e+02,-2.719901742645322429e+02,2.356048938208779830e+01,2.092058877738051876e+02,-1.188393670937727791e+02,-3.571642263234618895e+02
8.130464743589743648e+01,-1.450495238095238193e+01,-1.737670087715893601e+02,-6.285803281530717435e+00,2.442304296838122468e+02,7.293302156875277831e+01,-3.849131974374815854e+02,5.628335075364480744e+00,5.558009791519141345e+02,-5.371392601328637539e+01,1.269934104636533050e+02,-5.464784701846001553e+02,-2.464797035034887429e+01,4.704319484310418886e+01,-6.999633429826667452e+02,3.235137928776892409e+02,4.597898097935126884e+02,-2.331859059610069949e+02,2.161883808524623163e+01,1.751908437728586136e+02,-1.043488873903326066e+02,-3.192234447443341878e+02
8.342637692307692987e+01,-1.558280952380952478e+01,-1.920039960758861071e+02,-6.491925882724819630e+00,2.754719230056356878e+02,7.545048116100463176e+01,-4.386826998787329899e+02,5.748394178740436899e+00,5.883376438594551701e+02,-5.800479127728136319e+01,1.427472497297403038e+02,-5.994120970639999086e+02,-2.562011537293562569e+01,5.003911758790061981e+01,-8.003787859733332652e+02,3.636541808934048277e+02,4.820095520224614347e+02,-2.735518181725870477e+02,2.281374402952678793e+01,1.999075632989384133e+02,-1.149829527746416602e+02,-3.694550692953147291e+02
8.409790512820514152e+01,-1.385261904761904717e+01,-1.850696222889112903e+02,-6.273987734358593471e+00,2.541759051687226361e+02,7.350308427279944112e+01,-3.982618878396176001e+02,5.704315103176915258e+00,5.354793541021443843e+02,-5.310098829542273080e+01,1.408791054063856336e+02,-5.365358077325998920e+02,-2.490101038482109885e+01,4.708472276041266724e+01,-6.725732144300001210e+02,3.380879321249632312e+02,4.615282024713974920e+02,-2.546124959220933306e+02,2.268488775324984630e+01,1.992082413467156528e+02,-1.107411118656960411e+02,-3.279645542200318005e+02
8.265970256410255956e+01,-1.422523809523809390e+01,-1.828521164193961681e+02,-6.354450926906785035e+00,2.557892555759553090e+02,7.218480052439784345e+01,-4.084273911310767744e+02,5.674499947589433546e+00,5.275845377514662005e+02,-5.250515139133067777e+01,1.302930686211547595e+02,-5.680509572447998607e+02,-2.433058917834437551e+01,4.559314501298341327e+01,-7.258159105439999621e+02,3.218996457849650028e+02,4.279553193271152054e+02,-2.660454541059378357e+02,2.226802563041328042e+01,1.903345799204958269e+02,-1.056972468060842374e+02,-3.138248013779593748e+02
8.260323461538462197e+01,-1.514300000000000068e+01,-1.993218226873246977e+02,-6.540859750528436933e+00,2.785092149241849029e+02,7.635463193077043798e+01,-4.655283117441180138e+02,5.771954826905003166e+00,5.981328897063558543e+02,-5.826892932743689357e+01,1.475471570719535350e+02,-6.250565184384000759e+02,-2.611750893910386395e+01,5.025252812923693568e+01,-8.036041456640000433e+02,3.783551883815761698e+02,5.009394030695385709e+02,-2.625235987186015336e+02,2.321295953570891157e+01,2.031400458649557095e+02,-1.189371634828846425e+02,-3.863123634718472204e+02
8.191813717948717510e+01,-1.359776190476190472e+01,-1.839251602708949065e+02,-6.298431231634591398e+00,2.531752315359843237e+02,7.272084943836750881e+01,-3.971138109210496054e+02,5.684019963368431405e+00,5.354403040410309131e+02,-5.312637416858737538e+01,1.363864672645182168e+02,-5.303433805560000565e+02,-2.487727666394734172e+01,4.677822899371051335e+01,-6.704756740000001400e+02,3.369554435376542756e+02,4.509444982143749030e+02,-2.476599906034712717e+02,2.252759015475896121e+01,1.898918479271498825e+02,-1.076009276439274061e+02,-3.361048046072900775e+02
8.424035897435898335e+01,-1.399171428571428599e+01,-1.966491244623493628e+02,-6.400860111690220400e+00,2.814119411863490541e+02,7.538325883206920253e+01,-4.112426121743462772e+02,5.858047035594378116e+00,5.570489893503605572e+02,-5.617836827548396883e+01,1.465072667027127125e+02,-5.559587368904999494e+02,-2.581429621742919878e+01,4.977796249364969583e+01,-6.717430421400000569e+02,3.590208177936923448e+02,5.005482770957211756e+02,-2.685943936942607024e+02,2.367365384210516410e+01,2.114039462374905156e+02,-1.185703180092397133e+02,-3.573735997397757842e+02
8.185343333333334215e+01,-1.420509523809523778e+01,-1.933436803006495666e+02,-6.297739278732200852e+00,2.594634401938377550e+02,7.279712441331942330e+01,-3.840250038621172735e+02,5.736193332382957699e+00,5.502592742438022242e+02,-5.299567182786212527e+01,1.419019054910939701e+02,-5.284040878908001559e+02,-2.525818627051337373e+01,4.671451456443592321e+01,-7.470745588693334867e+02,3.297207215704799523e+02,4.583915967773331772e+02,-2.570647028248300217e+02,2.294495358098905058e+01,1.984243080008716333e+02,-1.107205335081986988e+02,-3.365733261681953650e+02
8.638626538461539894e+01,-1.402433333333333643e+01,-2.029202905620409467e+02,-6.495107931070505103e+00,2.934220108315899438e+02,7.973193679495824426e+01,-4.422255907701921842e+02,5.947134424459678215e+00,6.144127588149590338e+02,-5.750171964455653040e+01,1.528878838088382679e+02,-5.922978101282001262e+02,-2.655422979915012860e+01,5.091061603240270728e+01,-7.077817177640000637e+02,3.765022349989836812e+02,4.912977529766731095e+02,-2.748950649381628182e+02,2.419640042415969106e+01,2.141358486607684881e+02,-1.227295639453171958e+02,-3.673581169545016110e+02
8.485687307692307968e+01,-1.499571428571428555e+01,-1.955511958202305891e+02,-6.454719381767803910e+00,2.723891637800328454e+02,7.531508468358561004e+01,-4.205604553286879081e+02,5.833087157721782212e+00,5.804113089509871770e+02,-5.502690672377256220e+01,1.426722639291464816e+02,-5.752830940032000626e+02,-2.558623983493654919e+01,4.828173347342396227e+01,-7.937082674986667143e+02,3.487151458335700340e+02,4.772772240471024929e+02,-2.691255457127747377e+02,2.327272909378168464e+01,2.068903849456207524e+02,-1.144776636369023635e+02,-3.543494755705922898e+02
8.476527307692306579e+01,-1.458066666666666578e+01,-2.062589916017564917e+02,-6.608096731858633888e+00,2.887828977576021998e+02,7.943757708826427688e+01,-4.700526843035746651e+02,5.892586281459360364e+00,5.886100597189719110e+02,-6.004792108716326027e+01,1.558098300338074012e+02,-6.267017581011999710e+02,-2.659799275773579197e+01,5.190696628551241076e+01,-7.007099619806666624e+02,3.908494021213209066e+02,5.143988492999164919e+02,-2.747842572785438620e+02,2.405097504303926925e+01,2.103779731083632498e+02,-1.248398100158495794e+02,-3.865025292273360833e+02
8.327268846153846482e+01,-1.408185714285714418e+01,-1.830942025146138121e+02,-6.313872432432217074e+00,2.521430787135874141e+02,7.367252845107709902e+01,-3.633766245099161551e+02,5.775773739043604138e+00,5.541347322141665472e+02,-5.221335747313485598e+01,1.373282963604490021e+02,-5.083598662755000532e+02,-2.501735864683068300e+01,4.658070223583918334e+01,-6.800970547150000129e+02,3.161115060593272119e+02,4.421520575989100053e+02,-2.495527542346588916e+02,2.301383207539975118e+01,1.929362955280539893e+02,-1.091860860767703372e+02,-3.050160036610838574e+02
8.334230512820512615e+01,-1.500376190476190352e+01,-1.871088938837628461e+02,-6.454876370083041159e+00,2.615710429035881361e+02,7.592655815644015149e+01,-4.226233582497713996e+02,5.717969376592724196e+00,5.762986511717645044e+02,-5.584386014166373968e+01,1.360222702335657630e+02,-5.837979114396000568e+02,-2.533639590665475083e+01,4.834840610586152110e+01,-7.869595996159997640e+02,3.438134804565278273e+02,4.621708192462564284e+02,-2.587272230954765178e+02,2.265936863322574268e+01,1.954987042283950984e+02,-1.119396349428890431e+02,-3.471864342601216435e+02
8.489343717948717938e+01,-1.485247619047618883e+01,-1.901028291429324497e+02,-6.498477588412783668e+00,2.733942783901583766e+02,7.753657792842068375e+01,-4.559101612126701184e+02,5.824660852963958746e+00,6.157403074489903929e+02,-5.768978701447824875e+01,1.476353103768131518e+02,-5.966948588084999301e+02,-2.581360572572274492e+01,5.046470678569595236e+01,-8.018155878749997783e+02,3.804137983335172066e+02,4.914189873973944032e+02,-2.750647650041209999e+02,2.336879485640200116e+01,2.097002751694564893e+02,-1.184337413704075175e+02,-3.590650444862014297e+02
8.405708205128206600e+01,-1.529209523809523930e+01,-1.990793848492209293e+02,-6.479530946043554174e+00,2.727225286005603948e+02,7.689056775805917709e+01,-4.490927559225336267e+02,5.799837801993443342e+00,5.909706916248092057e+02,-5.778624430364745024e+01,1.439031577149400789e+02,-6.047777950199999850e+02,-2.591193062424438409e+01,5.029450309315404155e+01,-7.956277192000001151e+02,3.691278801727478935e+02,4.984068827454485699e+02,-2.618236519074033595e+02,2.300307189322588641e+01,1.981276832185054673e+02,-1.175857604781990347e+02,-3.753416400671598012e+02
8.372175512820513177e+01,-1.446552380952380723e+01,-1.897586870812872064e+02,-6.365423871703728587e+00,2.638394027800168260e+02,7.432338830977234068e+01,-4.079363741179138856e+02,5.773818684137619783e+00,5.529613523841775304e+02,-5.554203942386703119e+01,1.415155893292381393e+02,-5.375595766152001715e+02,-2.539313427714040117e+01,4.890275228848108213e+01,-7.092942083680001133e+02,3.531389860988705891e+02,4.747501272851666272e+02,-2.612522507247944645e+02,2.301790711071183182e+01,2.037463522663648519e+02,-1.137323225319119615e+02,-3.552242843516148127e+02
8.486275769230771004e+01,-1.409176190476190449e+01,-2.016493965503541688e+02,-6.544534441185497542e+00,2.839181018221512431e+02,7.779517645557143624e+01,-4.627354751555657799e+02,5.869122551460894677e+00,5.906667892258078609e+02,-5.782288031245324333e+01,1.535232602336459422e+02,-6.022753030238001202e+02,-2.632726594887331828e+01,5.036583306535535343e+01,-7.315295446280000533e+02,3.845964926554628960e+02,5.070691612381604045e+02,-2.718881854179235802e+02,2.390932180780046323e+01,2.119495605136258973e+02,-1.233179077534003625e+02,-3.716223032350436029e+02
8.353034230769230817e+01,-1.415076190476190376e+01,-1.867867097097496014e+02,-6.339340781164484184e+00,2.644245008972403070e+02,7.491667083056331933e+01,-4.155272212781540588e+02,5.737526971559424815e+00,5.633796231921213575e+02,-5.488389896700557813e+01,1.408295057717147358e+02,-5.492159057300000313e+02,-2.530752895327546526e+01,4.841567109368104127e+01,-7.163336287733333165e+02,3.499368123672965680e+02,4.777957778127562847e+02,-2.574217815106228500e+02,2.266741427860860014e+01,1.996411557539381931e+02,-1.146151850426969219e+02,-3.463735127330519390e+02
8.639389743589742920e+01,-1.480947619047618957e+01,-2.077511332572711638e+02,-6.597320337510571342e+00,2.869964238926596067e+02,7.849245342179726492e+01,-4.844684166274930135e+02,5.938105931509368496e+00,6.110688348259975555e+02,-5.859443998831432054e+01,1.541545800090172520e+02,-6.241618006959997729e+02,-2.649758726063568304e+01,5.122973756853505733e+01,-7.988323336000001973e+02,3.997324457613697177e+02,5.283850627649999296e+02,-2.845966112365979370e+02,2.419421995896151500e+01,2.209748338114538342e+02,-1.215203121380230442e+02,-4.044837983104778232e+02
8.220982179487178598e+01,-1.511966666666666725e+01,-1.959525968286212105e+02,-6.651490770270662267e+00,2.692489316568547792e+02,7.507749255986453818e+01,-4.928557131730361789e+02,5.791132272196507280e+00,5.446338430088928817e+02,-6.004111905077072464e+01,1.517781515931845036e+02,-6.326253228995002473e+02,-2.658204109700589157e+01,5.091742106887075181e+01,-7.288522321173333012e+02,3.916074533082697826e+02,5.147396510115868296e+02,-2.734798867628753669e+02,2.324354031435428780e+01,2.088888314748572839e+02,-1.206158008127879242e+02,-3.926181313406904678e+02
8.357514871794870714e+01,-1.470209523809523944e+01,-1.940059519069349108e+02,-6.377928208926639364e+00,2.688035635415707247e+02,7.423235116299248659e+01,-3.999950096797288097e+02,5.842504364037363729e+00,5.568231060418889911e+02,-5.420818109158042830e+01,1.438097882876474216e+02,-5.354713822126998366e+02,-2.571661717146750803e+01,4.846138168859786077e+01,-7.087222170913333912e+02,3.494668565524161750e+02,4.798400481586011779e+02,-2.650518808222396387e+02,2.372657000859121368e+01,2.131802598688663011e+02,-1.128583471878332745e+02,-3.489745843654461055e+02
8.288604999999999734e+01,-1.510795238095238169e+01,-1.996117638897920017e+02,-6.710011950242001255e+00,2.986726627764338104e+02,8.069831289570295496e+01,-5.085988104052061658e+02,5.853041669981445594e+00,6.487143563602552376e+02,-6.365174012901633915e+01,1.537639072542506540e+02,-7.407613028847503074e+02,-2.677413297464209307e+01,5.350824236008742929e+01,-7.920345982896668602e+02,3.990386871033465468e+02,5.652796143805417159e+02,-3.063220950088601739e+02,2.342681336319233054e+01,2.071583697655456433e+02,-1.248254231320168230e+02,-3.881403206254190081e+02
8.288655384615384492e+01,-1.363161904761904886e+01,-1.792541393221599435e+02,-6.265134098090812564e+00,2.510902155696155944e+02,7.248553949106536720e+01,-3.832698690363848755e+02,5.689415335843288624e+00,5.410788131057212240e+02,-5.122769096573159686e+01,1.334827631886095105e+02,-5.203350328903999298e+02,-2.482974109944097663e+01,4.566404463962003035e+01,-6.619421705119999615e+02,3.255194478387320487e+02,4.389187833388717763e+02,-2.468132356068784361e+02,2.236523866964391516e+01,1.904160204116125499e+02,-1.058435385272082954e+02,-3.184488439792409622e+02
8.314956538461538571e+01,-1.391371428571428837e+01,-1.798252590678111460e+02,-6.300282360976702023e+00,2.555448909156682760e+02,7.266385795707115847e+01,-3.880086252832577998e+02,5.723397705706691596e+00,5.284420014409913620e+02,-5.287710616534980801e+01,1.350952325111500159e+02,-5.284943581847999212e+02,-2.485490239271914348e+01,4.701954583506955743e+01,-6.429302858719998994e+02,3.295997064924608253e+02,4.467933610231730199e+02,-2.421744564607902817e+02,2.256229427211052396e+01,1.860363045901740122e+02,-1.078325530773002754e+02,-3.212668260157860800e+02
8.492328461538460260e+01,-1.516595238095237974e+01,-2.012472369671856427e+02,-6.759037904549423104e+00,3.089999505425612938e+02,8.021962366287935708e+01,-5.374363182923076465e+02,5.871775195432642924e+00,6.260064358597463752e+02,-6.224607843099146720e+01,1.564931561448283048e+02,-7.166201861560499538e+02,-2.706847449689254859e+01,5.238593248875106667e+01,-7.399071808380000448e+02,4.092683041441908927e+02,5.127048780736985236e+02,-3.312541328480571110e+02,2.383641725994021598e+01,2.263899806239045063e+02,-1.289063214555972934e+02,-3.975936712626688063e+02
8.423219102564102911e+01,-1.446657142857142730e+01,-2.003867663178752139e+02,-6.483445459342783934e+00,2.704047930643210407e+02,7.433873447219374953e+01,-3.917096484601356678e+02,5.936099334066761379e+00,5.663011511805344753e+02,-5.291453748135155166e+01,1.470860209059594581e+02,-5.171813148361500225e+02,-2.633312890905953907e+01,4.725255926335555756e+01,-7.417919741580000164e+02,3.428071194764473830e+02,4.631149260686103730e+02,-2.649630125182872007e+02,2.437045157950868912e+01,2.163885721661384025e+02,-1.153982632059198465e+02,-3.350151636081542961e+02
8.419941794871795082e+01,-1.477809523809523995e+01,-1.873629517308924903e+02,-6.515274573942508418e+00,2.657675500763079981e+02,7.670376139122708992e+01,-4.523297887508825852e+02,5.757985169380345880e+00,5.901490616603941817e+02,-5.769688972152560069e+01,1.387279383612428205e+02,-6.173885539649996872e+02,-2.556880373517311966e+01,4.983295012135223345e+01,-7.421033595000000105e+02,3.670720558684977846e+02,4.901719804773396731e+02,-2.543642854044848320e+02,2.254708769290296644e+01,1.886670683776449096e+02,-1.134699755342846998e+02,-3.598424144604332469e+02
8.205161282051281546e+01,-1.425109523809524070e+01,-1.993846092703170427e+02,-6.522365103790452423e+00,2.846399751742171134e+02,7.668900724774766786e+01,-4.816395518393463249e+02,5.695707156491877754e+00,6.008347833836465952e+02,-5.898076071583606961e+01,1.426471143161283806e+02,-6.505524302860001171e+02,-2.550065550886672483e+01,5.027391914855475363e+01,-8.516805878240002130e+02,3.873738774323438747e+02,5.124949694947147236e+02,-2.731001525215750689e+02,2.252019603496057698e+01,2.001412206165936709e+02,-1.175001680589283808e+02,-4.178535497805380032e+02
8.331252692307693053e+01,-1.524833333333333130e+01,-1.799422819071321840e+02,-6.363724725202049015e+00,2.603256904560669796e+02,7.327104330987496894e+01,-3.921666800414706131e+02,5.690750374549250701e+00,5.722224901560872468e+02,-5.398981815849042931e+01,1.306814853839813964e+02,-5.504401002749999634e+02,-2.497769772631291829e+01,4.736889941292233175e+01,-7.613501910733331215e+02,3.303859324271775222e+02,4.677950766459392185e+02,-2.568528501376368922e+02,2.229639131233852112e+01,1.922560740847529246e+02,-1.055535223129825653e+02,-3.419566865701030451e+02
8.481631794871795194e+01,-1.442719047619047679e+01,-1.932165896882848983e+02,-6.333666965461618226e+00,2.709429815746983081e+02,7.624830283494438277e+01,-4.096038747578122639e+02,5.809249860736165338e+00,5.913891367475046081e+02,-5.358078899083640323e+01,1.433076969695968046e+02,-5.416277739075000000e+02,-2.535279524600932533e+01,4.795493964527520347e+01,-7.595740655999999262e+02,3.488837138650196721e+02,4.649259110040865153e+02,-2.648024515148088085e+02,2.341013253297911945e+01,2.075438125481151985e+02,-1.136848901296501992e+02,-3.377787119803168139e+02
8.459430897435898089e+01,-1.485761904761904617e+01,-1.929452349936925089e+02,-6.523672918827920775e+00,2.729194629697267374e+02,7.620806526700741301e+01,-4.257863564091944681e+02,5.808479678365287668e+00,5.738911366764936020e+02,-5.588572680142784321e+01,1.389873864310386580e+02,-6.040639735657999836e+02,-2.550983635026640428e+01,4.825695385911512147e+01,-7.642883555306666494e+02,3.382338507522881059e+02,4.584957387356764116e+02,-2.749727674171357421e+02,2.336805339651798974e+01,2.020666200077707515e+02,-1.171281393900504639e+02,-3.408983181659996831e+02
8.224002435897436669e+01,-1.437052380952380837e+01,-1.841862110664140744e+02,-6.302142762887951832e+00,2.631837702573621414e+02,7.325797498506554462e+01,-3.801660837147964003e+02,5.779218713012276076e+00,5.522081751367695688e+02,-5.465093434766760083e+01,1.384653041032280214e+02,-5.406411461472000610e+02,-2.532739060146200316e+01,4.840859202992783850e+01,-6.479183889920000183e+02,3.295963223661198072e+02,4.718519945170768892e+02,-2.542755339594203576e+02,2.267862616743143889e+01,1.922191459626903907e+02,-1.082869083932686749e+02,-3.362694669124462621e+02
8.463188717948719386e+01,-1.539195238095238238e+01,-1.984682443765301514e+02,-6.556387418805989853e+00,2.896226042454119352e+02,7.705833057113646589e+01,-4.569741549033121828e+02,5.819771018045946320e+00,5.870682377140120707e+02,-5.889974069859295014e+01,1.471868167280703688e+02,-6.343784126495997953e+02,-2.611447391861936040e+01,5.073290763830495820e+01,-7.964063156480001453e+02,3.742626831481711065e+02,5.100937258226122140e+02,-2.819448617148058815e+02,2.346541104656710530e+01,2.106979905399661561e+02,-1.194578912585223947e+02,-3.891620673228653118e+02
8.549919358974359795e+01,-1.400928571428571168e+01,-2.028876662933544424e+02,-6.527457884531851384e+00,2.829897496437598647e+02,7.723108287167460162e+01,-4.415565308735653502e+02,5.905814468544607010e+00,5.735354506264008023e+02,-5.867304154084579437e+01,1.544120392764209555e+02,-5.738367553556000757e+02,-2.682242229878437101e+01,5.138467533981329183e+01,-7.100183474266665371e+02,3.855306798191463145e+02,5.188124079857370816e+02,-2.722248752055412524e+02,2.402288234318148952e+01,2.184915929507722296e+02,-1.219250009318205201e+02,-3.886376768636410475e+02
8.404873589743588980e+01,-1.456400000000000006e+01,-1.889149731478014758e+02,-6.415081414040050056e+00,2.699495717560171215e+02,7.375605336942064127e+01,-4.296012107988464663e+02,5.733795701715977522e+00,5.431982058710988213e+02,-5.441898800806375647e+01,1.415888280282658513e+02,-5.711721142400000417e+02,-2.490348733589128116e+01,4.800332281239192156e+01,-6.962214835333335259e+02,3.494190489788152263e+02,4.661421860235000736e+02,-2.717932769518944269e+02,2.312845232713769050e+01,2.068747996477648314e+02,-1.127277941275517179e+02,-3.543492977604279872e+02
8.339445769230769656e+01,-1.417590476190476245e+01,-1.846061479330265058e+02,-6.413552107389940637e+00,2.663163202123965903e+02,7.447697667477096672e+01,-4.386868770757693596e+02,5.754652312316813401e+00,5.572534310012690639e+02,-5.623974123928802982e+01,1.419267530483137421e+02,-5.795265283800000589e+02,-2.526560303203851987e+01,4.909342870923228475e+01,-6.967120859600000813e+02,3.642637585059508751e+02,4.844401493124617559e+02,-2.684702688110637609e+02,2.286068778034232452e+01,2.049834215291380985e+02,-1.149758402572931573e+02,-3.594261705349672980e+02
8.455824102564102418e+01,-1.549766666666666559e+01,-2.036074917400898130e+02,-6.695527356749290782e+00,2.813465728803291768e+02,7.970153290473258778e+01,-5.014641472734388685e+02,5.808720087535758303e+00,6.266450947175418378e+02,-6.038964291123248529e+01,1.483930678056300962e+02,-6.640906523519998927e+02,-2.653819551101498320e+01,5.145881311054483831e+01,-8.682266329599998471e+02,3.916842257241273728e+02,5.051166292549743844e+02,-2.773274981761454683e+02,2.346583707412492004e+01,2.084396685290214748e+02,-1.237164547330370823e+02,-3.922135713241262351e+02
8.288775256410255565e+01,-1.422523809523809568e+01,-1.799240989646956450e+02,-6.292607322235130418e+00,2.567429431379317748e+02,7.288531074540904342e+01,-3.845511063758145838e+02,5.739781285103749298e+00,5.483914893487966538e+02,-5.424484997497868477e+01,1.376233744766809650e+02,-5.164028310870000951e+02,-2.511058872495542005e+01,4.795726514480511327e+01,-6.799424299199998813e+02,3.427419539241622601e+02,4.645898310727499165e+02,-2.470122922543463062e+02,2.262986193632393750e+01,1.943496762814909573e+02,-1.090836167835586821e+02,-3.426922270546111235e+02
8.139637820512818678e+01,-1.405266666666666886e+01,-1.711316074001531717e+02,-6.137280082340132559e+00,2.389795115708289188e+02,7.019560403787193081e+01,-3.691714629800995908e+02,5.578427499899282438e+00,5.337717403305000516e+02,-5.078766233653925610e+01,1.266758792347618936e+02,-5.063996816423999121e+02,-2.389952811948149147e+01,4.516814809058121938e+01,-7.246670607540000901e+02,3.147094866713775900e+02,4.380516922127500834e+02,-2.298920980142397070e+02,2.143310840027795905e+01,1.793055959960567236e+02,-1.010037569919711160e+02,-3.174316687750900314e+02
8.061537051282051891e+01,-1.431457142857142806e+01,-1.773090762196318337e+02,-6.276361733329162362e+00,2.450174693503988124e+02,7.241429206653741346e+01,-4.101987193142443289e+02,5.584446615835599204e+00,5.414076688687916885e+02,-5.380822943063436270e+01,1.324160404371400261e+02,-5.532863968000000341e+02,-2.444698656842687967e+01,4.679189358445722746e+01,-7.367329493333335222e+02,3.430958450605908183e+02,4.585022556338142294e+02,-2.407463619949124336e+02,2.163977413497233115e+01,1.839393736972501188e+02,-1.067230104444084020e+02,-3.444799909275482150e+02
8.124960384615384612e+01,-1.394980952380952388e+01,-1.771953636684615390e+02,-6.244457696533366686e+00,2.554827389314101254e+02,7.136487492592874560e+01,-3.905099640826247764e+02,5.596584738288113314e+00,5.290409616496536955e+02,-5.291534814118577401e+01,1.330627160930568493e+02,-5.422602958080001372e+02,-2.458621927845064903e+01,4.623724739900649894e+01,-6.592649817599999551e+02,3.297649115513149809e+02,4.588119602112822122e+02,-2.594603230044732527e+02,2.186599759595712911e+01,1.944906171972010043e+02,-1.057989330167140736e+02,-3.339199085108675717e+02
8.421359999999999957e+01,-1.511200000000000188e+01,-1.891243320844436937e+02,-6.500058051810533755e+00,2.693989524014205585e+02,7.710905800635600826e+01,-4.629844954370591950e+02,5.766686714160505822e+00,5.957609049392917768e+02,-5.753458242064777295e+01,1.413101172756233552e+02,-6.123150729204000982e+02,-2.566660399400052839e+01,4.987000214258380737e+01,-7.949684054373334448e+02,3.725367930836274013e+02,4.714400559263335140e+02,-2.621655392611508546e+02,2.287170966868835009e+01,1.984899888905037528e+02,-1.180824515911804866e+02,-3.672955498637754204e+02
8.156447820512818225e+01,-1.365519047619047655e+01,-1.816957227449976529e+02,-6.235352598910078648e+00,2.532909193745717289e+02,7.252022737008196884e+01,-3.821840925643916194e+02,5.709770396353738953e+00,5.371229737513593818e+02,-5.301720044409196220e+01,1.343404350836621575e+02,-5.247823421272499900e+02,-2.485520017595495545e+01,4.694698432542702449e+01,-6.690990637890000698e+02,3.282114333721122534e+02,4.557374868106732038e+02,-2.525803159957549724e+02,2.239462625544306107e+01,1.941221220322364900e+02,-1.077258916421379666e+02,-3.264815843055799860e+02
8.590502435897435873e+01,-1.435838095238095136e+01,-2.007769095109696025e+02,-6.503837076490665225e+00,2.810235515613766779e+02,7.834049732672309574e+01,-4.148781979289408923e+02,5.975056471856241558e+00,6.036085333188533468e+02,-5.676041109178262900e+01,1.502476215596242923e+02,-5.599149767639999027e+02,-2.661425821315668472e+01,5.031130062573563322e+01,-6.982684016879998126e+02,3.621065193709339951e+02,4.933441183122691314e+02,-2.714878415360320787e+02,2.428904477824521635e+01,2.133527056763988128e+02,-1.175672334931567207e+02,-3.526947624322364732e+02
8.729673461538459378e+01,-1.432295238095237977e+01,-2.021839381919739083e+02,-6.530682404771671834e+00,2.927780822360937805e+02,7.944479362928890964e+01,-4.351858635334659766e+02,5.954787814976933547e+00,6.055387092024651565e+02,-5.735292520034681019e+01,1.508192587109883220e+02,-6.092463149551999777e+02,-2.660140940535448095e+01,5.031141846177459342e+01,-7.387410875839999562e+02,3.626648677299727979e+02,4.992926670218282652e+02,-2.844597161444256699e+02,2.455782128914395201e+01,2.187311297779421295e+02,-1.213198477632704169e+02,-3.527040822333398751e+02
8.345769358974359875e+01,-1.409261904761904916e+01,-1.871466189426463984e+02,-6.343190706420020142e+00,2.607136838124909559e+02,7.463377085343708472e+01,-4.199399904889411346e+02,5.714232606153482052e+00,5.580346936854499518e+02,-5.412792489616306568e+01,1.413688653266534629e+02,-5.590321579205998432e+02,-2.503736646705684521e+01,4.760503078662512166e+01,-7.243269338760001119e+02,3.507332619103110005e+02,4.768879116188991247e+02,-2.617284574247013325e+02,2.264089360556299013e+01,1.988923487564039476e+02,-1.137732732756393830e+02,-3.443651429741508423e+02
8.432441538461539210e+01,-1.425528571428571389e+01,-1.947870140886147965e+02,-6.579452710111121760e+00,2.774258558406021393e+02,7.693560232483497430e+01,-4.467765141387062044e+02,5.912330851930406084e+00,5.555371128746859313e+02,-5.906728300704404688e+01,1.495878646457982200e+02,-6.082836450781999247e+02,-2.638522898799556060e+01,5.138083882837643301e+01,-6.051239628373332380e+02,3.679949795666546493e+02,5.122664720929456053e+02,-2.722508187747304191e+02,2.385775396118563663e+01,2.087447821351165089e+02,-1.217854432713552342e+02,-3.593525510891306567e+02
8.429157435897434425e+01,-1.458900000000000041e+01,-1.955545550079820032e+02,-6.490841335024321701e+00,2.833584298274474236e+02,7.743927323706358834e+01,-4.455444288346155304e+02,5.858824928442251334e+00,6.004854568962078929e+02,-5.739012894911360263e+01,1.449059396250108591e+02,-6.023331418912497384e+02,-2.629253503439467465e+01,5.025391776898745633e+01,-7.351670905599997923e+02,3.739824856167431903e+02,5.083654698658972961e+02,-2.644993471440029111e+02,2.341022429423782469e+01,2.036383997260236924e+02,-1.160999928829024981e+02,-3.690639524093529076e+02
8.226302564102564929e+01,-1.448142857142857132e+01,-1.753300045014715920e+02,-6.236737451906209095e+00,2.442356318722827950e+02,7.312211435911990520e+01,-3.648675814110362126e+02,5.670824006122695771e+00,5.470475937526221060e+02,-5.229361509024394650e+01,1.305549353592917896e+02,-5.148075130924001996e+02,-2.457371236785277446e+01,4.616310861591801284e+01,-7.079163365413332940e+02,3.129695372645289240e+02,4.419218369008975742e+02,-2.377566736479050746e+02,2.213435982927981271e+01,1.824229042692939515e+02,-1.061894948530402729e+02,-3.085410542973395422e+02
8.467226153846154091e+01,-1.469909523809523932e+01,-2.017355530480303685e+02,-6.581880292887389849e+00,2.966229143476948593e+02,7.902967477841490052e+01,-4.451361114071718816e+02,5.957182616375767736e+00,6.038727964455700885e+02,-6.032132632013200180e+01,1.543559639336909299e+02,-6.160303564870001765e+02,-2.671390814977351980e+01,5.273985278818642541e+01,-7.190583079679998946e+02,3.779945604889450124e+02,5.200896890547919611e+02,-2.841344090593793226e+02,2.409697711221544125e+01,2.157174804785601054e+02,-1.256975699056152820e+02,-3.805498463052163061e+02
8.299766153846155703e+01,-1.480552380952380886e+01,-1.841548248346252876e+02,-6.375439968423603609e+00,2.625269370553512545e+02,7.530871864190858389e+01,-4.252661868233485052e+02,5.696102627529763041e+00,5.873421076478175564e+02,-5.626085867062791834e+01,1.374697240317524063e+02,-5.758392727647999436e+02,-2.511159578588923225e+01,4.883485801954127226e+01,-7.843480543360000183e+02,3.573173768398710308e+02,4.889597358223206811e+02,-2.582766499786172858e+02,2.220564285904954005e+01,1.977493316834990367e+02,-1.107381959449640760e+02,-3.549905086851832152e+02
8.423997692307693796e+01,-1.421833333333333371e+01,-1.855761036875242667e+02,-6.334446545934520501e+00,2.633442722577428867e+02,7.434474566201431855e+01,-4.043442782454162625e+02,5.786200520037109385e+00,5.575638610743122854e+02,-5.351416987891285970e+01,1.424278033434150643e+02,-5.384391073017000053e+02,-2.518374046652231968e+01,4.762651160859471844e+01,-6.753643277159999343e+02,3.442811777706071439e+02,4.612469601297725035e+02,-2.552230939724286713e+02,2.316633868989698897e+01,1.998270458854314313e+02,-1.127269199560564630e+02,-3.369146131377601705e+02
8.517616153846154248e+01,-1.461028571428571432e+01,-1.996842122128039989e+02,-6.557119188685152977e+00,2.861018264346249111e+02,7.789497204756661120e+01,-4.636855937693324563e+02,5.831928058508392354e+00,5.898385041683172858e+02,-5.759240631680933120e+01,1.458695577268820784e+02,-6.301998782576997655e+02,-2.576708916707856645e+01,4.994585908645409944e+01,-7.657862493409999161e+02,3.691327234089690137e+02,4.890499582954199127e+02,-2.759414999261203434e+02,2.371663701653306688e+01,2.062672460547242963e+02,-1.197058509886188347e+02,-3.670469783298908624e+02
8.723703589743590214e+01,-1.438514285714285634e+01,-2.100927565039000342e+02,-6.576498677895503242e+00,2.919689116572627086e+02,8.028776372879104883e+01,-4.745394323341175209e+02,6.010598442904513838e+00,6.277423712635097672e+02,-5.897128225271013946e+01,1.615040764803176501e+02,-6.166192572609999161e+02,-2.682486359512541085e+01,5.178620835951437584e+01,-7.928170384816667138e+02,3.944788776236023295e+02,5.154643512975641215e+02,-2.898740050599049596e+02,2.482619059704405373e+01,2.299330014675040275e+02,-1.253268551990314563e+02,-3.792072700355903976e+02
8.387721666666666920e+01,-1.488976190476190453e+01,-1.963448753162845151e+02,-6.486184714494411807e+00,2.789539161971796943e+02,7.596077756582677409e+01,-4.660953483960000767e+02,5.737658152327554717e+00,5.792883619208124628e+02,-5.707911494575766653e+01,1.452530624775427555e+02,-6.247638774495002281e+02,-2.574465548569139983e+01,4.920406222229544113e+01,-8.040057243800000606e+02,3.712985922986385958e+02,4.797805459281249796e+02,-2.854880772290730420e+02,2.318392117525824148e+01,2.091477226400790528e+02,-1.180277827039005132e+02,-3.700208153537095086e+02
8.492463076923078802e+01,-1.465457142857142792e+01,-1.942620800792085731e+02,-6.605411087560542072e+00,2.771520469123872203e+02,7.767357598997723755e+01,-4.573191485473979014e+02,5.876488563356907946e+00,5.629038511438842534e+02,-5.809564832154148206e+01,1.448881473527735864e+02,-6.169574833935000697e+02,-2.604792837176295706e+01,5.040913872460436806e+01,-6.804366372900002489e+02,3.655015675420729622e+02,4.764044969203557116e+02,-2.716515037115035511e+02,2.366737975620860013e+01,2.028637389047601971e+02,-1.210470543077835259e+02,-3.536059329085397280e+02
8.497682179487179610e+01,-1.454066666666666841e+01,-2.006211281908692854e+02,-6.509989198572678326e+00,2.809665817186304935e+02,7.761351407582712625e+01,-4.426537436100453533e+02,5.885001704941812406e+00,5.910384115731645807e+02,-5.668615901191783735e+01,1.498311188320459735e+02,-5.865846175349998930e+02,-2.631186568642891643e+01,5.020572660886519856e+01,-7.134179381000002422e+02,3.739825869158000273e+02,4.982434480065384150e+02,-2.740183281696326958e+02,2.407834632367957894e+01,2.137012657792536743e+02,-1.181448670714848390e+02,-3.608696079444364955e+02
8.246571666666666545e+01,-1.404485714285714337e+01,-1.764069523863104507e+02,-6.300671199124319166e+00,2.515668020033875223e+02,7.360657377052584138e+01,-4.234461032849998787e+02,5.590899946887539329e+00,5.679886134090000951e+02,-5.481769594995066797e+01,1.322666430708123073e+02,-5.710639101975000358e+02,-2.427345364736830291e+01,4.762101205929435110e+01,-7.791776513129998420e+02,3.510012779612558802e+02,4.775183670465000887e+02,-2.456146702921770384e+02,2.163582757429878001e+01,1.843892347321731222e+02,-1.064804184593757981e+02,-3.553395310228845005e+02
8.652073461538461174e+01,-1.507880952380952344e+01,-1.973180606428120427e+02,-6.664871120098049495e+00,2.930439923045357205e+02,8.040150695088594546e+01,-4.580328002709641737e+02,5.956262799257832974e+00,6.280101551271154676e+02,-6.100950724155528349e+01,1.471914221896350625e+02,-6.514011650763002308e+02,-2.653929663830679431e+01,5.287558571415551967e+01,-7.584072258780001903e+02,3.782593263429001240e+02,5.167704843154905348e+02,-2.808327021268005979e+02,2.385658499073526428e+01,2.086490130993522314e+02,-1.205390480987670401e+02,-3.793882672244691889e+02
8.392641153846153657e+01,-1.489123809523809605e+01,-2.004987316590078024e+02,-6.619133888686053346e+00,2.836631004344718008e+02,7.840976756156841532e+01,-4.386635855188595770e+02,5.905919296233978599e+00,5.961862941306380890e+02,-5.966555629166896324e+01,1.520488643985233068e+02,-6.092764493601002869e+02,-2.671360682546778520e+01,5.198432644635821731e+01,-7.127488897700001189e+02,3.735690730352253013e+02,5.259005447829903233e+02,-2.640247478537187931e+02,2.380142274135403113e+01,2.034696961160940702e+02,-1.194770396492888409e+02,-3.782346763372023020e+02
8.337970256410257264e+01,-1.528376190476190466e+01,-2.021323908418873145e+02,-6.579969782720334948e+00,2.864278592375745234e+02,7.799773248061292463e+01,-4.716708966313980227e+02,5.821529022100124351e+00,5.927112586953905975e+02,-5.954333454397644942e+01,1.507657761729645927e+02,-6.507757127817001219e+02,-2.619165361921897883e+01,5.109285969665020133e+01,-7.731630234899998868e+02,3.801128035216278249e+02,5.227949130808651717e+02,-2.863802687543072238e+02,2.358816340396158751e+01,2.131745263896800111e+02,-1.224451567782259644e+02,-3.813013138526968646e+02
8.364231923076923181e+01,-1.483457142857142941e+01,-1.902866451379646264e+02,-6.464716109533876320e+00,2.665053157183702979e+02,7.556080228263509468e+01,-4.411121974157923091e+02,5.736655086143724880e+00,5.697199209875000179e+02,-5.548885882655273605e+01,1.394331129529992381e+02,-6.008639807625003186e+02,-2.514427595660690429e+01,4.808572298493507446e+01,-7.833163682499999823e+02,3.500152744225255788e+02,4.593348040750004202e+02,-2.660940359336736378e+02,2.301475708128700859e+01,1.995496243091163535e+02,-1.144208140906678466e+02,-3.550723459001758897e+02
8.189730000000000132e+01,-1.361004761904761828e+01,-1.784575541619848309e+02,-6.135731051193597629e+00,2.424216935686986858e+02,7.134231282678076980e+01,-3.803481871475884759e+02,5.610952560261543987e+00,5.225073830234531442e+02,-5.151251655991819689e+01,1.345881910666501255e+02,-4.967679631827001572e+02,-2.401889544039114099e+01,4.592400931976704470e+01,-6.368182770326667423e+02,3.244276968334365279e+02,4.473649805531042603e+02,-2.460225522701495890e+02,2.191403035610410654e+01,1.935152412150542887e+02,-1.056639204354311374e+02,-3.129394865532552217e+02
8.357102564102564202e+01,-1.507385714285714329e+01,-1.877687774352695556e+02,-6.478274252322808735e+00,2.719759196855250138e+02,7.525339299656816650e+01,-4.160358879522422058e+02,5.817767249725164014e+00,5.664080646930312923e+02,-5.451815746944623697e+01,1.381881939609100129e+02,-5.768926500486502391e+02,-2.547145001753235860e+01,4.764973391029026573e+01,-7.680082684733332599e+02,3.368190366574881409e+02,4.474556736667501013e+02,-2.681389753703080601e+02,2.333392730349023836e+01,2.022428213265419572e+02,-1.159127585230310018e+02,-3.422550294705902161e+02
8.079729743589743407e+01,-1.449628571428571355e+01,-1.785935786715341465e+02,-6.293170968472890259e+00,2.424876884489147528e+02,7.201182342439247464e+01,-3.980375882993075152e+02,5.597958322439487766e+00,5.259517034238498354e+02,-5.211435535207900216e+01,1.290127585863071999e+02,-5.503815214379998224e+02,-2.412743291997179185e+01,4.546671600409880654e+01,-7.278099276960000452e+02,3.190231008535677688e+02,4.364783648342306606e+02,-2.480410826454588005e+02,2.175885460376877134e+01,1.838891462526968041e+02,-1.075083112262579164e+02,-3.174917344145989659e+02
8.362562820512820849e+01,-1.425290476190476241e+01,-1.865823295810093896e+02,-6.331376549781960072e+00,2.620112468209086956e+02,7.267341768094969723e+01,-4.041763707963052639e+02,5.691942468131228949e+00,5.382406645158557694e+02,-5.266337752918862947e+01,1.349442237200814247e+02,-5.476809867967999708e+02,-2.446615425812193578e+01,4.657289696459344697e+01,-7.027196824453332056e+02,3.316560373188104904e+02,4.371930033109229043e+02,-2.684092455446764802e+02,2.269680555132817190e+01,1.995333313435616276e+02,-1.116504655462616853e+02,-3.335539814554284703e+02
8.396839743589741545e+01,-1.429866666666666575e+01,-1.951331576347868122e+02,-6.435580872149228249e+00,2.804779127337930618e+02,7.545809284633440939e+01,-4.286012736484165089e+02,5.814949338956538760e+00,5.800494810601539939e+02,-5.716100960391260344e+01,1.479288571422785310e+02,-5.761800212100000635e+02,-2.590010379420376907e+01,5.016373318805999304e+01,-7.495456194333332860e+02,3.688015721399362974e+02,5.126511077289806053e+02,-2.747831158037216710e+02,2.348647385769747942e+01,2.132537173974254472e+02,-1.162317656557688395e+02,-3.749054331253478836e+02
8.475622564102563672e+01,-1.468047619047618824e+01,-2.033608693309269313e+02,-6.576366818714301843e+00,2.829220877559532141e+02,7.728041607802947510e+01,-4.636219530234974968e+02,5.917691989013328602e+00,5.750843526343884378e+02,-5.891128011492038752e+01,1.554452287838707889e+02,-6.019721001926998269e+02,-2.635900069363692921e+01,5.134647978933329426e+01,-7.628588139419999834e+02,3.869942823708491915e+02,5.080952385776681695e+02,-2.832777614347118060e+02,2.416646196948137160e+01,2.229239396314540045e+02,-1.232664498960729560e+02,-3.822902991528346774e+02
8.505104871794871713e+01,-1.427276190476190720e+01,-2.036526247655213524e+02,-6.511995980500413950e+00,2.795792126642205631e+02,7.781073436054677472e+01,-4.424194679212943129e+02,5.875099492388491385e+00,6.150634761423785903e+02,-5.676177182020668255e+01,1.468695007396484868e+02,-5.893263224100002162e+02,-2.620583692492354544e+01,4.963800638103200669e+01,-7.784825706000000309e+02,3.713025233465741053e+02,4.922998654521636581e+02,-2.750860989509009187e+02,2.387278321717557006e+01,2.140927699463879890e+02,-1.179149514039105782e+02,-3.597614924712873972e+02
8.408565384615386051e+01,-1.423114285714285820e+01,-1.889004304748928860e+02,-6.379146391405990713e+00,2.760804928131854581e+02,7.505004834856893581e+01,-4.041140173894484064e+02,5.869167441604758118e+00,5.691872414770321029e+02,-5.706206806258461484e+01,1.432615972549388346e+02,-5.598858179712002539e+02,-2.592961706087447027e+01,5.020839581318463019e+01,-6.627790117759999475e+02,3.528308067274671203e+02,4.939461296538464694e+02,-2.646534404397268645e+02,2.339239877704264714e+01,2.047697630536436861e+02,-1.140371556289709218e+02,-3.546808646085293049e+02
7.945751923076923617e+01,-1.409019047619047527e+01,-1.676356048480563459e+02,-6.209359894283907444e+00,2.377017956626972079e+02,7.007226761613368637e+01,-3.664435701970228934e+02,5.531767757066716307e+00,5.354832973774580296e+02,-4.910550625300346184e+01,1.205836489555336186e+02,-5.223809042099999260e+02,-2.357429291860902154e+01,4.280265570290931265e+01,-7.226608276000001752e+02,2.924783560744021997e+02,3.944118334312502157e+02,-2.407061074051286482e+02,2.117210292645619063e+01,1.712112469643843156e+02,-1.010983813928107224e+02,-2.917252563233348042e+02
8.695539230769230699e+01,-1.473671428571428343e+01,-1.971446632248781725e+02,-6.395906080223869417e+00,2.768716206263912909e+02,7.558696024755893461e+01,-3.992966737374206900e+02,5.914940400831228295e+00,5.568429923401196220e+02,-5.520501080972289998e+01,1.511683618858411933e+02,-5.359215582420000601e+02,-2.597109891853828856e+01,4.951679252741298853e+01,-6.484830539599998929e+02,3.549214670995636993e+02,5.074310257996536961e+02,-2.661811371306702085e+02,2.399845762291492690e+01,2.141363958931315210e+02,-1.157872154532238937e+02,-3.578091854665164533e+02
8.284196538461537784e+01,-1.442195238095238352e+01,-1.767630694036535033e+02,-6.280650727012636381e+00,2.448914086294563504e+02,7.165091623331092308e+01,-3.662635877574025471e+02,5.657875841102324443e+00,5.385461643400520870e+02,-5.136430498054603788e+01,1.294050325052369601e+02,-5.160856032633000723e+02,-2.471729495533617893e+01,4.534164550051316667e+01,-7.401980180140000130e+02,3.120516000049759100e+02,4.247045683327529559e+02,-2.395090388357504878e+02,2.221176335958859127e+01,1.837183621177524344e+02,-1.044336167831817619e+02,-3.213076775086711336e+02
8.617141153846154111e+01,-1.393090476190475968e+01,-1.970295541202465870e+02,-6.440892123924887969e+00,2.804734106622943841e+02,7.771559150923502557e+01,-4.122752834716519033e+02,5.919620655816660637e+00,6.024297822738581090e+02,-5.539811200092209731e+01,1.473372947105283401e+02,-5.743338794550001012e+02,-2.606173336054476053e+01,4.917096614702572310e+01,-7.207948439999998982e+02,3.474676605446472308e+02,4.748986289855769769e+02,-2.685930902619760445e+02,2.400815665223996120e+01,2.061484856765431175e+02,-1.162555148267804412e+02,-3.385383100123166855e+02
8.468656538461539185e+01,-1.448238095238095191e+01,-1.817935609061874800e+02,-6.479820229571111589e+00,2.561534602562218197e+02,7.359843033162238157e+01,-4.351210771639478025e+02,5.710282451897381151e+00,5.464452626510234268e+02,-5.432662503406677246e+01,1.353289209194381328e+02,-5.640408091937498511e+02,-2.509437046184731912e+01,4.743204131415664193e+01,-7.580193502583332474e+02,3.490540258967612885e+02,4.398334494012419782e+02,-2.536175452180890773e+02,2.263164545700094266e+01,1.905898235734477737e+02,-1.099532674726814463e+02,-3.539963226792947921e+02
8.366534743589743073e+01,-1.406857142857142762e+01,-1.838300721906332456e+02,-6.392272709218581817e+00,2.680032407352540531e+02,7.408237965789840018e+01,-4.039528069271202071e+02,5.796168543827142194e+00,5.502514796980598248e+02,-5.604625222276293783e+01,1.394498336591137502e+02,-5.467166761275000226e+02,-2.550557632173076072e+01,4.924757850826205896e+01,-6.517214055299999700e+02,3.444815907071924244e+02,4.698172828016988660e+02,-2.486343846096195591e+02,2.296215333234847478e+01,1.934425080506840118e+02,-1.129505282650321618e+02,-3.377001301520296579e+02
8.441657051282052748e+01,-1.434209523809523823e+01,-1.944012534802322136e+02,-6.390160446222252766e+00,2.810174067205792312e+02,7.684598929657995825e+01,-4.110316540452486151e+02,5.874562915622878911e+00,5.809648555872327051e+02,-5.718909875922395969e+01,1.479541783803910846e+02,-5.811438071999998556e+02,-2.581871893629042347e+01,5.043854346828724289e+01,-7.064574880000000121e+02,3.462310642738538604e+02,4.999152655189424763e+02,-2.680391188540076541e+02,2.360663158953983753e+01,2.017997980049896114e+02,-1.180504722371577060e+02,-3.480675724989439459e+02
8.501229230769230583e+01,-1.439033333333333431e+01,-2.064536370347442471e+02,-6.541777215587130989e+00,3.018586716677125992e+02,7.997266276837939358e+01,-4.744691460621992860e+02,5.897696046877191733e+00,6.188166711371563906e+02,-6.034300865715456297e+01,1.572698988742763220e+02,-6.489579377735998378e+02,-2.645742506577740727e+01,5.230669265324880257e+01,-7.117653971999999385e+02,3.910320785778166055e+02,5.365670496315003675e+02,-2.971415995924645017e+02,2.394726566289143221e+01,2.180401068466986487e+02,-1.241867594151709255e+02,-3.807517928187596112e+02
8.695635256410255920e+01,-1.508604761904761915e+01,-1.949651879335391982e+02,-6.560596380446180653e+00,2.823055635681282638e+02,7.975825413782291662e+01,-4.413419976466468029e+02,5.897935225796490322e+00,6.112015690785079869e+02,-5.781263204916123755e+01,1.490526563915819054e+02,-6.030465114470999879e+02,-2.620258196874939216e+01,5.047194054002674335e+01,-7.751573196786665676e+02,3.638760770705958976e+02,4.803513069093077092e+02,-2.780545370877729852e+02,2.370879807318648957e+01,2.073338306393901860e+02,-1.217465606873849566e+02,-3.672266763034598966e+02
8.180846410256410195e+01,-1.403209523809523951e+01,-1.826648959267742782e+02,-6.319637246191519786e+00,2.549350871487704921e+02,7.231683611794382216e+01,-3.589162821052943855e+02,5.839925320673328812e+00,5.397435659258725309e+02,-5.317003834334776258e+01,1.356044870443622870e+02,-5.165775060264002150e+02,-2.538099420424976316e+01,4.745867162367813563e+01,-6.303865612589999046e+02,3.188097948152000072e+02,4.650629922458238070e+02,-2.419385179469252876e+02,2.285203520285064016e+01,1.852327877586394038e+02,-1.066730947934888860e+02,-3.060398029399929101e+02
8.260894871794870653e+01,-1.515709523809523773e+01,-1.943312350042203889e+02,-6.548647769110288230e+00,2.783854530659037891e+02,7.736975486227244403e+01,-4.810290002142215258e+02,5.690247363700352778e+00,5.930534974777643811e+02,-5.865894514877369659e+01,1.407237828235641643e+02,-6.720352773067503449e+02,-2.538644353717612390e+01,5.004939493201393219e+01,-7.890934924949998504e+02,3.748128348250999125e+02,5.253549709365304352e+02,-2.769225269425154465e+02,2.255606792219553114e+01,1.988674968347434344e+02,-1.166960573627536348e+02,-3.843941318672719945e+02
8.061064358974360289e+01,-1.360390476190476150e+01,-1.709058245401128602e+02,-6.046644293398843573e+00,2.384892091045962275e+02,7.084810434737893559e+01,-3.791966001187691404e+02,5.529801473717649962e+00,5.365451727704038376e+02,-5.077517612774008171e+01,1.256917850958952840e+02,-5.031190708607999227e+02,-2.387657678808299622e+01,4.507263276534313690e+01,-6.734509855519999064e+02,3.247851235793142450e+02,4.568327296719998003e+02,-2.385539539179511905e+02,2.119730821324092673e+01,1.856774755131101529e+02,-1.001553220674500011e+02,-3.236971339470120483e+02
8.039556538461539503e+01,-1.319971428571428618e+01,-1.661260122777324852e+02,-6.011430707148532449e+00,2.328460516394937656e+02,6.841105223956583359e+01,-3.051261038855566881e+02,5.588281190073895566e+00,5.015177782652557994e+02,-4.762820493722434634e+01,1.186371497502324388e+02,-4.514138710982999214e+02,-2.333394141215895701e+01,4.338285072905075168e+01,-5.811657776099999637e+02,2.778536933969474489e+02,4.112427321930720723e+02,-2.181400355438616714e+02,2.149218943343277033e+01,1.732087762820639796e+02,-9.481459956498285635e+01,-2.873225972732867035e+02
8.365664615384616809e+01,-1.481076190476190391e+01,-1.901569872942925485e+02,-6.365511123628817991e+00,2.694736278364276245e+02,7.638659821413173745e+01,-4.388622859679864519e+02,5.736131235501893855e+00,5.880916293038268350e+02,-5.678876952891089047e+01,1.439548413140996672e+02,-5.860906780574998720e+02,-2.542937659588593036e+01,5.003895336299815710e+01,-7.331469656000000441e+02,3.718411668365594664e+02,5.036838315317983188e+02,-2.581729153790658415e+02,2.283363284536640947e+01,1.988174825612526320e+02,-1.158293227493635129e+02,-3.674270132763234642e+02
8.547845897435895779e+01,-1.490052380952380950e+01,-2.009939654780974081e+02,-6.554872057262969065e+00,2.815708173700576822e+02,7.862350767448504030e+01,-4.668600590890383728e+02,5.875724938122521834e+00,6.263237231424342326e+02,-5.779801500554115989e+01,1.507684279525924751e+02,-6.154152398981999568e+02,-2.642454606119780891e+01,5.072462795191530915e+01,-7.683178198919999886e+02,3.839773934990673752e+02,5.091964053881922609e+02,-2.778847241513822723e+02,2.383958650930693324e+01,2.133880920661541722e+02,-1.174301395394194856e+02,-3.698380771781086196e+02
8.281995512820512317e+01,-1.437385714285714222e+01,-1.798413739030996794e+02,-6.267422912906963184e+00,2.516512940205867608e+02,7.235780556452976953e+01,-4.004161377877945824e+02,5.643556217584782431e+00,5.475678445081192649e+02,-5.242722326862320159e+01,1.334139249779308898e+02,-5.433474511477999158e+02,-2.445340161059550255e+01,4.601574574811069596e+01,-7.292215853693334111e+02,3.300180689942673098e+02,4.416314964076348133e+02,-2.470116796158427235e+02,2.230409955536520883e+01,1.900286264623520083e+02,-1.060466283822234743e+02,-3.274924839151500464e+02
8.407141282051283326e+01,-1.547176190476190349e+01,-1.966196696771411609e+02,-6.627273265487540144e+00,2.777950538551510249e+02,7.794231631452174724e+01,-4.867312520437121748e+02,5.791904107226422127e+00,6.029648441218535027e+02,-5.792919563739611988e+01,1.479830738070332927e+02,-6.557920171588497169e+02,-2.609027413259789085e+01,4.943996331962738111e+01,-7.921470303160000412e+02,3.687133540682814328e+02,4.598402028256541030e+02,-2.855504678247368702e+02,2.338535862532316401e+01,2.036474502163831630e+02,-1.199971767719913629e+02,-3.508915751658136060e+02
8.393083589743588391e+01,-1.435404761904761983e+01,-1.966486314861651863e+02,-6.403641444910007863e+00,2.683499118083976782e+02,7.577670630895805459e+01,-4.224176123149549085e+02,5.793821500321977069e+00,5.621985557064841714e+02,-5.554802243620017066e+01,1.441933005273669153e+02,-5.802198397485001351e+02,-2.594618515907750123e+01,4.846362535593890186e+01,-7.509773790399999598e+02,3.518294880026847409e+02,4.922881590527852609e+02,-2.652053576387059479e+02,2.325868885238464401e+01,2.033356936573837288e+02,-1.159967138890958864e+02,-3.483862408795702663e+02
8.480558717948719050e+01,-1.506647619047619280e+01,-1.990081869220946373e+02,-6.587374625839185427e+00,2.867733295930345889e+02,7.833457153968423370e+01,-4.559187825602577391e+02,5.873377521137371993e+00,6.017467876136970517e+02,-5.961413305219528525e+01,1.491241157210898223e+02,-6.458324041574998091e+02,-2.635573242697785901e+01,5.122203610374719318e+01,-7.923323961000000963e+02,3.695861657130360527e+02,5.145726602120189455e+02,-2.773691651715641910e+02,2.377425021161073460e+01,2.081639818653006273e+02,-1.202409320935805539e+02,-3.719342540208207879e+02
8.517024102564103316e+01,-1.499733333333333185e+01,-2.028999273825108673e+02,-6.644519729444333223e+00,2.875214851032632168e+02,7.948328428397122991e+01,-4.766421006276742105e+02,5.947350272317717845e+00,6.065350420010593098e+02,-5.888256135598407326e+01,1.562546196678324009e+02,-6.213913307099998065e+02,-2.704388645191045626e+01,5.153858692025566768e+01,-7.468303390800000443e+02,3.973729314833788067e+02,5.284495580706488909e+02,-2.743975070752879901e+02,2.411107368912036719e+01,2.111205255504297611e+02,-1.230412027323846331e+02,-3.779229335569310138e+02
8.347434102564103853e+01,-1.468471428571428561e+01,-1.892495431279697868e+02,-6.473593089232203113e+00,2.620621917045411919e+02,7.499478937472946427e+01,-4.361907321977535048e+02,5.732766028233031719e+00,5.656177017209020050e+02,-5.555364216951991807e+01,1.372703372255674026e+02,-5.894380916062000324e+02,-2.540082193381834230e+01,4.828792471756725746e+01,-7.478429033453331840e+02,3.548341221319948318e+02,4.767665423717180602e+02,-2.643542439980005838e+02,2.281554754249250294e+01,1.996863855334173081e+02,-1.121532744595355382e+02,-3.471395226455761076e+02
8.266768974358974731e+01,-1.399604761904761929e+01,-1.818131908636005676e+02,-6.368931434147538262e+00,2.559088880077489989e+02,7.315713775259189333e+01,-4.219347744696156042e+02,5.667866758432062113e+00,5.487093131521238547e+02,-5.331172481878316205e+01,1.306391363022105736e+02,-5.800300026722999291e+02,-2.463053075897281374e+01,4.615857159026415246e+01,-7.558351997680000522e+02,3.288879263224362148e+02,4.479240908541073622e+02,-2.612306342922732938e+02,2.217292700794226690e+01,1.911476481905116032e+02,-1.068149241258951605e+02,-3.304928701487934859e+02
8.218575769230768913e+01,-1.451600000000000001e+01,-1.876830289625301589e+02,-6.508474350854030810e+00,2.678620858549298873e+02,7.704801383819302885e+01,-4.189115369282175720e+02,5.807308338943530934e+00,5.872178111609134703e+02,-5.480063928462550393e+01,1.345873649064679967e+02,-6.039699248399998623e+02,-2.562677540584568092e+01,4.759228780252371394e+01,-7.286858087199999545e+02,3.329719767627117335e+02,4.414138908004488826e+02,-2.601424000587081764e+02,2.302619017193817186e+01,1.892317254168628438e+02,-1.138922428482454450e+02,-3.193246985041027415e+02
8.282509487179487451e+01,-1.403961904761904833e+01,-1.776725992365577156e+02,-6.486915330900598242e+00,2.700035106946633618e+02,7.688590319070871715e+01,-4.376182746567171762e+02,5.746704339339864909e+00,5.822125607143956358e+02,-5.864959402093460739e+01,1.375189556295151476e+02,-6.049207896594998601e+02,-2.540275894773665044e+01,5.047375878849864250e+01,-6.883514809166666737e+02,3.609109921944848907e+02,5.041641799387115270e+02,-2.521325743780820119e+02,2.245669681891604696e+01,1.875341113179096340e+02,-1.139666307612186955e+02,-3.601150337148605445e+02
8.080183974358973842e+01,-1.517357142857142804e+01,-1.834543880535034361e+02,-6.474746542748021305e+00,2.506562517331496451e+02,7.450317578815334230e+01,-4.375942249877060135e+02,5.688575990604347155e+00,5.576785983193429956e+02,-5.631039919863876264e+01,1.359288054035741311e+02,-5.785242399282500401e+02,-2.510017899972944022e+01,4.883663980763922297e+01,-7.605888767913334050e+02,3.600967444249017717e+02,4.785002373943315206e+02,-2.369621925744289683e+02,2.210469852676390090e+01,1.803178731254731986e+02,-1.128639153507451596e+02,-3.641137698899016186e+02
8.513442179487179828e+01,-1.430038095238095153e+01,-1.890399832526036903e+02,-6.437166142134628011e+00,2.623659791215122823e+02,7.529447660466541947e+01,-4.157000017226063164e+02,5.757643347153948099e+00,5.756629372013943566e+02,-5.507853320205906300e+01,1.434765131341908670e+02,-5.585071055255999681e+02,-2.545424985005616847e+01,4.801463879951820246e+01,-7.322173489680000102e+02,3.444793201708577612e+02,4.751393235087981566e+02,-2.626796038763114325e+02,2.319345588244099687e+01,2.022302699410221862e+02,-1.150209879294017554e+02,-3.409803590551118191e+02
8.312448333333333039e+01,-1.409938095238095279e+01,-1.961511736145417615e+02,-6.374343369993284547e+00,2.740918645697922216e+02,7.426003892730140876e+01,-3.874550105808822309e+02,5.869349917709627995e+00,5.535529779226407072e+02,-5.361483320479886316e+01,1.469482078160069136e+02,-5.205743654375000915e+02,-2.582328150481472662e+01,4.785083532463539768e+01,-7.067420423166666978e+02,3.405577151252738304e+02,4.633454256268748850e+02,-2.643484699192042626e+02,2.389150373333292521e+01,2.101307468740105548e+02,-1.162315837381474779e+02,-3.462039829539102129e+02
8.412761794871794052e+01,-1.478438095238095151e+01,-1.956662984639331739e+02,-6.511038626963951970e+00,2.683283142528172220e+02,7.646923816967519372e+01,-4.349700095719500723e+02,5.793436561413757957e+00,5.904549873460333629e+02,-5.719318104416466042e+01,1.474266990102332215e+02,-5.817648606479999671e+02,-2.595477476789211835e+01,4.984382672888880705e+01,-8.064191877866666118e+02,3.647061631405063054e+02,4.975418284842564844e+02,-2.607939816140396943e+02,2.342265667056457090e+01,2.054349939674986274e+02,-1.170770306407208068e+02,-3.713239599144318390e+02
8.512585256410257273e+01,-1.338371428571428368e+01,-1.803900359751611973e+02,-6.196341001596603171e+00,2.644820692881520472e+02,7.390809676435519293e+01,-3.690421284969772273e+02,5.755167534618067293e+00,5.552240239882547712e+02,-5.309035768149677637e+01,1.367265115804067079e+02,-5.092691736648000642e+02,-2.497609945317345037e+01,4.747839974024209653e+01,-6.348725933639999539e+02,3.299468509396219247e+02,4.661178399371730166e+02,-2.530928562562889113e+02,2.267544794300275868e+01,1.999142563388069220e+02,-1.098820166444122748e+02,-3.299615993382421948e+02
8.277746025641025085e+01,-1.451933333333333387e+01,-1.939754444563586446e+02,-6.546101017748353179e+00,2.702711664960108919e+02,7.506097725413212629e+01,-4.281410492895117272e+02,5.763961708759429037e+00,5.709875437066206132e+02,-5.506762237057779430e+01,1.400247620183185973e+02,-5.920679735924999250e+02,-2.579403961433075665e+01,4.762410122200631690e+01,-7.741269220499999619e+02,3.469972395807316730e+02,4.650886953878843997e+02,-2.688434520218852981e+02,2.318697218232447099e+01,2.007891188298860925e+02,-1.135131676775012437e+02,-3.523508067223195326e+02
8.414078589743590442e+01,-1.517238095238095141e+01,-2.091111685794128334e+02,-6.699259056611184704e+00,2.977658210277011221e+02,8.049749096576940133e+01,-5.112768223882304142e+02,5.882273053162476728e+00,6.085119822263183096e+02,-6.114329804177945960e+01,1.547648433215506998e+02,-6.827979140073000508e+02,-2.655360692233685072e+01,5.251686302723099686e+01,-7.532308007199999338e+02,4.029791360105338072e+02,5.180246282386747225e+02,-2.944961980193020281e+02,2.393680859286995144e+01,2.148064961530968446e+02,-1.281037326841567392e+02,-3.988453721214647203e+02
8.324194230769229819e+01,-1.417433333333333145e+01,-1.889962319401794275e+02,-6.387587649046335692e+00,2.700546762828930127e+02,7.447673870175202637e+01,-4.213833422862105067e+02,5.778326659859344794e+00,5.625573319134765597e+02,-5.592629439408206338e+01,1.401680124032221499e+02,-5.707053493932501169e+02,-2.543704813447489954e+01,4.889560561036964259e+01,-7.126044582433333971e+02,3.551756536904925383e+02,4.856264947678205885e+02,-2.618086857436618970e+02,2.298495894400670991e+01,2.028032708471346837e+02,-1.131818012350766054e+02,-3.618268822462229650e+02
8.640326153846153545e+01,-1.482166666666666366e+01,-2.109250068248472019e+02,-6.652882430847595785e+00,2.974079660595397172e+02,7.899401229779233802e+01,-4.872621046876651008e+02,5.974269542787373766e+00,5.980215110717884954e+02,-5.948495746180110189e+01,1.537940006305128691e+02,-6.339305072982000411e+02,-2.669849924625708937e+01,5.171624180748892741e+01,-7.401982465290001301e+02,3.930900724080144073e+02,5.106826478806025875e+02,-2.985039946856895199e+02,2.462001277876073146e+01,2.293083080785896755e+02,-1.255276904223732828e+02,-3.897130936223387039e+02
8.309527948717948220e+01,-1.435447619047619128e+01,-2.038205688522999992e+02,-6.548020562300866487e+00,2.710734566760395410e+02,7.665716449045474690e+01,-4.459583668362307094e+02,5.847753980249675188e+00,5.373869831219598154e+02,-5.810204730413357765e+01,1.536888559231067291e+02,-5.934285843948000547e+02,-2.624742774314697868e+01,5.027495792468476310e+01,-7.041449485840001898e+02,3.702220431799669882e+02,5.006232238983075717e+02,-2.718896600072528145e+02,2.390526178079446140e+01,2.106090291202068840e+02,-1.222086227483178646e+02,-3.639535640728884687e+02
8.228421666666665146e+01,-1.432600000000000051e+01,-1.856477744050756939e+02,-6.300263656668542822e+00,2.696200430023286003e+02,7.355623083038312870e+01,-4.057564878750001753e+02,5.666482116502930211e+00,5.546520814291171746e+02,-5.456485143103564894e+01,1.385004499550856281e+02,-5.637057506770499913e+02,-2.504214443037328053e+01,4.785536416697814133e+01,-6.859498853180001561e+02,3.454258890441994367e+02,4.858038224455001455e+02,-2.628608688014226118e+02,2.225110874590270527e+01,1.944942709356585340e+02,-1.098314136806119592e+02,-3.550439493336373857e+02
8.164341666666666697e+01,-1.481514285714285606e+01,-1.937446503363467230e+02,-6.612948494531557309e+00,2.764191549664643048e+02,7.531839972755993529e+01,-4.482252366616176005e+02,5.793231571992508933e+00,5.758086822962502538e+02,-5.844144638720573681e+01,1.448649408616865060e+02,-6.253806691704004379e+02,-2.638535441949416338e+01,4.976220517951664846e+01,-7.813948379380000233e+02,3.619727009102865054e+02,5.094926039774999253e+02,-2.716503196405760718e+02,2.307773576159550544e+01,2.045762158481482516e+02,-1.175273599656773627e+02,-3.795490213617143809e+02
8.509980769230769226e+01,-1.400728571428571634e+01,-1.825223485414262825e+02,-6.254313098547325644e+00,2.472870669971198936e+02,7.199552948144228992e+01,-3.601511994608486020e+02,5.753523361163908945e+00,5.373613231589775978e+02,-4.981839933084484784e+01,1.325566518434484067e+02,-4.762534254114000873e+02,-2.483142204791615981e+01,4.493416975479401287e+01,-6.873996946973334161e+02,3.187446138054622793e+02,4.285808479805643287e+02,-2.441560175575977212e+02,2.290225979341531826e+01,1.963196433171275999e+02,-1.051386148107721255e+02,-3.107858082304523464e+02
8.398726794871794255e+01,-1.418804761904761946e+01,-1.903559812733043941e+02,-6.337055565439795757e+00,2.657385674460124960e+02,7.543036336782950002e+01,-3.771420756449231817e+02,5.836407919248217446e+00,5.731942669446394802e+02,-5.359584958399219801e+01,1.408615625489980800e+02,-5.312602134401997773e+02,-2.558760774194037424e+01,4.778938670219780960e+01,-7.086354612320001252e+02,3.307933387029274854e+02,4.725682874943142906e+02,-2.522567648737400816e+02,2.341392054484760976e+01,1.972085890050889532e+02,-1.110073295642242357e+02,-3.233888474978969043e+02
8.468410897435897766e+01,-1.461500000000000021e+01,-1.953341594381647894e+02,-6.488247239356316420e+00,2.768265958396111728e+02,7.736419237126420967e+01,-4.328989791516920036e+02,5.900883116583801602e+00,5.981728521625453823e+02,-5.677857349498702888e+01,1.492543616731529994e+02,-5.715531196739998450e+02,-2.599877678551259663e+01,5.013395311049428216e+01,-7.584571328399998720e+02,3.697950914941937981e+02,4.894574845391825875e+02,-2.723583822925468212e+02,2.370919274903590690e+01,2.115476128880318356e+02,-1.165301341639012378e+02,-3.627582308693948221e+02
8.547084487179485279e+01,-1.440014285714285514e+01,-2.055050803996705895e+02,-6.670768720851135924e+00,3.020084208890247055e+02,8.164558759064466642e+01,-4.769770280397491433e+02,5.948367156435023340e+00,6.541163901294326024e+02,-5.996487875102194920e+01,1.529365866899389061e+02,-6.519508665683999880e+02,-2.695383221235970339e+01,5.204293854177023348e+01,-8.189857793950000087e+02,3.903340901749763248e+02,5.124122106974677990e+02,-2.858954143734028435e+02,2.421348795937434772e+01,2.150393212249438477e+02,-1.240439334381228065e+02,-3.821565325277654210e+02
8.319135512820511735e+01,-1.442999999999999794e+01,-1.889984859963292081e+02,-6.347519232329894123e+00,2.594957670852149363e+02,7.304179098426756411e+01,-3.834552599913462245e+02,5.809174867788947871e+00,5.312184821853244330e+02,-5.214873228853844012e+01,1.393208551685813177e+02,-5.224074793334999640e+02,-2.522460715582633739e+01,4.634782397816415056e+01,-7.115474028600000338e+02,3.232955985141343263e+02,4.430273418054518970e+02,-2.586738927713534508e+02,2.337720974281635478e+01,2.016802590123375865e+02,-1.109020908124840332e+02,-3.231936137934186490e+02
8.631823846153847057e+01,-1.447747619047619061e+01,-2.037949115534864859e+02,-6.504678349892030198e+00,2.992367437593036357e+02,8.012845085863830263e+01,-4.467715689170590281e+02,6.020012510220791313e+00,6.063173554980713789e+02,-5.808072216164043056e+01,1.565509733439771196e+02,-6.072754388350000454e+02,-2.659431795228025308e+01,5.148539494323202348e+01,-7.002026642333331665e+02,3.792434668819868193e+02,5.210536337381810199e+02,-2.845222088017082456e+02,2.462300942834252382e+01,2.210910766022325049e+02,-1.254917474756232423e+02,-3.695727824262964987e+02
8.428956923076923147e+01,-1.470628571428571441e+01,-2.062437466182164769e+02,-6.693896166545352244e+00,2.826392111355096972e+02,7.793802484266441866e+01,-4.703168156004164189e+02,5.892749894398296107e+00,5.951456172635328130e+02,-5.830858082854729219e+01,1.498813399999195042e+02,-6.295916595056000915e+02,-2.666967237870777296e+01,5.026137749474816019e+01,-7.998367446666665046e+02,3.696093917651692777e+02,4.871902103436923426e+02,-2.825436375892260799e+02,2.411191963165560637e+01,2.149042071027993188e+02,-1.237422572819103550e+02,-3.622096372371669872e+02
8.602382692307692480e+01,-1.431480952380952232e+01,-1.921686232954373565e+02,-6.375967671264476166e+00,2.731156388773126764e+02,7.702148681145558839e+01,-4.102289011317621998e+02,5.842165918585000561e+00,5.828419151321388654e+02,-5.548424239465713725e+01,1.421102030386242632e+02,-5.524098759044999269e+02,-2.578140345859608829e+01,4.911829925783325024e+01,-6.731293123799997602e+02,3.559953852070934772e+02,4.831002534990864774e+02,-2.678058587167097926e+02,2.340897575950209131e+01,2.109628439606208872e+02,-1.118800326336147180e+02,-3.359018799591913762e+02
8.376235512820514373e+01,-1.469280952380952243e+01,-1.967410195552471919e+02,-6.486755295921507347e+00,2.784773814440305273e+02,7.631717150913436853e+01,-3.971315111025522810e+02,5.875086440975299418e+00,5.756900839120927458e+02,-5.562114910296269699e+01,1.438132216819834923e+02,-5.696268304383999066e+02,-2.584112235045406436e+01,4.896286236474260534e+01,-7.353679704746665493e+02,3.337728303613197340e+02,4.687734389779039930e+02,-2.703054823234160153e+02,2.354514836594450244e+01,2.016231955547150960e+02,-1.174904142873597408e+02,-3.491478658358045095e+02
8.459767307692305849e+01,-1.425790476190476319e+01,-2.004932322536161564e+02,-6.498782822454924002e+00,2.873653944745693138e+02,7.745436099120477991e+01,-4.694496559263257041e+02,5.799837794944569858e+00,6.066387804368150682e+02,-5.890092545647088684e+01,1.510063091807959665e+02,-6.293146501620002482e+02,-2.621527017373245272e+01,5.119442287577211204e+01,-7.714938094320001483e+02,3.865286673725984201e+02,5.347853805140963459e+02,-2.783202239409782237e+02,2.342349268974658472e+01,2.108930701448474281e+02,-1.184920771041613392e+02,-3.859306949452691811e+02
8.498996923076921917e+01,-1.496995238095238179e+01,-2.027626146706947168e+02,-6.575726709950256321e+00,2.929573477883690771e+02,7.863633762242571379e+01,-4.562723490295384750e+02,5.870688551289126700e+00,6.146628155085858225e+02,-5.995501002446150807e+01,1.527849626473922910e+02,-6.247608000048002168e+02,-2.674781415557162134e+01,5.173864281546214983e+01,-8.028437881280001420e+02,3.825057177201381933e+02,5.208741169103462880e+02,-2.902538720667640177e+02,2.375095563459641923e+01,2.166263370922698073e+02,-1.221527659937673178e+02,-3.883658167771224612e+02
8.292972692307691318e+01,-1.412480952380952459e+01,-1.820334220333650705e+02,-6.319853734067610418e+00,2.526499426043553171e+02,7.447124681990941042e+01,-3.777546175783663784e+02,5.735967499336167563e+00,5.562129694318273323e+02,-5.212660444694300566e+01,1.324533529989222700e+02,-5.295545665971000062e+02,-2.482028887319389554e+01,4.627836496710729364e+01,-6.940025470986666960e+02,3.202985463222689191e+02,4.393351871600928575e+02,-2.467084675769606292e+02,2.260952474717291949e+01,1.878649463185628008e+02,-1.091993842562255566e+02,-3.114252035127448153e+02
8.424835384615384726e+01,-1.391461904761904833e+01,-1.856859327858601887e+02,-6.361676930998653390e+00,2.587718165341266854e+02,7.439863470635080489e+01,-4.068760782355479932e+02,5.774141173197754995e+00,5.423507457483812004e+02,-5.394035540123711314e+01,1.372636150097033862e+02,-5.486640728250000620e+02,-2.538838507488395990e+01,4.747392187881100512e+01,-6.619348519666664288e+02,3.434718331328215868e+02,4.645582035813301900e+02,-2.513724081996881523e+02,2.280128578869441114e+01,1.926257608757157129e+02,-1.106710459242248845e+02,-3.309945159500855425e+02
8.210139487179486650e+01,-1.521571428571428619e+01,-1.678835375371314740e+02,-6.384939255731118202e+00,2.439143284731948711e+02,7.325995025531136662e+01,-3.633011114447647856e+02,5.703510390452536605e+00,5.480592523305841723e+02,-5.047282356800813119e+01,1.204681010434220951e+02,-5.293297077354002340e+02,-2.562322417907733296e+01,4.417598991412325660e+01,-7.396452680760002067e+02,2.833293859478011996e+02,3.760638295597980800e+02,-2.267003848148557950e+02,2.185775921846906300e+01,1.724093000135705722e+02,-1.096102634922286398e+02,-2.828461663449882622e+02
8.497755384615385310e+01,-1.527404761904761799e+01,-1.993710977836487075e+02,-6.559878203875845415e+00,2.781886023227157807e+02,7.781810868822981320e+01,-4.474818862476381014e+02,5.829773917527816707e+00,6.145089961258364610e+02,-5.671834816622232012e+01,1.490842394635550932e+02,-5.898484143360000189e+02,-2.618912775488744771e+01,4.965590277199871139e+01,-8.436060387839999066e+02,3.670311756622330108e+02,4.729682195667695055e+02,-2.701195474150614473e+02,2.366703928412668034e+01,2.090347846909856742e+02,-1.202093521508681988e+02,-3.626920279245567258e+02
8.388445000000000107e+01,-1.418052380952381064e+01,-1.865006872482794051e+02,-6.350314395615439089e+00,2.730411953025985099e+02,7.444095830400397062e+01,-4.186341445555294740e+02,5.798992710980675369e+00,5.617018579284841735e+02,-5.672676748280476033e+01,1.435338489960514039e+02,-5.619834842606999246e+02,-2.543050691673515473e+01,5.005787387959515655e+01,-6.705500391079999645e+02,3.623222121876755182e+02,4.984776127325624770e+02,-2.603360843023418170e+02,2.287758985904588371e+01,1.995171562126824938e+02,-1.129784866861163977e+02,-3.643700894767691238e+02
8.448523589743589923e+01,-1.474376190476190551e+01,-1.870271066327565563e+02,-6.462044076675851123e+00,2.564686445040370586e+02,7.346606559985397666e+01,-3.821344579130292232e+02,5.838341850155476465e+00,5.488561248216827835e+02,-5.331519357549026950e+01,1.401862894687905055e+02,-5.200172926455001061e+02,-2.598597187063775849e+01,4.698774298992547926e+01,-7.032742724020000651e+02,3.266574737972302387e+02,4.450875313799359105e+02,-2.495351060659669713e+02,2.355920063431059219e+01,1.987561644587692911e+02,-1.114214304657243559e+02,-3.233524379069464203e+02
8.541335512820512577e+01,-1.620295238095238233e+01,-2.046720846281860133e+02,-6.764128567174673812e+00,3.098530223355866724e+02,8.199017480615528086e+01,-5.334818778789796170e+02,5.929282406120526261e+00,6.442266641058064351e+02,-6.452438273071315677e+01,1.629262494273007462e+02,-7.371089800075003495e+02,-2.729952655904068948e+01,5.421092047845910145e+01,-7.899031335950002131e+02,4.147062212161952743e+02,5.407467021848074182e+02,-3.121585678339130254e+02,2.410236827245659086e+01,2.158566358387436424e+02,-1.289838702098988676e+02,-3.984621766018087214e+02
8.233957564102563254e+01,-1.454914285714285782e+01,-1.818182299819326033e+02,-6.606181031677196280e+00,2.651399369349329049e+02,7.533244275803683365e+01,-4.462118628862987748e+02,5.765977450128558779e+00,5.823156072978846396e+02,-5.728033112946582861e+01,1.333272670488952940e+02,-6.297347047215001794e+02,-2.552058884935757987e+01,4.868382720129383756e+01,-7.890729564350000373e+02,3.469890997084271476e+02,4.569248678043751966e+02,-2.580687045727795521e+02,2.263972386617013299e+01,1.859583994717732480e+02,-1.130179089503012619e+02,-3.531575117879468166e+02
8.521555769230768362e+01,-1.478761904761904944e+01,-1.981531485622108733e+02,-6.487563984934303640e+00,2.874246512780980538e+02,7.708425993588720360e+01,-4.383783282712756204e+02,5.885215694081466609e+00,5.838583313911507275e+02,-5.858069606706293797e+01,1.480214752994923231e+02,-5.909407635579500493e+02,-2.623872338556407868e+01,5.125353633224857219e+01,-7.282696646616667522e+02,3.748310000625068028e+02,5.128579791204915637e+02,-2.723817575071744272e+02,2.376087840414788133e+01,2.122948293667169253e+02,-1.181514481773019583e+02,-3.797405145411352123e+02
8.635058974358975092e+01,-1.462738095238095148e+01,-2.130611336700174263e+02,-6.713028982764424946e+00,3.045926843874653400e+02,8.069642335129988453e+01,-5.064094722090496248e+02,5.952505194309352987e+00,6.226911020424302023e+02,-6.197917803997465569e+01,1.560254402704620986e+02,-6.898112820480004075e+02,-2.714278191052850531e+01,5.329118256163173584e+01,-7.596639372799999137e+02,4.069452770741028758e+02,5.515778010560002258e+02,-2.972110268094615435e+02,2.442754460670969152e+01,2.269833062664748979e+02,-1.243196500301116032e+02,-4.043424854634648113e+02
8.279432564102562253e+01,-1.429838095238095264e+01,-1.854042493757824843e+02,-6.389104029407016938e+00,2.625586116099271976e+02,7.445374472857761816e+01,-4.049691419829367760e+02,5.671118298557386694e+00,5.406549768325716059e+02,-5.421260389743820696e+01,1.353921283495076864e+02,-5.589488294229000758e+02,-2.472762322216892628e+01,4.728179293240253145e+01,-7.009856211260001828e+02,3.335085178198253288e+02,4.384154478966427178e+02,-2.554989286720007158e+02,2.244053733562047981e+01,1.910570298305190704e+02,-1.155737215185971394e+02,-3.453469258633953132e+02
8.342447307692307845e+01,-1.488723809523809649e+01,-1.859098534067279900e+02,-6.427839349630017907e+00,2.622303315410728146e+02,7.393108481911960439e+01,-3.810037278333667814e+02,5.855387393842900856e+00,5.435838319232343565e+02,-5.468868325247745332e+01,1.400170057967777950e+02,-5.258355831090000265e+02,-2.583824761924954672e+01,4.841649450084378969e+01,-6.882584517119997827e+02,3.298923361034729851e+02,4.548875241032596932e+02,-2.512770209790660090e+02,2.340708988630011689e+01,1.971480458547796673e+02,-1.115951054386206067e+02,-3.313253129084690158e+02
8.578283974358973296e+01,-1.423909523809523670e+01,-1.986382695978415143e+02,-6.463180162124069206e+00,2.802716166829184772e+02,7.739602456322951696e+01,-3.927344953112757935e+02,5.995140928860439367e+00,5.705855662903558141e+02,-5.680723618606950964e+01,1.513299020045643033e+02,-5.315900221800001191e+02,-2.671094942938656303e+01,5.052154031363274811e+01,-6.499198354320000135e+02,3.521574767691088823e+02,4.792903997053845160e+02,-2.616377068140878350e+02,2.441385123306081084e+01,2.125692213263536985e+02,-1.203739132483840422e+02,-3.560101213047856845e+02
8.206880512820512763e+01,-1.339595238095238194e+01,-1.748364756045902197e+02,-6.284070194677464194e+00,2.497155376191560094e+02,7.108661134929781156e+01,-3.670537257885948748e+02,5.712854981867631743e+00,4.965481012437042523e+02,-5.294119182970545978e+01,1.336639787641315706e+02,-5.052235569943500195e+02,-2.466814494786730094e+01,4.687028731996751674e+01,-5.650670089289998259e+02,3.194176919174083764e+02,4.437813568877980970e+02,-2.377287943834894008e+02,2.224966291241348770e+01,1.813118742100082841e+02,-1.079795802791867771e+02,-3.248096642978956083e+02
8.396705641025641853e+01,-1.466761904761904844e+01,-1.957152663158124994e+02,-6.484919238594578417e+00,2.790056629951603782e+02,7.643421356350643237e+01,-4.238687161364704821e+02,5.834717639319200622e+00,5.836855909910129867e+02,-5.586425137119036322e+01,1.458800828710543271e+02,-5.808499427184999604e+02,-2.587751985745046923e+01,4.898542911871940930e+01,-7.657983712599999535e+02,3.567369076945549295e+02,4.767810034891650162e+02,-2.787711652715122455e+02,2.350012682792274887e+01,2.097225448978120141e+02,-1.180704988438323255e+02,-3.540800592049002375e+02
8.290925512820513177e+01,-1.472395238095237957e+01,-1.758755712902924699e+02,-6.400159390412158977e+00,2.518619160509624919e+02,7.389978576495879281e+01,-4.273366744092083422e+02,5.620637626527765995e+00,5.475372007938896104e+02,-5.383086091530433492e+01,1.278059043746274739e+02,-5.962004678775999764e+02,-2.454369132577426882e+01,4.618120639203802824e+01,-7.387661412060000430e+02,3.258053577952791784e+02,4.293937830637887032e+02,-2.583987546415328325e+02,2.190917833274609450e+01,1.857552218829501953e+02,-1.081719719298008471e+02,-3.284848747657111403e+02
8.508777179487178444e+01,-1.389761904761904887e+01,-2.040380932627714685e+02,-6.502154758134520485e+00,2.841343683133052878e+02,7.637599252022319263e+01,-4.339185429691809759e+02,5.901727669126989539e+00,5.587214784915444170e+02,-5.694013595535748351e+01,1.523701417787057153e+02,-5.787674533047999148e+02,-2.626857094793604119e+01,4.967045992780570174e+01,-6.860136043039998412e+02,3.665491361783773527e+02,4.903338678567563420e+02,-2.770224692667680415e+02,2.420665505622331892e+01,2.180720852345494336e+02,-1.211998147502776817e+02,-3.608873373913348246e+02
8.337356410256410300e+01,-1.488409523809523805e+01,-1.955790606258115929e+02,-6.524437829541232858e+00,2.738364433887953737e+02,7.810310676770470195e+01,-4.511968621053752599e+02,5.818967099798229015e+00,6.119430295437006180e+02,-5.783216803511189852e+01,1.436539261603311672e+02,-6.214088143034999803e+02,-2.604286701524363679e+01,5.024168992012695867e+01,-7.778875200599997015e+02,3.693325672958844734e+02,4.935372783285577043e+02,-2.693589514512108281e+02,2.312413763655164800e+01,2.016331959971953722e+02,-1.167496797430538606e+02,-3.664688767563513920e+02
8.207843333333333646e+01,-1.505761904761904368e+01,-1.861500221550139713e+02,-6.424961837286350175e+00,2.538699213325519963e+02,7.320999570413282242e+01,-4.050069565843530768e+02,5.727255551288640945e+00,5.506770453753152879e+02,-5.475513573169897086e+01,1.352277678332392554e+02,-5.532562125617999982e+02,-2.489112781163908039e+01,4.778858583081770917e+01,-7.429735352013335614e+02,3.331846167320525183e+02,4.518313304379793180e+02,-2.390076284804941054e+02,2.263289231996727935e+01,1.840670781168211931e+02,-1.105916558528920461e+02,-3.337050935866161012e+02
8.409850384615384655e+01,-1.412852380952380926e+01,-1.857935279416872447e+02,-6.274946109036233288e+00,2.567065774055865859e+02,7.514265918755883433e+01,-4.026297775232034155e+02,5.796425279296838262e+00,5.652085150146343722e+02,-5.483774922570530208e+01,1.396591751956328267e+02,-5.406694453439999961e+02,-2.526037908659084863e+01,4.891589354603704010e+01,-6.930536286239998844e+02,3.497538006670151276e+02,4.853339282690769778e+02,-2.447470603061115639e+02,2.286372761100926709e+01,1.961560231811242261e+02,-1.125089407251320210e+02,-3.400534739789784453e+02
8.424043076923076967e+01,-1.423571428571428399e+01,-1.935666720507680054e+02,-6.464366998931407871e+00,2.750888473052418135e+02,7.768023414636596158e+01,-4.203163964380767084e+02,5.834010832104172373e+00,5.846290694614923495e+02,-5.648954665119229190e+01,1.436581743223755723e+02,-5.930909616896001353e+02,-2.568217092985321770e+01,4.971484476731401259e+01,-6.722226540993332264e+02,3.537053269308454446e+02,4.981275643425511817e+02,-2.727723708160218621e+02,2.339321766695332627e+01,2.059442595404156293e+02,-1.148323667334966842e+02,-3.497655884960236676e+02
8.546064230769232495e+01,-1.425680952380952426e+01,-1.987797901105135736e+02,-6.493880396837007574e+00,2.792334947837026107e+02,7.816183232402897829e+01,-4.105584176805881498e+02,5.959688383099147835e+00,6.003002802155000381e+02,-5.654936574344521460e+01,1.521478770144462089e+02,-5.612210530419999941e+02,-2.657966566766618755e+01,5.032365365404052682e+01,-7.218906948933330341e+02,3.575735665804925816e+02,5.021215016391476524e+02,-2.642981082817589709e+02,2.426228733640516921e+01,2.088256848354929502e+02,-1.190884376577718768e+02,-3.456631742568832237e+02
8.381286794871795109e+01,-1.560690476190476161e+01,-2.094064731481980743e+02,-6.783965326053522205e+00,2.941696181035421773e+02,7.878221152454291598e+01,-5.033084071265294028e+02,5.960270689418928569e+00,6.128080126689563940e+02,-6.159289557813844596e+01,1.556670066927393066e+02,-6.752392002037501015e+02,-2.724753523816464096e+01,5.260679078368861639e+01,-8.448101310740001963e+02,4.007628845514780096e+02,5.430910037350563471e+02,-2.947063183885258013e+02,2.437978472346332026e+01,2.202152796740179497e+02,-1.251892783890807976e+02,-3.924238609128336748e+02
8.460242051282051534e+01,-1.600752380952381060e+01,-2.001305019295818113e+02,-6.605200556113792310e+00,2.883803807959928918e+02,7.860823215996249758e+01,-4.417568719406674518e+02,5.871015666903181440e+00,6.228784505871452666e+02,-5.907142873083013512e+01,1.505481857020537575e+02,-6.083187617575002832e+02,-2.690249707120548095e+01,5.104379685131716826e+01,-8.073962240166666788e+02,3.722583652998072807e+02,5.045471295949005821e+02,-2.789383186341224814e+02,2.380479266724048060e+01,2.159417084098280668e+02,-1.212281672697972965e+02,-3.733166274180869095e+02
8.581189871794870783e+01,-1.397980952380952324e+01,-1.996792569483804130e+02,-6.517090046004422099e+00,2.747636951691001741e+02,7.532249515854485367e+01,-4.466567991454117532e+02,5.863789207933938208e+00,5.489552145049085539e+02,-5.653287210526899287e+01,1.499547889514958001e+02,-5.686684872383999618e+02,-2.622734790670908822e+01,4.972821898200213298e+01,-7.086275085440000794e+02,3.709742178575132812e+02,4.867822643321539999e+02,-2.758052382279744279e+02,2.388114299520184147e+01,2.147227141232951908e+02,-1.179375323238965194e+02,-3.646632947395716542e+02
8.530980897435897248e+01,-1.467861904761904768e+01,-2.018672548059535643e+02,-6.527516243400125262e+00,2.844373894254034099e+02,7.777231041574006554e+01,-4.539694737614252631e+02,5.897456787851041327e+00,5.896016648241451321e+02,-5.686064663467596603e+01,1.467224042679223714e+02,-6.096582037284999842e+02,-2.610240725094907432e+01,5.020932073967721010e+01,-7.364741723933331059e+02,3.750816542657984769e+02,4.977750756507755341e+02,-2.727048800693719386e+02,2.378265606831506673e+01,2.099422333602822732e+02,-1.190705344738491362e+02,-3.686902602168663066e+02
8.386649615384614265e+01,-1.381114285714285828e+01,-1.929488840576986490e+02,-6.333272971504963600e+00,2.843997331883399511e+02,7.525869308427679982e+01,-4.096895400700497589e+02,5.818906005983938812e+00,5.785723098120685108e+02,-5.677813070321187183e+01,1.489538673217127780e+02,-5.643712137662000714e+02,-2.592207168069144174e+01,4.957382900357563926e+01,-6.826462343100000680e+02,3.632086662736721792e+02,5.148814989902112984e+02,-2.718599872674000721e+02,2.328975720603053290e+01,2.118094257312595516e+02,-1.158326206670338223e+02,-3.684764149879573552e+02
8.685041538461538835e+01,-1.386671428571428777e+01,-2.003734521725176307e+02,-6.514418477928642481e+00,2.818137261401092246e+02,7.684116064055464790e+01,-4.079202665745655736e+02,5.954483074527010089e+00,5.849827085640723681e+02,-5.374650576877885300e+01,1.475909386223258366e+02,-5.533622394602500663e+02,-2.632685601687042976e+01,4.822144340586986289e+01,-7.077481949596666482e+02,3.424899132641087931e+02,4.436656052734036280e+02,-2.732081642516192233e+02,2.459849095248808126e+01,2.118582318440018071e+02,-1.178906054586944379e+02,-3.357061604675024569e+02
8.446323846153845238e+01,-1.450714285714285623e+01,-2.012189422754343866e+02,-6.556501388173339606e+00,2.850866199170808954e+02,7.873373133946051894e+01,-4.539349513623075723e+02,5.854844502707329035e+00,6.040069558093944124e+02,-5.893553040191191172e+01,1.528168060436737505e+02,-6.202795147430003908e+02,-2.649485052856010014e+01,5.100922968714473882e+01,-7.659043406699998968e+02,3.795881848888608943e+02,5.056560132315256055e+02,-2.773713178076349095e+02,2.385399761822745290e+01,2.110405440759450073e+02,-1.222611168634550580e+02,-3.806482437960821130e+02
8.383517051282051114e+01,-1.516271428571428359e+01,-2.010656667901284322e+02,-6.469378976826432925e+00,2.916776739533833620e+02,7.646548728320213684e+01,-4.602711427944681759e+02,5.797529271014249197e+00,5.920831419255462151e+02,-5.946944084795821084e+01,1.528361279582630630e+02,-6.367084695495003643e+02,-2.613697811992501130e+01,5.122016994529400336e+01,-7.773477085366666870e+02,3.793575198424027235e+02,5.404051381396664056e+02,-2.895749483235189814e+02,2.323636462884185150e+01,2.127305831565678318e+02,-1.201850625088410425e+02,-3.809127092981236160e+02
8.183173205128204586e+01,-1.497233333333333150e+01,-1.871121663015468073e+02,-6.453304619498730688e+00,2.577386995258464140e+02,7.505142112391584419e+01,-4.219479077873073720e+02,5.716243897876150726e+00,5.701584442316286641e+02,-5.561644896273359251e+01,1.393379360282607138e+02,-5.853626240857497578e+02,-2.554080971227217844e+01,4.799152707240069304e+01,-7.417836979000002202e+02,3.456476375814795006e+02,4.725331341054422865e+02,-2.520949457684100707e+02,2.256687590727998938e+01,1.905543004734396675e+02,-1.126154643923289598e+02,-3.409310529080258334e+02
8.430491666666667072e+01,-1.468328571428571649e+01,-2.038286438607389073e+02,-6.632691840289867358e+00,2.645065444002353843e+02,7.603660360849212907e+01,-4.432681460899411832e+02,5.874625718531659047e+00,5.607570309477185901e+02,-5.699465572932759727e+01,1.553712900930785850e+02,-5.802695966272500527e+02,-2.686809198888166250e+01,4.935434037265638096e+01,-7.809258764219999875e+02,3.639155840601667364e+02,4.764864526684376074e+02,-2.699717040930662506e+02,2.418022111591518808e+01,2.089820690077067979e+02,-1.221806515421866237e+02,-3.533082461736776168e+02
8.340028974358973812e+01,-1.379242857142856948e+01,-1.915485912440342986e+02,-6.360648627077636341e+00,2.764961338246509968e+02,7.534924467567431350e+01,-4.083082210871674533e+02,5.815762929353780919e+00,5.614069379743244781e+02,-5.547483421002127812e+01,1.412930579742421173e+02,-5.485412570662000462e+02,-2.545710889943223165e+01,4.880608478100415226e+01,-6.825681085869999833e+02,3.525694203868163754e+02,4.823127357124391779e+02,-2.608113999092498148e+02,2.317007492246023759e+01,2.044680770947315693e+02,-1.136512163364159420e+02,-3.564740806944332121e+02
8.379491153846153395e+01,-1.443680952380952220e+01,-1.993833914808386396e+02,-6.450875790349334338e+00,2.722774549916210844e+02,7.501677388466558227e+01,-4.390812029834929717e+02,5.849836209870218795e+00,5.623891505677584064e+02,-5.744696389936736836e+01,1.543664055827830737e+02,-5.700937960935001456e+02,-2.606489628383601698e+01,5.028229343416289510e+01,-7.565255554049999773e+02,3.763091753745330834e+02,5.103107179753847049e+02,-2.716578202771714246e+02,2.362949003630958345e+01,2.172334579655588414e+02,-1.199467323292221010e+02,-3.859743895552380195e+02
8.505163205128205561e+01,-1.448190476190476339e+01,-1.980776979642616880e+02,-6.613301035292246333e+00,2.884769457073146555e+02,8.121080740763746064e+01,-4.612676624138282477e+02,5.910503108438273756e+00,6.189687874306358708e+02,-5.944024016680410227e+01,1.492308647142641860e+02,-6.493833968901997196e+02,-2.665241378243982240e+01,5.208171483856330042e+01,-7.148164764160000004e+02,3.755745839400038335e+02,5.124743186676791993e+02,-2.681659129333130522e+02,2.386436005639983193e+01,2.023729685387873474e+02,-1.237160420641231013e+02,-3.651994012581085940e+02
8.494953461538462136e+01,-1.384685714285714475e+01,-1.907301330785332141e+02,-6.389297988164996944e+00,2.688528972426703945e+02,7.454845684649407644e+01,-4.018652401507059722e+02,5.901247822193650627e+00,5.405611833237813926e+02,-5.412701451455843227e+01,1.393420645329286174e+02,-5.466623348003998899e+02,-2.688102456064785173e+01,4.773415796051633464e+01,-6.742743964319998895e+02,3.342815484367757790e+02,4.598285775176248649e+02,-2.552973922429176525e+02,2.330930652590984309e+01,2.058756733447062288e+02,-1.160881038483156402e+02,-3.283052897897080697e+02
8.526493717948717688e+01,-1.484780952380952357e+01,-1.958397429984607925e+02,-6.531639604052676518e+00,2.645914625173689956e+02,7.729299930827450282e+01,-4.599903223557648175e+02,5.766435278670883235e+00,5.916326858155863420e+02,-5.567125092369952455e+01,1.459263824240282190e+02,-6.035348863043999472e+02,-2.549817346017714925e+01,4.867783224805695141e+01,-7.856992292880003106e+02,3.647373870388465775e+02,4.603348654157887268e+02,-2.691718243113299422e+02,2.329865435300001053e+01,2.030028341473689864e+02,-1.189525610797768422e+02,-3.441611700038402546e+02
8.561794102564101649e+01,-1.486514285714285677e+01,-2.116752762141019559e+02,-6.614495441183905200e+00,2.996540466546991865e+02,8.010333873899102741e+01,-4.790280016135383221e+02,5.942718874734868706e+00,6.147872047504063175e+02,-5.972718544668799723e+01,1.584315127478702152e+02,-6.240755064258001994e+02,-2.665906762854774570e+01,5.233623920792460638e+01,-7.456704512400000340e+02,4.021684119213427948e+02,5.315494287349582692e+02,-2.992303668498541356e+02,2.439870475606534228e+01,2.292649121498146485e+02,-1.248292761945753426e+02,-3.924587093534224778e+02
8.355021025641023869e+01,-1.479395238095237985e+01,-2.019434028584793737e+02,-6.579387518797841672e+00,2.821615088291653706e+02,7.700480254630359411e+01,-4.580068973014002154e+02,5.835059218012903948e+00,5.781029215302559123e+02,-5.675167936466466045e+01,1.487193504589843656e+02,-6.001318614595498957e+02,-2.620133646198848965e+01,4.936373461055831058e+01,-7.688369827140001007e+02,3.748421482593967085e+02,4.778065423124663766e+02,-2.732376346093108168e+02,2.355559896054609936e+01,2.091785441345481900e+02,-1.213210962509472779e+02,-3.804440254024067372e+02
8.388090256410255563e+01,-1.448457142857142799e+01,-1.947410630073134712e+02,-6.384952682276794356e+00,2.801047146909540970e+02,7.699451329964409751e+01,-4.353624120602852940e+02,5.818002791073237923e+00,5.831380660870366910e+02,-5.659023526470233634e+01,1.465991209968086935e+02,-5.771749643209499254e+02,-2.543660304817525031e+01,4.984682456644244297e+01,-7.381910126629999240e+02,3.712730024845495791e+02,4.886797601643991129e+02,-2.703576733916659123e+02,2.327260889151472867e+01,2.068364404695259680e+02,-1.187365695144488598e+02,-3.654280707999633933e+02
8.462656538461537536e+01,-1.457166666666666721e+01,-1.913420585042690050e+02,-6.562735462435949962e+00,2.809357264681282800e+02,7.992612136508807907e+01,-4.440611135205631967e+02,5.908077835906189179e+00,5.981324561772397601e+02,-5.852983733424856183e+01,1.459042115385736338e+02,-6.122734608081003671e+02,-2.628406189789439651e+01,5.106548990284704104e+01,-6.841709858013333587e+02,3.682732079683055986e+02,4.951326069002498116e+02,-2.693206355598057939e+02,2.356070111747307649e+01,2.002624054635523692e+02,-1.215423957117804150e+02,-3.479880831241075043e+02
8.629568076923077058e+01,-1.446295238095238034e+01,-2.073748566348579629e+02,-6.604311207053976673e+00,2.937169853465123879e+02,7.939929144486070811e+01,-4.657687405172940771e+02,5.968339755326121931e+00,6.039160629345254847e+02,-5.990485004717567108e+01,1.573521196637812523e+02,-6.110861026899999615e+02,-2.691544204028186016e+01,5.230834769999516709e+01,-7.225821813093331230e+02,3.906685556227565712e+02,5.157439004628780594e+02,-2.847152168220451358e+02,2.460796552148498506e+01,2.243997572627675652e+02,-1.245268344961293963e+02,-3.856321078389808008e+02
8.333539358974358890e+01,-1.467223809523809663e+01,-1.898974883290390494e+02,-6.466449522082289292e+00,2.566873928996417362e+02,7.511652334367234118e+01,-4.251593824708144780e+02,5.762846200219859938e+00,5.749098160341366111e+02,-5.438500857265736244e+01,1.429283540479063390e+02,-5.610471903540001222e+02,-2.568736512425774166e+01,4.783332707337265788e+01,-7.811729128466666907e+02,3.509712270608025619e+02,4.562365050851279875e+02,-2.576231900631767076e+02,2.313944874286486808e+01,1.969823802980988887e+02,-1.153304499759347266e+02,-3.452499382525667784e+02
8.445480769230769624e+01,-1.460599999999999987e+01,-1.938468130452928051e+02,-6.531564828478381379e+00,2.755945482096626051e+02,7.728365625506275194e+01,-4.210333715884617050e+02,5.916449809596929121e+00,5.837204717969278818e+02,-5.722119020412760193e+01,1.467161660543584389e+02,-5.738052121919998854e+02,-2.629138379683854865e+01,5.035818212052876675e+01,-6.917813909999999851e+02,3.602471294073864669e+02,4.922635084810964941e+02,-2.568557430320477124e+02,2.369643624393610892e+01,1.993790827829770365e+02,-1.183250963176514858e+02,-3.570351002980338535e+02
8.390967051282052580e+01,-1.549585714285714388e+01,-1.965493761984588446e+02,-6.569854870083821297e+00,2.670571167830396462e+02,7.596102781674576931e+01,-4.649801879910410207e+02,5.721135573038770517e+00,5.727094255610412574e+02,-5.634510920364733977e+01,1.407606431469890538e+02,-6.325097988802501732e+02,-2.550632302135262819e+01,4.845680319373386880e+01,-8.426255211599999484e+02,3.559993481712630228e+02,4.610345759511316714e+02,-2.763375398702490884e+02,2.307108574950764890e+01,2.000987262162448701e+02,-1.182649960336019603e+02,-3.501681112230282906e+02
8.203486666666665883e+01,-1.419471428571428362e+01,-1.731578894342438275e+02,-6.250330849336322103e+00,2.341265906472615939e+02,7.018943702229036319e+01,-3.811735765396472857e+02,5.604326666877266661e+00,5.078415158417501516e+02,-5.138775507536225007e+01,1.298547225219817847e+02,-5.190914826005999885e+02,-2.418832023899997452e+01,4.517564701143084704e+01,-7.064630249299999605e+02,3.211517873414484257e+02,4.429438782144999891e+02,-2.360501370473756140e+02,2.177604947783990141e+01,1.848219845049526953e+02,-1.047452147072875590e+02,-3.232286517408314808e+02
8.086593589743590371e+01,-1.301342857142857135e+01,-1.764117226997626631e+02,-6.095931729746946637e+00,2.462775660987983883e+02,7.029747078345367584e+01,-3.268846909583620572e+02,5.669880311317283983e+00,5.250956345409950927e+02,-4.964486030493839053e+01,1.279924948207712845e+02,-4.694116401839999071e+02,-2.422221377136804676e+01,4.444970364716040478e+01,-6.387201571199999535e+02,2.972608675403556049e+02,4.446309092880771345e+02,-2.391498219053196124e+02,2.204757284207908796e+01,1.870380449761231887e+02,-1.006009539012701595e+02,-3.096994511641156578e+02
8.389659999999999229e+01,-1.435042857142857287e+01,-1.926094849631707007e+02,-6.408474410322196668e+00,2.826136443505000102e+02,7.518703617519490479e+01,-4.065278372495586723e+02,5.855267089484081922e+00,5.688869101687499779e+02,-5.614430007504437725e+01,1.471499323689290009e+02,-5.672763795449999407e+02,-2.601749488322403181e+01,4.980123116559937557e+01,-6.998154086999999208e+02,3.501572362681844197e+02,5.064249433124997495e+02,-2.694155007085532247e+02,2.363791085524056257e+01,2.080183280633474396e+02,-1.144571989013603144e+02,-3.616396903584616211e+02
8.438422692307692330e+01,-1.338528571428571645e+01,-1.739727309306659038e+02,-6.204430705999207873e+00,2.364057481792343935e+02,7.053960162368846909e+01,-3.673326531693393235e+02,5.671219560219210365e+00,5.033176866208581828e+02,-4.931703196868946293e+01,1.310235055973120382e+02,-4.700126939488000062e+02,-2.426181328451665564e+01,4.455626483753736267e+01,-6.555174370559999488e+02,3.148125508782094357e+02,4.000811968456921477e+02,-2.351700894573518497e+02,2.228310285462327656e+01,1.882149182453255207e+02,-1.043713000148862022e+02,-3.063606162000400559e+02
8.336373589743588752e+01,-1.519976190476190858e+01,-1.947894459403254928e+02,-6.635909110218127793e+00,2.804699073721096170e+02,7.626969303870851036e+01,-4.802665374359231123e+02,5.782938588460710072e+00,5.689055772679865868e+02,-5.946724756081985674e+01,1.469781225991696374e+02,-6.372755123310001864e+02,-2.627407456760611737e+01,5.062831078873391277e+01,-7.567993407599998363e+02,3.836475629490789174e+02,4.987984402220192806e+02,-2.944504029922713357e+02,2.325089491850367907e+01,2.108435231775799537e+02,-1.200816131760887657e+02,-3.841686564758052214e+02
8.284623974358973442e+01,-1.414561904761904643e+01,-1.891500477366007544e+02,-6.327232557954401315e+00,2.719733684250185775e+02,7.563954885188280741e+01,-4.311667371526292527e+02,5.699938860442608224e+00,5.821355270473729888e+02,-5.582559119590614927e+01,1.391154896058544637e+02,-5.904963007181000876e+02,-2.501261348186913125e+01,4.880923749242870002e+01,-7.560013869073333126e+02,3.605617438282618537e+02,5.058411600822546461e+02,-2.662957696574364377e+02,2.257811446468580741e+01,2.003127623075424708e+02,-1.112408883472408405e+02,-3.590792294292722886e+02
8.348375641025641869e+01,-1.428633333333333155e+01,-1.782742487957025617e+02,-6.244852260121349197e+00,2.535916024636159705e+02,7.339341195098995740e+01,-3.856512595111494193e+02,5.696573213561758386e+00,5.476661744691569993e+02,-5.272146526439338032e+01,1.329207197699417122e+02,-5.335786509900000283e+02,-2.438619075022089078e+01,4.716648486371472870e+01,-6.876415371466665647e+02,3.287453113710652133e+02,4.593029670130351860e+02,-2.449561802294057884e+02,2.228707874834192637e+01,1.905133582468779139e+02,-1.054280130421989838e+02,-3.280719099134540784e+02
8.349871025641026279e+01,-1.436147619047619273e+01,-1.919362088253602110e+02,-6.350636939972974737e+00,2.700961770243578144e+02,7.404985102146972054e+01,-4.082750000324527946e+02,5.785503344533934111e+00,5.560595546651501309e+02,-5.383724611933789106e+01,1.422280627982886188e+02,-5.499181262110502075e+02,-2.531059456556313592e+01,4.762716280764159649e+01,-7.284960816210000303e+02,3.459281007247492425e+02,4.774815277019134783e+02,-2.657878932791178954e+02,2.332975195811938462e+01,2.072024188224022510e+02,-1.139272807360339215e+02,-3.457390592140353647e+02
8.398133333333333894e+01,-1.451795238095238005e+01,-1.901458042453594999e+02,-6.414593789420939274e+00,2.626027516438400653e+02,7.486698574167262166e+01,-4.084562992710588105e+02,5.838349947652636374e+00,5.558822941414008483e+02,-5.495598800207314127e+01,1.441468734137415879e+02,-5.359194918272000905e+02,-2.582173928577962840e+01,4.902255170617986835e+01,-6.867082360746663880e+02,3.545839569123178308e+02,4.681331051031665993e+02,-2.497264223433041934e+02,2.362809595561450848e+01,1.994954203977418103e+02,-1.144668166696388596e+02,-3.450925191664270528e+02
8.505342564102564040e+01,-1.480000000000000071e+01,-2.011095832538611035e+02,-6.508078375421382233e+00,2.848369537231918116e+02,7.744233842789628852e+01,-4.494545755736177739e+02,5.852823616919965666e+00,5.978320842500552317e+02,-5.894049250928110695e+01,1.513220432230850747e+02,-6.074967285832501602e+02,-2.636692554921616960e+01,5.138449960026213148e+01,-7.336355147696666563e+02,3.810333335147407752e+02,5.240092723360705804e+02,-2.718624685586075884e+02,2.370737965221801602e+01,2.098109582034048515e+02,-1.202646186046689962e+02,-3.799188411931743872e+02
8.535626666666667006e+01,-1.465814285714285781e+01,-2.063447852570277234e+02,-6.670000664397684353e+00,2.805729203390767452e+02,7.808614718461144832e+01,-4.836150451696768187e+02,5.899213875685105357e+00,5.852170413146251349e+02,-5.794336602147866699e+01,1.526249634719285382e+02,-6.232180953599998929e+02,-2.644456733099914558e+01,5.037829444475931950e+01,-7.475437460160001137e+02,3.875466836990179331e+02,4.913360634219999952e+02,-2.830594319281628373e+02,2.432734878951302093e+01,2.186907028647587481e+02,-1.216020064151830411e+02,-3.647380789138023260e+02
8.491692820512821527e+01,-1.454523809523809419e+01,-1.997762787193498468e+02,-6.511603321607764450e+00,2.758184092512880170e+02,7.636674901358256307e+01,-4.619948373882712644e+02,5.800408588056867210e+00,5.725445451254787486e+02,-5.602726206896301164e+01,1.460434522674013351e+02,-6.122690489646000742e+02,-2.591231560435151948e+01,4.870644925556023708e+01,-7.510342248866664931e+02,3.716781313302274157e+02,4.848720135509485090e+02,-2.781132088357202861e+02,2.369392179076557881e+01,2.148564770565340893e+02,-1.172114835884493544e+02,-3.629699904023260046e+02
8.301643205128205238e+01,-1.481576190476190469e+01,-1.885906142801708540e+02,-6.272334103915611969e+00,2.535843464958810785e+02,7.233729215912565280e+01,-3.883248506910948095e+02,5.700861835636901631e+00,5.406828729298462122e+02,-5.367488288172937416e+01,1.403152795054853073e+02,-5.147335970621999195e+02,-2.536425205995482557e+01,4.751525797304396548e+01,-7.260655340879998221e+02,3.422578669316683317e+02,4.753869781142435045e+02,-2.489352590938026992e+02,2.261702040905096922e+01,2.000203315073190993e+02,-1.083405948408074835e+02,-3.512008367237829134e+02
8.581327692307691279e+01,-1.509500000000000242e+01,-2.145220768741126278e+02,-6.705614957098810613e+00,3.003286168471347537e+02,7.888491261974566271e+01,-4.906383934495904100e+02,5.945903888543452531e+00,6.030316788129398446e+02,-5.924738537866525689e+01,1.588354301052415849e+02,-6.428070806378502766e+02,-2.696964652035283905e+01,5.109735465126100706e+01,-8.119358537099998330e+02,3.966088303295305195e+02,5.164495480827883966e+02,-2.978068198923494947e+02,2.461726657320059886e+01,2.277148246097951017e+02,-1.275304194504317365e+02,-3.902390913465360995e+02
8.466800897435898321e+01,-1.524514285714285577e+01,-2.035601490671799922e+02,-6.451454620302006226e+00,2.896249638509169131e+02,7.791579625352773064e+01,-4.214432692385339010e+02,5.919562778645309997e+00,5.981528392885705898e+02,-5.764579273394836179e+01,1.516665635192086370e+02,-5.674879987200001779e+02,-2.633865564980417062e+01,5.112301291895595767e+01,-7.283515029333331086e+02,3.698342869570499829e+02,5.194657245620513777e+02,-2.768647623650375067e+02,2.408235435955226933e+01,2.171348466855669983e+02,-1.203212959590634341e+02,-3.658047606074136979e+02
8.529866794871796287e+01,-1.449633333333333596e+01,-1.965153401682083540e+02,-6.504352025552540439e+00,2.769133030451703235e+02,7.779179665950969991e+01,-4.504154317723077270e+02,5.863350957372040817e+00,5.921656625389663304e+02,-5.602511126110857731e+01,1.456476842770720168e+02,-6.034017846317998419e+02,-2.575250551581586222e+01,4.904629654446176801e+01,-7.622468844759999911e+02,3.608509793703715332e+02,4.766484338689903097e+02,-2.732872684231590483e+02,2.367282619723980019e+01,2.073945368157584994e+02,-1.192896338537802592e+02,-3.454426732782333147e+02
8.053742179487180408e+01,-1.370247619047619025e+01,-1.691417104242916878e+02,-6.265621740008344709e+00,2.425026210218127005e+02,7.061606003614045335e+01,-3.708800213690544183e+02,5.622066168736704839e+00,5.129184500766707515e+02,-5.195015311339169273e+01,1.243505962259043827e+02,-5.271950655125001504e+02,-2.436966510982618317e+01,4.548716258410598812e+01,-6.230510154166667007e+02,3.098339182911500416e+02,4.358298870016026854e+02,-2.365154506639840406e+02,2.155357434212301015e+01,1.754043059218195424e+02,-1.004990206870669596e+02,-3.103393285914007151e+02
8.377342435897435280e+01,-1.533099999999999952e+01,-2.011421816315032345e+02,-6.632900288867386251e+00,2.874694445225481445e+02,7.757587947322274147e+01,-4.698158374851764165e+02,5.860930801494970588e+00,6.040179435089520439e+02,-5.850612021867606671e+01,1.521635920564795583e+02,-6.256586447040000394e+02,-2.659404904073980447e+01,5.060371002747978508e+01,-7.871540345600002411e+02,3.823620329665423014e+02,5.045149316612499319e+02,-2.910277043684957334e+02,2.375103888288671072e+01,2.184855391951915067e+02,-1.229629942305462009e+02,-3.843208049486092932e+02
8.278486538461538657e+01,-1.483799999999999919e+01,-1.921304923278908916e+02,-6.449823795903177448e+00,2.754833261362953749e+02,7.587467827425855660e+01,-4.287463602091496000e+02,5.793468109786021891e+00,5.715408961084000339e+02,-5.653142830170417454e+01,1.452529729211072151e+02,-5.802469801893000749e+02,-2.584771397460619724e+01,4.899597293080631744e+01,-7.394602355100000750e+02,3.609150970831947234e+02,4.959879288656056247e+02,-2.779379969483414357e+02,2.317233966200808126e+01,2.122098473149617632e+02,-1.187543104046285976e+02,-3.674412897225989809e+02
8.537149871794871103e+01,-1.502980952380952395e+01,-1.928918698261506393e+02,-6.400176085466379838e+00,2.703530565694850907e+02,7.653971848271081058e+01,-4.159028736682714111e+02,5.830984386783849338e+00,5.998981284019305349e+02,-5.566417516509719832e+01,1.458196896116617154e+02,-5.722178410079998230e+02,-2.571032305459882750e+01,4.919467128414440538e+01,-7.580956153600000107e+02,3.578097734138198120e+02,4.929477372184616684e+02,-2.592991566903641569e+02,2.325685016479200939e+01,2.029409993992773025e+02,-1.136698414392074454e+02,-3.554396829880266182e+02
8.414750769230768412e+01,-1.443242857142857183e+01,-1.953184738516886796e+02,-6.410385481228576765e+00,2.754271266535325253e+02,7.646909515330155216e+01,-4.198797331115837892e+02,5.859010674780948946e+00,5.920763909976020614e+02,-5.432834610119120811e+01,1.484173409360273865e+02,-5.571451548564002678e+02,-2.586635310273807065e+01,4.823986270812054755e+01,-7.446528624479998371e+02,3.575477937240698338e+02,4.658447153891473818e+02,-2.733634183420826389e+02,2.365803861262601160e+01,2.117349929584470374e+02,-1.176416132435251001e+02,-3.424738043022910574e+02
8.286834102564101556e+01,-1.459904761904762083e+01,-1.842084256286088930e+02,-6.371424589046088549e+00,2.680892877398369478e+02,7.394250562077981215e+01,-4.147666298932126097e+02,5.714536170501557599e+00,5.605907476415674182e+02,-5.386726247122160771e+01,1.373916833753808078e+02,-5.884520747600000732e+02,-2.483430270815834717e+01,4.692236885394054013e+01,-7.541594485333333751e+02,3.320957579813775737e+02,4.532132769890000077e+02,-2.789668855114570079e+02,2.268743355524312832e+01,1.980169427279531931e+02,-1.105626011213305162e+02,-3.342620625393883529e+02
8.485904743589743759e+01,-1.446238095238095056e+01,-1.993443257223445642e+02,-6.494767485485964720e+00,2.842763675644802106e+02,7.713590056449970689e+01,-4.149218161045926081e+02,5.930901084978497551e+00,5.928575200058281780e+02,-5.696889616767797548e+01,1.496292698575721545e+02,-5.693313250260000586e+02,-2.655644358807375482e+01,5.032449083856675287e+01,-7.113455013600000711e+02,3.595551675759893442e+02,4.935367405285578570e+02,-2.704372579711877052e+02,2.417775924236641671e+01,2.109524158923940718e+02,-1.199252022689421580e+02,-3.608786091257728685e+02
8.524209871794873550e+01,-1.551914285714285668e+01,-1.999831305144130909e+02,-6.610529519713684188e+00,2.950069057200349221e+02,8.112586197472151639e+01,-4.757375741889844107e+02,5.893288244501771800e+00,6.454052080516995602e+02,-5.953562045158499672e+01,1.490307735375209006e+02,-6.627981294200999400e+02,-2.627328414779944765e+01,5.147796438546580333e+01,-7.937801809713336070e+02,3.790716461097736101e+02,5.035871272177117817e+02,-3.007144754065413395e+02,2.382842228505656834e+01,2.166309391321653663e+02,-1.210905999555802453e+02,-3.687739911418507290e+02
8.461703846153845632e+01,-1.447638095238095168e+01,-1.969020420395752069e+02,-6.502288640811237919e+00,2.813248765731534604e+02,7.601624837814701152e+01,-4.699425184862990363e+02,5.842453977190615433e+00,5.721542761284305243e+02,-5.666907050441255222e+01,1.495735824744419915e+02,-6.094643827967998959e+02,-2.589647295781177050e+01,4.952752165577412313e+01,-7.404039156160000630e+02,3.704833028459876800e+02,4.828139974578269857e+02,-2.897768320533031101e+02,2.384822637143654234e+01,2.182606774773128109e+02,-1.219541015745298864e+02,-3.588591495387575492e+02
8.494897435897435400e+01,-1.484714285714285786e+01,-1.999138390757792934e+02,-6.518107404503420632e+00,2.695823734915786645e+02,7.635745429058960099e+01,-4.295762568529410146e+02,5.809035407198627432e+00,5.914636110839246612e+02,-5.421083361109915444e+01,1.431556393974974526e+02,-5.724765103200002159e+02,-2.594364655456732649e+01,4.780972697736252996e+01,-7.842680560000002288e+02,3.540715647031791491e+02,4.574260255648205202e+02,-2.674639779758218197e+02,2.354056704607693007e+01,2.035260781158692680e+02,-1.145099202769085167e+02,-3.524332231109233931e+02
8.347437820512820394e+01,-1.360947619047618851e+01,-1.772508133354993731e+02,-6.240923907520232738e+00,2.590251292017920264e+02,7.226700592773664766e+01,-3.610747609681312156e+02,5.785694523872117578e+00,5.325165782239337204e+02,-5.279461745262617711e+01,1.363721738702857067e+02,-4.992321265785000719e+02,-2.487735336195995828e+01,4.739043755952246784e+01,-6.045476253599998699e+02,3.251115113747761711e+02,4.719177960005046089e+02,-2.526643792606712680e+02,2.264392527998532856e+01,1.979391649179229091e+02,-1.067254454122628573e+02,-3.293478640097404195e+02
8.290203461538462193e+01,-1.396314285714285930e+01,-1.778752856690814212e+02,-6.288827491885606413e+00,2.499125573285912481e+02,7.342674191195754929e+01,-3.864680086593075998e+02,5.688315307346169192e+00,5.760742272469759655e+02,-5.247773890602759650e+01,1.341543284175375561e+02,-5.155348012480000079e+02,-2.452431594796787451e+01,4.668757367601143216e+01,-7.191707834666667623e+02,3.367018572788149982e+02,4.499154898707693064e+02,-2.360399908326321281e+02,2.209764285223724301e+01,1.833308340072343867e+02,-1.062442000774018993e+02,-3.381456157388016095e+02
8.267830384615385242e+01,-1.305795238095237920e+01,-1.754059487327799900e+02,-6.169074217709659358e+00,2.327949327386403979e+02,6.840394255932724832e+01,-3.252148005594028746e+02,5.744388914386187928e+00,4.880362928547402248e+02,-4.949489235907941520e+01,1.315046302206672806e+02,-4.279567149788999245e+02,-2.511235952890566026e+01,4.481523557700219840e+01,-5.992782654499998216e+02,3.036003382663740240e+02,4.341704743244968085e+02,-2.239970665781416130e+02,2.275208184753196505e+01,1.918534806949682263e+02,-1.020404400249047399e+02,-2.975717226175694350e+02
8.327205512820513889e+01,-1.424304761904761918e+01,-1.899518178404795208e+02,-6.336990200221861436e+00,2.723706475009036012e+02,7.540700868076760344e+01,-4.059673718641902269e+02,5.798101991413849632e+00,5.642943813398225075e+02,-5.480183533200815305e+01,1.436064860236974994e+02,-5.560947667799999863e+02,-2.530573877304756891e+01,4.863412548087887188e+01,-6.875397600906670732e+02,3.492393791037588926e+02,4.871153602462628669e+02,-2.674285883341108843e+02,2.305306511019936977e+01,2.043320925952515950e+02,-1.162110010237580440e+02,-3.486519725060601331e+02
8.516772820512819919e+01,-1.396814285714285830e+01,-1.993712806322010351e+02,-6.400516155452547373e+00,2.794720892926222291e+02,7.669507404368505377e+01,-4.336824413733257870e+02,5.848278114062935629e+00,5.896895090931669756e+02,-5.635493172373421089e+01,1.501869157490670830e+02,-5.684335601850000330e+02,-2.588520451793527499e+01,5.009076288733736249e+01,-7.248745009500001970e+02,3.772759367704480269e+02,5.085563247346156004e+02,-2.687568699757164268e+02,2.367566574062673013e+01,2.141696993484809468e+02,-1.162258219777068007e+02,-3.700920975555305859e+02
8.499598717948717308e+01,-1.456823809523809565e+01,-1.989934429559991713e+02,-6.567710607857727645e+00,2.751748178853370632e+02,7.633828795955516000e+01,-4.462047936782716988e+02,5.866891538838836517e+00,5.594577977316562283e+02,-5.753032325325307994e+01,1.499318332496972630e+02,-5.783505082919999722e+02,-2.623308298966346541e+01,5.030562642078882618e+01,-7.138816981920000444e+02,3.680892390973542092e+02,4.783541030903651290e+02,-2.793424687345100210e+02,2.384466739611334773e+01,2.122750950519319986e+02,-1.202431976320519027e+02,-3.609330617472244853e+02
8.521617179487179783e+01,-1.304447619047618723e+01,-1.737866318649085713e+02,-6.100803312806934997e+00,2.469484853464692264e+02,7.315117869829947495e+01,-3.507683002352151220e+02,5.718999672686232216e+00,5.498057002910414894e+02,-5.015133462791932573e+01,1.310379873846829355e+02,-4.813069201919998363e+02,-2.413225156421755102e+01,4.575262518470049855e+01,-6.364599091199999066e+02,3.147488435107140390e+02,4.284216814227694385e+02,-2.413287079503361099e+02,2.245555164756763133e+01,1.915709607690614860e+02,-1.031418614608434012e+02,-3.030509797311935358e+02
8.361825384615386270e+01,-1.417461904761904634e+01,-1.767395716816734819e+02,-6.351391122519724597e+00,2.535675310243683498e+02,7.397499263341784115e+01,-4.041550545294115864e+02,5.732169552942706581e+00,5.511580557698886196e+02,-5.381326934779480808e+01,1.325850751523229860e+02,-5.518761391000000458e+02,-2.479869911158030860e+01,4.769478046555624218e+01,-7.027903360000000248e+02,3.376461731030633473e+02,4.505498514211538463e+02,-2.482861742631167488e+02,2.233511540119680916e+01,1.855989764445396304e+02,-1.102866935860830040e+02,-3.264114750367273246e+02
8.183097307692308675e+01,-1.398652380952380980e+01,-1.845408784935100925e+02,-6.221886945776720523e+00,2.556213974868956029e+02,7.056739984853210501e+01,-3.798437985743075842e+02,5.698134271072463619e+00,5.207636250160024929e+02,-5.298773233815383321e+01,1.368783073755991779e+02,-5.110893078420001530e+02,-2.483925296913898251e+01,4.683975897073786854e+01,-6.843905719499999805e+02,3.335550633480816600e+02,4.662496654534616027e+02,-2.585289130415452519e+02,2.256262809526619861e+01,2.016485586639097107e+02,-1.086670932872890205e+02,-3.397520820657578611e+02
8.283211153846153252e+01,-1.487252380952380726e+01,-1.867271911052200437e+02,-6.432947726818857959e+00,2.722577408619196149e+02,7.563600611795446582e+01,-4.298436204183487348e+02,5.746267674296634986e+00,5.799815729260832313e+02,-5.711148842694439765e+01,1.434322157642292552e+02,-5.908747932379998247e+02,-2.546389542144802576e+01,4.957532461069518348e+01,-7.388143080933333522e+02,3.544147947552063442e+02,4.914414583269873447e+02,-2.608311822267256730e+02,2.276811386732235221e+01,1.954720470720158403e+02,-1.160734309096709609e+02,-3.617776215126472152e+02
8.249658205128204713e+01,-1.468880952380952465e+01,-1.797434607631141432e+02,-6.364964225907391082e+00,2.488190715847171077e+02,7.223072923345088725e+01,-3.968146920886832163e+02,5.705620509445937572e+00,5.471442849972453359e+02,-5.140965790005537883e+01,1.297629585411395681e+02,-5.431980005217000098e+02,-2.471455621023138249e+01,4.525622793088319185e+01,-7.759700542870003801e+02,3.199123288130373339e+02,4.179373277696665809e+02,-2.496167882900731172e+02,2.250830204009108115e+01,1.912654609027906929e+02,-1.076186378592783228e+02,-3.202891728732383854e+02
8.266548846153845886e+01,-1.373538095238095380e+01,-1.886759389723810898e+02,-6.354884808087714276e+00,2.560754114779524571e+02,7.314723905655348801e+01,-3.949954054550951810e+02,5.751692873302779674e+00,5.268810083194524623e+02,-5.486684701041747303e+01,1.413118794451344513e+02,-5.194073417508000148e+02,-2.532903969358910246e+01,4.804835799494296111e+01,-6.838461998640001411e+02,3.436021542950588241e+02,4.666285959218508879e+02,-2.504723786254337483e+02,2.302464728723740706e+01,1.996532615995217554e+02,-1.129427089834641436e+02,-3.426352685243880956e+02
8.549356153846153461e+01,-1.369095238095238010e+01,-1.892662090188086950e+02,-6.329362447237294020e+00,2.641753528531098709e+02,7.535989436132234687e+01,-4.224845666326153264e+02,5.783100423632588694e+00,5.767628588637979874e+02,-5.409851514649501070e+01,1.433408232148182151e+02,-5.536272100319998799e+02,-2.516615380875740016e+01,4.829136116530580125e+01,-7.214460657599998967e+02,3.582326813646063783e+02,4.787119915676920527e+02,-2.652055418825378297e+02,2.322935915912607996e+01,2.102908615429493011e+02,-1.143354299634142848e+02,-3.483887692120425754e+02
8.363416794871795901e+01,-1.433757142857142775e+01,-1.867064970035436033e+02,-6.491917896298022406e+00,2.617257633474494014e+02,7.518619217379846020e+01,-4.223026185227054725e+02,5.754576936177128843e+00,5.672069054891154565e+02,-5.555087948559085476e+01,1.387386497871339088e+02,-5.844927295583999012e+02,-2.575028323471046932e+01,4.819811262581743705e+01,-7.372943023679998760e+02,3.420443572859094274e+02,4.467623015978973058e+02,-2.687540818067356554e+02,2.306582163726274004e+01,2.001289394920828784e+02,-1.130976587566484000e+02,-3.468601917480712018e+02
8.557991666666666219e+01,-1.455204761904761845e+01,-1.947842320459455152e+02,-6.549781925539810423e+00,2.694376633546601738e+02,7.637844175832876203e+01,-4.409458109020585539e+02,5.924545875644333215e+00,5.689528416776250879e+02,-5.693802048418753969e+01,1.444897453434161605e+02,-5.770501458507000052e+02,-2.597763774469868991e+01,4.974666695240581049e+01,-7.128872159669998609e+02,3.616600888533016018e+02,4.648454998236248912e+02,-2.657216667300102131e+02,2.375557402703141463e+01,2.051337409876605875e+02,-1.198778720705618639e+02,-3.568404010600890501e+02
8.606194871794872370e+01,-1.397442857142857164e+01,-1.994550733008554460e+02,-6.492583425278088072e+00,2.850811960910256175e+02,7.850381296231711303e+01,-4.430674644216516072e+02,5.910124688690011396e+00,5.945694324776706026e+02,-5.541525441747381109e+01,1.499089168789030566e+02,-5.861913868619999448e+02,-2.613951750468214286e+01,4.955011446495240079e+01,-7.034722344149998889e+02,3.649844557138069945e+02,4.796032811349329563e+02,-2.789113758866034800e+02,2.433434394664570988e+01,2.175110104539022018e+02,-1.216390849650962025e+02,-3.365015570091850918e+02
8.523349615384614708e+01,-1.503847619047619233e+01,-2.022090548496808537e+02,-6.528580950734316879e+00,2.844974798060569015e+02,7.913509616896168097e+01,-4.765977937769116579e+02,5.866497239977111811e+00,6.176183819479134627e+02,-5.884490818825220515e+01,1.521614637143073026e+02,-6.261917736490000834e+02,-2.648485020102149079e+01,5.157013510798213929e+01,-7.652613883633334808e+02,3.949920385876927753e+02,5.246188119656540039e+02,-2.786774787020984263e+02,2.365830258668223962e+01,2.123174987251345556e+02,-1.204188208157368365e+02,-3.777403544728944098e+02
8.207526153846154671e+01,-1.441590476190476444e+01,-1.808410832985345564e+02,-6.326138748888785912e+00,2.636956570143659064e+02,7.314084933795622590e+01,-3.678469151638574886e+02,5.698845142963063104e+00,5.539097006819444005e+02,-5.285083848778499771e+01,1.309879530579146092e+02,-5.328259942687501507e+02,-2.455747603422384984e+01,4.615667509370115340e+01,-7.609795105999997986e+02,3.170752565708741599e+02,4.465776757223956110e+02,-2.534139177179293085e+02,2.229940219012098268e+01,1.889260259160897135e+02,-1.073196958187053269e+02,-3.526542769735269189e+02
8.330531794871795626e+01,-1.483852380952381012e+01,-1.874154663784181309e+02,-6.483841898487346711e+00,2.657351775718728391e+02,7.485041713963963161e+01,-4.408934826968644529e+02,5.760241621481316798e+00,5.766190154992024191e+02,-5.762988107041550734e+01,1.428671474414582860e+02,-5.881529737880497350e+02,-2.570191369115939750e+01,4.953269912594421953e+01,-7.732378082586666324e+02,3.704551173118119891e+02,5.079577070936586551e+02,-2.586394167491292819e+02,2.295130341606425617e+01,2.028951027531427656e+02,-1.142777693622942365e+02,-3.741260663096265944e+02
8.432770769230769758e+01,-1.460047619047618994e+01,-1.983466151668997952e+02,-6.513112707463110773e+00,2.827153705973724982e+02,7.731626837221489268e+01,-4.694132358218894296e+02,5.844543234273104737e+00,5.987685224644833397e+02,-5.787368818121031921e+01,1.500753656066891608e+02,-6.179721026062501323e+02,-2.612137637623998287e+01,5.039151586877463274e+01,-8.054203011750000769e+02,3.868115416211900879e+02,5.129419231732117623e+02,-2.883158012528447784e+02,2.360594844033839124e+01,2.187339643009725592e+02,-1.198986193347448364e+02,-3.797714734821856268e+02
8.605401410256409633e+01,-1.462166666666666615e+01,-2.103851585835207914e+02,-6.560373884822383594e+00,2.937246167049963219e+02,7.838330439942603789e+01,-4.607132366019545771e+02,5.931748310440691618e+00,6.026211928473557009e+02,-5.900054644882840194e+01,1.566367831590361561e+02,-6.086461472783997806e+02,-2.662407928964167070e+01,5.163511008452356776e+01,-7.903524244000000181e+02,3.875679310201122121e+02,5.219631682687020202e+02,-2.749290702158982072e+02,2.438958492377697596e+01,2.159992814482424137e+02,-1.222072893436786813e+02,-3.889163027882206052e+02
8.459275128205128169e+01,-1.520200000000000173e+01,-1.986664424754326035e+02,-6.548287539915279787e+00,2.728271091071225669e+02,7.629120579118198009e+01,-4.664818682568329677e+02,5.744476056622578319e+00,5.921385459363797281e+02,-5.718734391033180486e+01,1.486602565168014394e+02,-6.134427403236001055e+02,-2.601512327360872945e+01,4.942490342837559325e+01,-8.067330389960001185e+02,3.766616540059729914e+02,4.886547918701250524e+02,-2.706825605615223367e+02,2.325539189732408829e+01,2.086278358077611870e+02,-1.188776451359594830e+02,-3.838035713077319997e+02
8.214021538461537375e+01,-1.569047619047618980e+01,-1.973680257770207049e+02,-6.589349062638054200e+00,2.729986838187435865e+02,7.466095962033371336e+01,-4.377252789322084254e+02,5.767588988828642016e+00,5.632299000094934627e+02,-5.883129881215008083e+01,1.429265373893341575e+02,-5.996994370920001529e+02,-2.611557055629420887e+01,5.035520244314722760e+01,-7.762484795333334660e+02,3.609737460650795811e+02,5.057142013825642834e+02,-2.617340944014817410e+02,2.308576434161770052e+01,2.015370466363663695e+02,-1.155248610385488774e+02,-3.824804514480028956e+02
8.504193076923075978e+01,-1.433528571428571396e+01,-1.976244600266633995e+02,-6.422550483503598251e+00,2.889588200884112439e+02,7.660697052123889250e+01,-4.440667145370857725e+02,5.856478543723533825e+00,5.794826459875625915e+02,-5.745698280670139013e+01,1.518425762874818759e+02,-5.912185502652002924e+02,-2.610848219323271735e+01,5.055273373039864993e+01,-7.137620135360001541e+02,3.808462434033759223e+02,5.214889245225001559e+02,-2.827208007087641022e+02,2.365834542535034402e+01,2.180977445379997732e+02,-1.195421091705113668e+02,-3.805969502422278197e+02
8.353961923076921892e+01,-1.519709523809523688e+01,-1.904568945067555887e+02,-6.518003251264723907e+00,2.769772598701758852e+02,7.631290740833726716e+01,-4.506499857634613022e+02,5.792467815608553394e+00,5.875394592456752889e+02,-5.680348772885574249e+01,1.409530685116744451e+02,-6.149664600127999847e+02,-2.586602563104460017e+01,4.911167351907036505e+01,-7.868810266073334105e+02,3.602689627129037717e+02,4.638475252272691023e+02,-2.721273202027044249e+02,2.304541893428998733e+01,1.993734263424926780e+02,-1.173826054750867200e+02,-3.547888461056040228e+02
8.405189358974359948e+01,-1.330195238095238075e+01,-1.751071896238985062e+02,-6.217873620338332685e+00,2.398940255898414478e+02,6.980103022125827295e+01,-3.460711270730768092e+02,5.723386123687112637e+00,5.106476681298461813e+02,-4.904259621399635449e+01,1.279210904314955002e+02,-4.650534726000000205e+02,-2.426644983012043966e+01,4.429598513682634575e+01,-6.565141597000000502e+02,3.027188066764292103e+02,4.211997015383972212e+02,-2.393830319921048044e+02,2.250221692834519160e+01,1.922745561627396000e+02,-1.034061351945796332e+02,-3.044667333634629358e+02
8.387032179487178496e+01,-1.502923809523809595e+01,-1.819707395863312911e+02,-6.448653731775054077e+00,2.552065832493125015e+02,7.531055816646946255e+01,-4.208124347485569388e+02,5.703408982485361989e+00,5.775558838229036382e+02,-5.397343766778647733e+01,1.335997827375175575e+02,-5.827308526283999299e+02,-2.490122026858046667e+01,4.691256606707295163e+01,-7.755046709479997844e+02,3.352500595342708039e+02,4.434527767214744927e+02,-2.518068494705337059e+02,2.239414146544343964e+01,1.861347741379242962e+02,-1.111950370696442434e+02,-3.306404942958783408e+02
8.418439487179487912e+01,-1.475171428571428578e+01,-2.000321594007631916e+02,-6.529063414511919738e+00,2.805055798943965328e+02,7.717316350508869505e+01,-4.532392523225157674e+02,5.817913000626362852e+00,5.884121914351659370e+02,-5.797311940808881303e+01,1.482506992603187825e+02,-6.016592764969498148e+02,-2.597144193970154902e+01,5.093685031842535693e+01,-7.514274526499998501e+02,3.813173372140493598e+02,5.112469029667016684e+02,-2.800680536599970765e+02,2.356866846933854021e+01,2.141918599465487034e+02,-1.196625563396947598e+02,-3.804545847526741227e+02
8.434358846153847367e+01,-1.429400000000000048e+01,-1.884105456517848438e+02,-6.519363086932887796e+00,2.611269887402324343e+02,7.655375710830176672e+01,-4.470432107002127964e+02,5.792785987113011181e+00,5.758110260434973497e+02,-5.638141869590401001e+01,1.422962992355247138e+02,-5.829628896251998640e+02,-2.576621029257489326e+01,4.920241299655256739e+01,-7.517582312239998146e+02,3.629825872978673829e+02,4.695251314013975730e+02,-2.548865577938391880e+02,2.311014898420967612e+01,1.960990110836017095e+02,-1.155743730452622202e+02,-3.454694133300211547e+02
8.128326666666667677e+01,-1.414019047619047598e+01,-1.708471941298384991e+02,-6.107398458441488209e+00,2.231733473720821053e+02,6.508969569942635758e+01,-2.981335270320003019e+02,5.619871689633830769e+00,4.575215465664999215e+02,-4.490617532468232298e+01,1.213754443220247197e+02,-4.010347029480000174e+02,-2.356848188213304951e+01,4.079184325486407658e+01,-6.500042170599998599e+02,2.664836572094364442e+02,3.684155549225001778e+02,-2.220524816274100885e+02,2.234683607022752483e+01,1.844133882557077868e+02,-9.776449416858397967e+01,-2.797763914610623033e+02
8.131899615384615743e+01,-1.381571428571428584e+01,-1.707927358145844607e+02,-6.193899357527318017e+00,2.297926694025014456e+02,7.042124066139656691e+01,-3.806093029747057130e+02,5.508353672216935948e+00,5.250616079552523843e+02,-4.924506616587085261e+01,1.271284801902205430e+02,-5.022302553449999323e+02,-2.381783803389469156e+01,4.356187493792577925e+01,-7.345503477000000885e+02,3.144158077630866046e+02,4.088008040767116995e+02,-2.412454876129734771e+02,2.133410349041801624e+01,1.837368143099753865e+02,-1.025552573437819603e+02,-3.066413458111074419e+02
8.624473589743590196e+01,-1.485761904761904795e+01,-2.055935137708332263e+02,-6.572237414545781142e+00,2.898756353530249612e+02,7.980048361140769941e+01,-4.753220811475111987e+02,5.930246571890644525e+00,6.313858850608089597e+02,-5.759896295702711910e+01,1.534901741884245325e+02,-6.371443689599999516e+02,-2.679069756488004828e+01,5.029636424052507238e+01,-8.028983423999999331e+02,3.824632444337797779e+02,5.069456518466154762e+02,-2.916807716098284118e+02,2.424031717697129906e+01,2.209647133470274412e+02,-1.225230681361372405e+02,-3.588841652076999367e+02
8.485275128205127260e+01,-1.471899999999999942e+01,-1.973124199078189918e+02,-6.555239872932990153e+00,2.804854991984616959e+02,7.772977096571354139e+01,-4.666710074171044198e+02,5.831995595095859741e+00,5.919359433498281078e+02,-5.917499416821460301e+01,1.507546193520920497e+02,-6.266272146419998990e+02,-2.622730468368760981e+01,5.135723977203502244e+01,-7.538378447599999390e+02,3.860925922480137729e+02,5.218700064078543619e+02,-2.731039095621565025e+02,2.347032537575414679e+01,2.089821223177484910e+02,-1.235399609581709655e+02,-3.886082867268629570e+02
8.473251025641025080e+01,-1.458619047619047571e+01,-2.015434404845559868e+02,-6.498134023117139613e+00,2.879673543484898914e+02,7.632310798523069195e+01,-4.592530569652536201e+02,5.861179796694136357e+00,5.900920435552501431e+02,-5.780549987543142976e+01,1.479064051036680496e+02,-6.075579947283001729e+02,-2.604849747089669876e+01,5.080012410361789676e+01,-7.284252175199999328e+02,3.791261772932576832e+02,5.092961587982019864e+02,-2.821295972041286291e+02,2.366693503019603995e+01,2.173419151684065298e+02,-1.163341303542847811e+02,-3.849300884139706227e+02
8.213299358974359166e+01,-1.361228571428571676e+01,-1.742371027254336582e+02,-6.149505640732219724e+00,2.497761663644147063e+02,7.199270270855679144e+01,-3.703067423179638809e+02,5.685977029142239125e+00,5.422663297328846284e+02,-5.349613942349080276e+01,1.314083762859600597e+02,-5.059583113759999264e+02,-2.463203316366202245e+01,4.749590541065307292e+01,-6.646775083900000709e+02,3.328072672569444990e+02,4.672122070511539960e+02,-2.353971907108084451e+02,2.197464216293092676e+01,1.865497954170153889e+02,-1.053919707989350059e+02,-3.417134503295098398e+02
8.114707692307693776e+01,-1.408309523809523611e+01,-1.665413925394836667e+02,-6.199362342029654194e+00,2.321882621667598698e+02,7.038699015345399346e+01,-3.814930465818324592e+02,5.546742804342566835e+00,5.202857864165962383e+02,-5.053829580403356658e+01,1.209915479947066785e+02,-5.123727801422999164e+02,-2.358877700596014293e+01,4.459508097451074349e+01,-7.168696388700000171e+02,3.142816038937283452e+02,4.223713031192978633e+02,-2.346579409534660670e+02,2.104994585834003828e+01,1.769365111322669577e+02,-1.005744763080513167e+02,-3.109975644405527078e+02
8.624407435897435903e+01,-1.516828571428571237e+01,-1.975070066207774460e+02,-6.591249557767353551e+00,2.935071907541488940e+02,7.922135625469869069e+01,-4.756082732136836171e+02,5.888614752589108825e+00,6.115816300171353532e+02,-5.911357782188932930e+01,1.520678431010371128e+02,-6.246227487136000036e+02,-2.640223489400456813e+01,5.143676555447515852e+01,-7.276545339093332814e+02,3.918022458819016265e+02,5.072424118149791070e+02,-2.781501748390564899e+02,2.370159003821582289e+01,2.092766998970932093e+02,-1.216832877831366204e+02,-3.859977668519076701e+02
8.214455256410256823e+01,-1.521828571428571664e+01,-1.850083047527059534e+02,-6.380490664172888238e+00,2.699033027230374842e+02,7.505670147775732914e+01,-4.332037669389366101e+02,5.675575300132378764e+00,5.881098232258772214e+02,-5.649368392421097695e+01,1.351065976933243178e+02,-6.129539997516001222e+02,-2.501919795244507938e+01,4.908077769281322844e+01,-8.015666737679998732e+02,3.529017548533819877e+02,4.984565463356728969e+02,-2.669193778045424779e+02,2.219771269437493189e+01,1.966479032985546098e+02,-1.096245008715109606e+02,-3.719715225382624908e+02
8.365970256410255956e+01,-1.540828571428571614e+01,-1.946456165612648306e+02,-6.510091171729266435e+00,2.693167501210321575e+02,7.592200564948589658e+01,-4.331967427370269661e+02,5.799266200853316455e+00,5.543349309888748166e+02,-5.761913692708503731e+01,1.443389532033462501e+02,-5.863332233999998380e+02,-2.597675220438296861e+01,4.976703593278033821e+01,-7.470797043666666468e+02,3.579256293542338767e+02,4.781654027852563331e+02,-2.644599640364172046e+02,2.339417669080767936e+01,2.040714769134855544e+02,-1.189133818994546772e+02,-3.637144531501255074e+02
8.300038461538461831e+01,-1.435038095238095224e+01,-1.863664345695565601e+02,-6.396423998201520078e+00,2.769974742783278998e+02,7.669167455152729929e+01,-4.368744728124365793e+02,5.762420494203537302e+00,5.883029589919764248e+02,-5.650966638082941529e+01,1.397679327959797035e+02,-5.936684499486998448e+02,-2.522500887574456385e+01,4.961165212676034741e+01,-7.528482235493330563e+02,3.622935665529402627e+02,4.888316803664134227e+02,-2.715057310261920520e+02,2.270543831202925844e+01,2.020332867122741618e+02,-1.174886892385055148e+02,-3.568636096803624014e+02
8.516113333333333912e+01,-1.520814285714285674e+01,-2.031090508958284317e+02,-6.567092351428781782e+00,2.931570262649125311e+02,7.769353850656125360e+01,-4.664023843913825544e+02,5.880655862020084612e+00,5.833830345932500450e+02,-5.883669477507204704e+01,1.512367406684388982e+02,-6.250316421362996380e+02,-2.632941926472413741e+01,5.109740736139220019e+01,-7.914354034230000252e+02,3.841776591735088573e+02,5.136246463346251403e+02,-2.906792734291926195e+02,2.407896551748267200e+01,2.200779444570118812e+02,-1.209423601325303821e+02,-3.934510477371920842e+02
8.581273974358975920e+01,-1.499752380952380726e+01,-1.981950854726707973e+02,-6.574945811435769727e+00,2.924844763773166392e+02,7.909999538058083601e+01,-4.292441017980270317e+02,5.991378228850641641e+00,6.031971846256129766e+02,-5.761680613946855800e+01,1.500897726013815259e+02,-6.014691742949999025e+02,-2.688286288071594043e+01,5.065122925451774449e+01,-6.986926197239998828e+02,3.625110001005656954e+02,5.006076595821441515e+02,-2.751610515254673714e+02,2.438608154054229260e+01,2.106278935975099671e+02,-1.211922349582231249e+02,-3.476813539338293708e+02
8.422343974358975061e+01,-1.524104761904762029e+01,-2.010875668652275863e+02,-6.464417455715883776e+00,2.801224843751224967e+02,7.658297145525575900e+01,-4.392945791943438394e+02,5.863541977725151177e+00,5.830613764109982640e+02,-5.735967103873154116e+01,1.498033059750543998e+02,-5.857320907900000293e+02,-2.612603701877364060e+01,5.049453057772216624e+01,-7.515285726666666051e+02,3.769845975321248943e+02,5.176251275123076994e+02,-2.754955969391007216e+02,2.376683915245672907e+01,2.147007193359406472e+02,-1.186064724522038745e+02,-3.685023512447943972e+02
8.334390384615383596e+01,-1.374909523809523826e+01,-1.800826719240191665e+02,-6.155152983938327438e+00,2.604933878032852590e+02,7.207050733840766554e+01,-3.666800027818913463e+02,5.746436420837477854e+00,5.197657439929342900e+02,-5.301654725433121484e+01,1.389415951230928101e+02,-4.933649863709998726e+02,-2.482768792384045042e+01,4.739975244819793687e+01,-5.986423071360001131e+02,3.330716335633998142e+02,4.630692655319953701e+02,-2.597622041302288949e+02,2.268610785019318854e+01,2.069022363813628260e+02,-1.104843465705072845e+02,-3.337876479391944713e+02
8.270231794871796183e+01,-1.381661904761904758e+01,-1.890992744772864000e+02,-6.323555205115249045e+00,2.553567463052421260e+02,7.249827771928548259e+01,-3.794131600124525221e+02,5.752417723801860561e+00,5.372130863652650987e+02,-5.187304561249116119e+01,1.416887019343042766e+02,-5.149575583872000379e+02,-2.542324517713276322e+01,4.615206910166232035e+01,-7.040954570240000976e+02,3.291698705672129108e+02,4.528637746460960898e+02,-2.559636661837416796e+02,2.324170886946774317e+01,2.030786332387142750e+02,-1.110724979223174813e+02,-3.289708916831069132e+02
8.425572435897436208e+01,-1.401300000000000168e+01,-1.869541488710214878e+02,-6.324019464319783346e+00,2.623320920446250852e+02,7.254538536489049250e+01,-3.904811748148507036e+02,5.761017307755868622e+00,5.363598067853907878e+02,-5.334489751748483144e+01,1.404509787210843399e+02,-5.246999453280000125e+02,-2.515779431596524063e+01,4.749587501355519237e+01,-7.062966312999998308e+02,3.346074692045763186e+02,4.551705180818751160e+02,-2.603516913288091246e+02,2.282307526634019723e+01,1.988187757604118531e+02,-1.127708622629770048e+02,-3.461255111254761800e+02
8.433082564102564049e+01,-1.506833333333333158e+01,-1.986769864557008418e+02,-6.625111316992200905e+00,2.950610040205789915e+02,7.945798503221000431e+01,-4.903745372035796208e+02,5.841624722755269339e+00,6.199512529146253428e+02,-6.052923149978129658e+01,1.473312704062952889e+02,-6.710494055957999535e+02,-2.627922676849971140e+01,5.200701762304741749e+01,-7.589526831039999024e+02,3.953772788885527234e+02,5.272512328843621390e+02,-2.940301223866716782e+02,2.347898869900411967e+01,2.127525325243480268e+02,-1.209222681301121582e+02,-3.871591658237035745e+02
8.274469358974359068e+01,-1.534280952380952456e+01,-1.964038326559663972e+02,-6.468593945871128348e+00,2.800383813964944011e+02,7.507395811004042230e+01,-4.296773298834390857e+02,5.793508922088576263e+00,5.815688732280997328e+02,-5.716227502519360115e+01,1.445260473041889497e+02,-5.920165173535998520e+02,-2.587756705555532477e+01,4.984580093841689319e+01,-7.880664924320000182e+02,3.629668315030533563e+02,5.162413223590480129e+02,-2.794474547707024499e+02,2.324026103607293336e+01,2.157252144127878069e+02,-1.149661513606227174e+02,-3.854005468585881431e+02
8.393036282051281205e+01,-1.488842857142857135e+01,-1.884898245361333124e+02,-6.440840233915068325e+00,2.730378495120540379e+02,7.601347554949840912e+01,-4.312563746926696808e+02,5.745719291123362993e+00,5.801688199976057376e+02,-5.620299643616461083e+01,1.379460549481154317e+02,-5.955139578816000494e+02,-2.555064631106061057e+01,4.897185464946178968e+01,-7.785688611120000360e+02,3.576147164467886910e+02,4.961493244638076021e+02,-2.632148979721866340e+02,2.279139289619509157e+01,2.015096659390628133e+02,-1.137677317938593831e+02,-3.655858792113938875e+02
8.151148461538461731e+01,-1.402223809523809628e+01,-1.848928786029840410e+02,-6.282898236182972163e+00,2.492346180742844695e+02,7.165782877679107798e+01,-3.777166675071357531e+02,5.655702339246887256e+00,5.407762814228955222e+02,-5.274597154472592564e+01,1.310699619811418302e+02,-5.372053612486000702e+02,-2.472700440575153635e+01,4.625134808472044057e+01,-7.150614101326667651e+02,3.215601440409606084e+02,4.606727577804423959e+02,-2.530160878645633886e+02,2.230404422145321774e+01,1.939234165578911018e+02,-1.067957960921381613e+02,-3.262519985730284020e+02
8.258364102564102893e+01,-1.510614285714285643e+01,-2.082695012067114533e+02,-6.624408400075429526e+00,2.790901395128158242e+02,7.440248415938862081e+01,-4.584989564561989255e+02,5.892279389487811159e+00,5.563870563918516154e+02,-5.906443246048687712e+01,1.565572970813636005e+02,-5.933215534018501103e+02,-2.681264125673293464e+01,5.090407459611785868e+01,-7.886331562200001599e+02,3.827985105963020942e+02,5.197351353461249346e+02,-2.738576765201034959e+02,2.431391701558431606e+01,2.204366282465906295e+02,-1.250208340034586172e+02,-3.884439849748151232e+02
8.187332307692308575e+01,-1.471780952380952456e+01,-1.748310565788671624e+02,-6.276821788320524398e+00,2.462166649884277945e+02,7.231122849381479512e+01,-3.463000493369999049e+02,5.741949850233903696e+00,5.309550248002716444e+02,-5.196425374884380943e+01,1.324219084218650266e+02,-4.861487326409999810e+02,-2.470169484509519009e+01,4.653605574937969891e+01,-6.767407711350000454e+02,3.089453516011039937e+02,4.298351563470673113e+02,-2.315936081459515492e+02,2.243396096160720532e+01,1.800339398157754260e+02,-1.055051252781642575e+02,-3.119662419846226271e+02
8.487388717948718408e+01,-1.399557142857142722e+01,-1.923725172790792328e+02,-6.423150080125316741e+00,2.635805897227870673e+02,7.495586300783099887e+01,-4.007151472782354631e+02,5.853082172972341013e+00,5.488585988461229590e+02,-5.360044854686623239e+01,1.432416967401300099e+02,-5.388081805049999957e+02,-2.575002667351462549e+01,4.771383019978676288e+01,-6.636634056499998451e+02,3.417036954642177875e+02,4.574058700643429916e+02,-2.520384840169738538e+02,2.370564149227255157e+01,2.020216760372855163e+02,-1.150533238909476808e+02,-3.400972949205772125e+02
8.565992948717949673e+01,-1.442800000000000082e+01,-1.993024691503455870e+02,-6.509837205107277036e+00,2.915556826146002436e+02,7.893569348539099906e+01,-4.392981146033665141e+02,5.927720191275504646e+00,6.130755717247017174e+02,-5.775764300580907928e+01,1.471422266550681002e+02,-6.013588245477998271e+02,-2.627083944344456867e+01,5.050418964074024331e+01,-7.659067720333333682e+02,3.704519797056701691e+02,5.057131554621568625e+02,-2.856265902052688261e+02,2.399207582490415902e+01,2.170404630141667894e+02,-1.184758126693487981e+02,-3.662174845421809550e+02
8.222547435897436685e+01,-1.466833333333333655e+01,-1.906164327847030506e+02,-6.336361093269460731e+00,2.537378309337412077e+02,7.184024981159241463e+01,-4.014909458935475186e+02,5.690515255756282365e+00,5.345673508207861460e+02,-5.455254977790706761e+01,1.384634570697232903e+02,-5.409738005499001474e+02,-2.494245650688145943e+01,4.755672108562764322e+01,-7.312389853140001605e+02,3.401889731400680148e+02,4.608132773134902891e+02,-2.504991473810503919e+02,2.259399873356513666e+01,1.924508092983444101e+02,-1.080807532422073223e+02,-3.492033203577769882e+02
8.597538974358973007e+01,-1.459219047619047593e+01,-2.067964524838870943e+02,-6.555364892339736294e+00,2.949938867244056269e+02,8.031067693009585184e+01,-4.769668243964184740e+02,5.949495330780989910e+00,6.386836169961410405e+02,-5.868310039450928173e+01,1.541654577241345692e+02,-6.442987685099999453e+02,-2.652684922523332034e+01,5.132679853713902673e+01,-8.041285353460001488e+02,3.925342368050044115e+02,5.276510411262821663e+02,-2.947234567280550550e+02,2.415368443819800959e+01,2.219396535535783244e+02,-1.226359226491820777e+02,-3.761945833760935898e+02
8.405115897435896954e+01,-1.439085714285714168e+01,-1.893809585983690340e+02,-6.449463267520424203e+00,2.700179776177349709e+02,7.757157121224913965e+01,-4.549654405675657358e+02,5.707112403451172433e+00,5.963233798748558456e+02,-5.876461700411217493e+01,1.389768359441350754e+02,-6.303452169181998670e+02,-2.524650992564264129e+01,5.047599450628406714e+01,-7.631557133013334351e+02,3.689079819068118127e+02,4.999961243934104687e+02,-2.661066354777432821e+02,2.229501656099307993e+01,1.946076104113433303e+02,-1.151451362088759396e+02,-3.820405543159743047e+02
8.390587692307693146e+01,-1.485209523809523802e+01,-1.800757425186302498e+02,-6.387022827521390944e+00,2.602634783625548494e+02,7.550717450367469041e+01,-4.050505078858370780e+02,5.798842839466935573e+00,5.759846356116868265e+02,-5.495615773580928476e+01,1.353240602240975932e+02,-5.639231359575001079e+02,-2.510804205838443082e+01,4.864781823944814931e+01,-7.486954433999998173e+02,3.401102743840171456e+02,4.731078646704809216e+02,-2.647603991451266552e+02,2.276080991992174063e+01,2.013452691655236322e+02,-1.106690279108627948e+02,-3.355760579809688693e+02
8.327281794871795739e+01,-1.485023809523809390e+01,-1.819210195729075963e+02,-6.395822588784023210e+00,2.623219088662329455e+02,7.580911772496637013e+01,-4.108618383697062200e+02,5.726217025205483147e+00,5.997104224998046220e+02,-5.453862321956147952e+01,1.335711117444588467e+02,-5.809544438291999313e+02,-2.490261151236359538e+01,4.769395727653533612e+01,-7.844711239679999153e+02,3.350316893494315877e+02,4.484537857040900235e+02,-2.630719948829031978e+02,2.244137718690875971e+01,1.911297949722664669e+02,-1.101276454374599609e+02,-3.291138531323782672e+02
8.430348717948717763e+01,-1.453533333333333388e+01,-1.963660925481619017e+02,-6.509049206340920435e+00,2.754042411787970082e+02,7.662477094892196305e+01,-4.527486390771854303e+02,5.802839636432504555e+00,5.747147427620960798e+02,-5.666120170393066502e+01,1.456415154955141986e+02,-6.071913992403001430e+02,-2.583696228974961073e+01,4.920272401571585164e+01,-7.604151884699999755e+02,3.667620082243877846e+02,4.794827447043172697e+02,-2.857347928109422242e+02,2.329518037605640046e+01,2.116800616066427949e+02,-1.193568855435912468e+02,-3.571848392090008133e+02
8.443052307692309455e+01,-1.379961904761904812e+01,-1.844074706325193063e+02,-6.253382514995082353e+00,2.695157939266217113e+02,7.413517213230828418e+01,-3.853598291201810184e+02,5.764268502635732538e+00,5.619214642985159571e+02,-5.298967098748205018e+01,1.384481359572015151e+02,-5.293039910399998007e+02,-2.505315144617267720e+01,4.744386143744271322e+01,-6.513284927999999354e+02,3.347886746453398814e+02,4.630212227846155315e+02,-2.602418902411949375e+02,2.296851592853226265e+01,2.000761116943376123e+02,-1.104729131386696395e+02,-3.269221724751316742e+02
8.469831538461538400e+01,-1.463723809523809649e+01,-1.999220066951347974e+02,-6.571862630902918667e+00,2.931974439862628969e+02,7.847057872827818414e+01,-4.553144033812943121e+02,5.909131179832812109e+00,5.969964499897217820e+02,-5.997494738608571652e+01,1.573108947463345260e+02,-6.065186152740002399e+02,-2.666388335091781059e+01,5.226178868154519108e+01,-7.297393463360002670e+02,3.848106216021059254e+02,5.298856897383783462e+02,-2.742695157185520998e+02,2.408963214731539892e+01,2.129476409693810695e+02,-1.225600302537623065e+02,-3.855310277581438072e+02
8.468785769230767357e+01,-1.471190476190476204e+01,-2.020414744089654846e+02,-6.600900584626233858e+00,2.932124918294976510e+02,7.938918038907866048e+01,-4.798138579833486119e+02,5.885602434362457558e+00,6.071800300875312359e+02,-5.987349644587906994e+01,1.505284843497925635e+02,-6.499894428048002055e+02,-2.626507833588167529e+01,5.154481204939566652e+01,-7.472277738986667828e+02,3.830127670134876894e+02,5.093980534746249873e+02,-2.915615954213670307e+02,2.387241923889468964e+01,2.168542573230403150e+02,-1.237192090601951406e+02,-3.781020773046009822e+02
8.604415512820513356e+01,-1.541628571428571526e+01,-2.007722101807182469e+02,-6.526132912699295296e+00,2.738050038922628460e+02,7.820037627854966900e+01,-4.597839354441086357e+02,5.835833999691094398e+00,6.091970391410625325e+02,-5.761027135435170266e+01,1.492418635011386243e+02,-6.081776264256000104e+02,-2.620086073060424070e+01,5.064425037597638379e+01,-8.163351055860001679e+02,3.808086676639558732e+02,4.974081848815961280e+02,-2.721081699381276167e+02,2.352102713133274747e+01,2.102079296663740138e+02,-1.190876935384091979e+02,-3.748696400019968564e+02
8.382543333333332214e+01,-1.493661904761904857e+01,-1.875089922062775543e+02,-6.440135779307000874e+00,2.572847187840393985e+02,7.412147998028110862e+01,-4.151564785580292209e+02,5.798055100981563292e+00,5.641441933108906142e+02,-5.520705304771303190e+01,1.385355023731278266e+02,-5.600808257278500832e+02,-2.551057164946245948e+01,4.829842049281020877e+01,-7.709513227920001555e+02,3.461919273492950424e+02,4.572514112494999949e+02,-2.522429972167956862e+02,2.311008513260645358e+01,1.972105516761753563e+02,-1.121890981053012979e+02,-3.488351343767252501e+02
8.650270769230768053e+01,-1.380290476190476312e+01,-2.052387395882348926e+02,-6.382188267608991161e+00,2.906917972687733140e+02,7.668387989937565408e+01,-4.157503383031178146e+02,5.954570406711940933e+00,5.825709460118267771e+02,-5.649972705998528255e+01,1.563466693901387430e+02,-5.456183648344998574e+02,-2.633379831959024742e+01,5.054432546845511354e+01,-7.185086165946668189e+02,3.768763424072864154e+02,5.135001595492884690e+02,-2.815414476669629948e+02,2.462812522162041162e+01,2.297476570573167578e+02,-1.184628266616179815e+02,-3.828227336169506998e+02
8.448320641025641464e+01,-1.573795238095238247e+01,-2.074950693400558350e+02,-6.695696001591708857e+00,2.979920986305618840e+02,7.899952222787622702e+01,-4.954596132815000260e+02,5.888103209786566872e+00,6.242647914492582686e+02,-6.070443017269609243e+01,1.548764273064108750e+02,-6.777626845944500928e+02,-2.702899940766911868e+01,5.196460494553718235e+01,-8.488994952013330249e+02,4.004327930520536256e+02,5.568416197388910405e+02,-2.955353423623315052e+02,2.395481349770038548e+01,2.228175194213784778e+02,-1.229230169855498360e+02,-4.102996743598137641e+02
8.526255512820512195e+01,-1.545690476190476481e+01,-2.065663891371150100e+02,-6.611281162392463884e+00,3.060333297763955898e+02,7.946383607906490454e+01,-4.731265304955201714e+02,5.924374747479775216e+00,6.326793640297387356e+02,-6.014868070943548872e+01,1.546634952879192610e+02,-6.555719051099999888e+02,-2.682214052028360030e+01,5.175537736616359297e+01,-8.174691072000000531e+02,3.893567578608105464e+02,5.239981362081730367e+02,-2.988727515467496119e+02,2.428048227418784677e+01,2.221558404837471699e+02,-1.234571134021304033e+02,-3.929234012313215203e+02
8.370273333333334165e+01,-1.441638095238095119e+01,-1.919493129303708088e+02,-6.459888907285297854e+00,2.694387745120750424e+02,7.465516986620420425e+01,-4.287549063044119748e+02,5.820831337347880385e+00,5.547717065702707941e+02,-5.582867237093384460e+01,1.415065925294708791e+02,-5.741536969259998386e+02,-2.559593320829862861e+01,4.891420154817220123e+01,-7.176517100400000118e+02,3.542857813528172528e+02,4.796362832292500116e+02,-2.591132423446557596e+02,2.334222429258599973e+01,2.024285828445700872e+02,-1.151952121072283006e+02,-3.540470557095629260e+02
7.939205384615384276e+01,-1.351195238095237983e+01,-1.623270865640672866e+02,-5.993225377476326443e+00,2.263406174117006344e+02,6.781843728816012629e+01,-3.283435215836539101e+02,5.510845701325185253e+00,5.077627194951729734e+02,-4.678191697521261716e+01,1.182455480555338738e+02,-4.676558043539999971e+02,-2.283981440224734882e+01,4.222874826602100029e+01,-6.443933020916666692e+02,2.870685579543386439e+02,4.099627926626794761e+02,-2.229013969610880679e+02,2.100609903534441614e+01,1.704922667377821881e+02,-9.546892386527052565e+01,-2.832366003986068677e+02
8.380909743589744210e+01,-1.469790476190476447e+01,-2.005948993114128029e+02,-6.557651211128224134e+00,2.894458447610573444e+02,7.802679689801691154e+01,-4.517475806040044972e+02,5.876323160439865134e+00,5.763885333825768384e+02,-5.728873316430881601e+01,1.491914629260276968e+02,-6.066143058955002516e+02,-2.592450918973385043e+01,4.982569560778954099e+01,-7.294281245510001099e+02,3.615773013390973460e+02,4.774129698276503859e+02,-2.892024465246947216e+02,2.393992959584804936e+01,2.136247573568312532e+02,-1.234635456327654026e+02,-3.617814752277826642e+02
8.354836153846153479e+01,-1.371147619047619060e+01,-1.766761002164850822e+02,-6.204142913447244112e+00,2.525325075819668541e+02,7.446574938459767168e+01,-3.568725214471219260e+02,5.731597173217552132e+00,5.707533036166634020e+02,-5.134592497867467387e+01,1.272719946299026361e+02,-5.156980061364000676e+02,-2.430283403097292805e+01,4.641713419751332026e+01,-6.642932300009998698e+02,3.107540563954803474e+02,4.411445505360575794e+02,-2.508285023207881181e+02,2.229985048481770704e+01,1.889946541936487563e+02,-1.051308892668721171e+02,-2.998058552266920174e+02
8.288204487179487501e+01,-1.406004761904761935e+01,-1.872347022936245082e+02,-6.436237764028255093e+00,2.675486213288958766e+02,7.471475664077277656e+01,-4.194614441191151286e+02,5.747217373081298319e+00,5.647170390617691282e+02,-5.541315320083079143e+01,1.408426124024680348e+02,-5.682772554762001391e+02,-2.553726671821400984e+01,4.846125219986653576e+01,-7.268554461560000846e+02,3.472007415378599831e+02,4.657192607514517704e+02,-2.617421506675046317e+02,2.291580644956084711e+01,2.009695461904264846e+02,-1.148243378405679636e+02,-3.458259989168543029e+02
8.442577179487179251e+01,-1.473628571428571377e+01,-2.025405499494698915e+02,-6.473241193087365453e+00,2.872413080514003241e+02,7.812273217269515158e+01,-4.343906638174117916e+02,5.884250200277619136e+00,6.004842876773013813e+02,-5.813625196336496259e+01,1.511511479634891657e+02,-5.913818097824000688e+02,-2.631568585994198983e+01,5.116048891421729650e+01,-7.321788461866668740e+02,3.742165257180535036e+02,5.291854591202084066e+02,-2.726359458896092747e+02,2.376666737295147769e+01,2.114146558452265197e+02,-1.226177808421407178e+02,-3.685529096198026195e+02
8.421136666666667736e+01,-1.473685714285713999e+01,-1.899755429566644693e+02,-6.498013194090838773e+00,2.713800746907632515e+02,7.542280056052246096e+01,-4.354606888750000735e+02,5.787898768451635867e+00,5.741562482879450044e+02,-5.654821820215914840e+01,1.417795770320789757e+02,-5.873647134149999829e+02,-2.586996221115328964e+01,4.919722835048583676e+01,-7.452216594000000214e+02,3.586348744748455033e+02,4.858465179667500706e+02,-2.604838979252910462e+02,2.311929262003161156e+01,1.993297335246946034e+02,-1.143438141844015661e+02,-3.675976377030769413e+02
8.465766923076924400e+01,-1.425309523809523782e+01,-1.912141355000024134e+02,-6.496632302166968742e+00,2.647398690365252492e+02,7.581028184103028877e+01,-4.074279882403619126e+02,5.882348654278491296e+00,5.576930084386332283e+02,-5.655167041591494836e+01,1.470244626126523428e+02,-5.440544024448001892e+02,-2.630451770229853281e+01,4.966905132604622963e+01,-6.677109000000000378e+02,3.489576817676112910e+02,4.799381481446732209e+02,-2.601429302518060922e+02,2.385914406702995905e+01,2.063908824504941890e+02,-1.188140403053469640e+02,-3.365546099474166795e+02
8.378953717948718349e+01,-1.511838095238095114e+01,-1.994502521620431708e+02,-6.558577064911110810e+00,2.852317582540433136e+02,7.744497659186654914e+01,-4.495790254495473732e+02,5.857708426598701834e+00,5.882494193191396334e+02,-5.961519597336342713e+01,1.494564641948566930e+02,-6.140484780146999810e+02,-2.637845267984766551e+01,5.131911203471146621e+01,-7.954106330493333417e+02,3.741012979581295212e+02,5.146388394065896819e+02,-2.753883051696403186e+02,2.354092871421812916e+01,2.095117557644555575e+02,-1.208505937004750734e+02,-3.863550684699956719e+02
8.483547564102565275e+01,-1.406452380952381276e+01,-1.889972051481167910e+02,-6.366358701168929102e+00,2.720881326880744950e+02,7.641675080381840246e+01,-4.133903749004322208e+02,5.819112673616175790e+00,5.795654318891039338e+02,-5.518011872733691092e+01,1.444330404001730415e+02,-5.533965350198998294e+02,-2.558914321707591455e+01,4.893993818305720822e+01,-7.005149622509999290e+02,3.560541407302610537e+02,4.841868979857084128e+02,-2.596479753956509740e+02,2.321933059662324084e+01,2.016749571518693926e+02,-1.145893756550304943e+02,-3.558878602732684158e+02
8.318972564102563183e+01,-1.408071428571428640e+01,-1.819064252203917533e+02,-6.352263518579135848e+00,2.590894983328288959e+02,7.240102342587954354e+01,-3.671784173291084130e+02,5.824484749967204777e+00,5.276854115934694391e+02,-5.386466771146567822e+01,1.373450680413955070e+02,-5.070098474615999748e+02,-2.521474919709095985e+01,4.783983268344284312e+01,-6.451698961866667332e+02,3.247429460563693056e+02,4.597322235690514276e+02,-2.461041947339670060e+02,2.317698993488055237e+01,1.938364468898866733e+02,-1.089209871168342403e+02,-3.270653080343619195e+02
8.123140512820512527e+01,-1.420195238095237933e+01,-1.648826083686777793e+02,-6.289886190548149791e+00,2.444910531130006746e+02,7.077654480839116502e+01,-3.764395355347056125e+02,5.540545258097156811e+00,5.263346832236874207e+02,-5.128236933239662676e+01,1.198588180877147238e+02,-5.455456001229001686e+02,-2.374499601765986867e+01,4.494191141349461560e+01,-6.690526655280000341e+02,3.031143150851191876e+02,4.249018886231667125e+02,-2.401357263448097115e+02,2.124430185175984320e+01,1.733970714312029315e+02,-1.011516354890715235e+02,-3.091097641022046787e+02
8.327703205128204900e+01,-1.368699999999999939e+01,-1.820611544285468142e+02,-6.289578995869171685e+00,2.514310543133900921e+02,7.097882374659926086e+01,-3.778236032582241251e+02,5.698697035130535937e+00,5.271133528338534688e+02,-5.086533985504838284e+01,1.313791916518292453e+02,-5.128053289352998263e+02,-2.452505370596450263e+01,4.479130028741131753e+01,-6.914516066460000729e+02,3.193793988685215481e+02,4.309908992615193029e+02,-2.422339298870900848e+02,2.254910985605771856e+01,1.890374428778360425e+02,-1.048410583612132427e+02,-3.210225833465129881e+02
8.569684999999998354e+01,-1.421180952380952434e+01,-1.899140302175348438e+02,-6.380668892323897445e+00,2.700685226216216961e+02,7.504978582504820395e+01,-3.934878094376471154e+02,5.824778362552851974e+00,5.706015563597917435e+02,-5.240803525306235144e+01,1.420341189182047117e+02,-5.473455077699999265e+02,-2.571886686748982953e+01,4.676072268100495677e+01,-6.816566729999999552e+02,3.278052383161946182e+02,4.404060414699999910e+02,-2.799673189155650448e+02,2.358065302511419858e+01,2.081088745032469660e+02,-1.134236826109827945e+02,-3.139544954380343142e+02
8.484162820512820247e+01,-1.386171428571428343e+01,-1.879942487673486937e+02,-6.336552534676902937e+00,2.767926301963589140e+02,7.422904515164017880e+01,-3.914672661234251905e+02,5.844313757698725631e+00,5.410860314933339623e+02,-5.657364422312087271e+01,1.438151042536783564e+02,-5.441625378382498184e+02,-2.551950051787143892e+01,4.976163462455176756e+01,-6.322607544980000966e+02,3.444046061599974564e+02,4.894192711844083874e+02,-2.635252583753209592e+02,2.325640266099599529e+01,2.044244585015869689e+02,-1.158294836597458044e+02,-3.586622376055410086e+02
8.781931025641026167e+01,-1.424871428571428389e+01,-2.085543791229841588e+02,-6.619275824750421755e+00,2.917384768411214395e+02,7.970637013769322721e+01,-4.770564870344250608e+02,6.025376242894470380e+00,6.377055969089037717e+02,-5.869054210662182669e+01,1.602981989660754891e+02,-6.183133543944001076e+02,-2.705215315739846460e+01,5.160207933028694782e+01,-7.316058123359999854e+02,3.949338396901447936e+02,5.061445478142406955e+02,-3.003804939031804793e+02,2.495285095081821680e+01,2.299584198175458027e+02,-1.255388652824354807e+02,-3.626323721908075868e+02
8.497438717948718079e+01,-1.390223809523809351e+01,-1.980704561341316889e+02,-6.432467244702499976e+00,2.846334628871824748e+02,7.743692070131615424e+01,-4.346143813135386154e+02,5.859266959400098784e+00,5.875155908709747337e+02,-5.532959624825995348e+01,1.439422329286390720e+02,-5.770283035671002381e+02,-2.555343237673574919e+01,4.903822597269890338e+01,-7.036987728539999125e+02,3.635283627914652129e+02,4.747435208539088194e+02,-2.707736252182672274e+02,2.351180976599259154e+01,2.047054691861510776e+02,-1.146363465706921261e+02,-3.564136568270694170e+02
8.733502051282052037e+01,-1.398447619047619028e+01,-2.030886661833521885e+02,-6.432096789070990361e+00,2.808374660120807107e+02,7.677476899833141033e+01,-4.237805937856425089e+02,5.955914367932177100e+00,5.644286680685908095e+02,-5.744171962961373623e+01,1.571583531229826463e+02,-5.492760271605000071e+02,-2.626095092553398302e+01,5.104171093827223871e+01,-7.020479082179999750e+02,3.762602983010173148e+02,5.177460700580047614e+02,-2.868452159146358440e+02,2.455111851742124074e+01,2.295028824087613941e+02,-1.222755242763907262e+02,-3.729292869496601384e+02
8.303325000000000955e+01,-1.525852380952381004e+01,-1.936027966756791727e+02,-6.466278111655856975e+00,2.688525162749845094e+02,7.563424259218878376e+01,-4.124121750035295122e+02,5.816524138266040644e+00,5.934863203466171626e+02,-5.644956063254780076e+01,1.442091430845014486e+02,-5.767623681951998833e+02,-2.589394012773933085e+01,4.922828372427920129e+01,-7.762340582186667461e+02,3.488190643875817045e+02,4.920196143853332842e+02,-2.618982364002537793e+02,2.318580491754298478e+01,2.005975873233824700e+02,-1.130264341170476001e+02,-3.572442578330062020e+02
8.490136025641025697e+01,-1.582333333333333414e+01,-2.032382118752942404e+02,-6.868864277553662134e+00,3.121862056182352489e+02,8.285684832217341977e+01,-5.377639519737557521e+02,5.904316950479858050e+00,6.606630465912786576e+02,-6.438251144558809358e+01,1.499787325395410278e+02,-7.647556745040000123e+02,-2.719007193694055147e+01,5.416093157262876190e+01,-8.350684761599997046e+02,4.117362861070591293e+02,5.474551250809872727e+02,-3.002558987888104980e+02,2.383806339524965878e+01,2.094074095755740927e+02,-1.301700205386352991e+02,-4.148484885465164780e+02
8.427869615384616964e+01,-1.456214285714285595e+01,-1.947737504478830317e+02,-6.550500080548824045e+00,2.787389366017497423e+02,7.802867295611986265e+01,-4.647897573418549655e+02,5.807885677880226361e+00,5.899468994767037202e+02,-5.914424234439393047e+01,1.453574328653827479e+02,-6.411815510555002220e+02,-2.618780712216918971e+01,5.066835496929287785e+01,-7.395716890216664297e+02,3.715427593799684018e+02,5.111777105742310141e+02,-2.825645689396508260e+02,2.313539791571618309e+01,2.102621851674255709e+02,-1.179988428083656800e+02,-3.731523762119863932e+02
8.289578333333332694e+01,-1.461476190476190418e+01,-1.838117840370628926e+02,-6.274519244910773175e+00,2.465506107499751920e+02,7.235107097009000654e+01,-3.846158740918822332e+02,5.680031674672513908e+00,5.337696154591249069e+02,-5.241119491821307008e+01,1.357643069438076964e+02,-5.198158494984000981e+02,-2.446764136458472549e+01,4.626517736793331892e+01,-7.413376500599998735e+02,3.269484349331370936e+02,4.515829273112497617e+02,-2.515851104903715054e+02,2.266835852105975846e+01,1.947188439971014304e+02,-1.085043724685302777e+02,-3.282871554151153077e+02
8.373964871794871101e+01,-1.450266666666666637e+01,-1.847958907069276506e+02,-6.381928253839645571e+00,2.606533738925202215e+02,7.262282226807745644e+01,-3.715596565293212734e+02,5.842469127370865323e+00,5.201561592509673346e+02,-5.541230113427572235e+01,1.430732734639821615e+02,-5.191516307999997935e+02,-2.571379917465484866e+01,4.838416964134123077e+01,-6.259725413333334245e+02,3.279787415974476517e+02,4.679259723205129831e+02,-2.577742846854379195e+02,2.336244653637825053e+01,2.054125054155720420e+02,-1.117978919181626623e+02,-3.364153551824891792e+02
8.540208205128203645e+01,-1.346495238095238456e+01,-1.797730396471212941e+02,-6.205514545863412224e+00,2.523421290145225555e+02,7.344884794243232307e+01,-3.772187813616289418e+02,5.753947581256514177e+00,5.321765928068508629e+02,-5.313927638712696222e+01,1.380860533414082454e+02,-5.061574623599998404e+02,-2.464126660080439990e+01,4.757222085626776931e+01,-5.935355553600001031e+02,3.345681716897956903e+02,4.725960470832694114e+02,-2.473140010835510338e+02,2.267367548236200037e+01,1.965108906486226488e+02,-1.061536608777458639e+02,-3.286547108178090184e+02
8.395229102564103130e+01,-1.487761904761904752e+01,-2.035712087373657937e+02,-6.530788527065116256e+00,2.793664743900707208e+02,7.618362724533764663e+01,-4.475940264540880094e+02,5.825308818710071002e+00,5.863896611819930058e+02,-5.782661053254830108e+01,1.551342059544885501e+02,-5.954664362215502251e+02,-2.648978484971833325e+01,5.025382047311354938e+01,-7.789033800449998353e+02,3.727393591060218228e+02,5.182568380775193191e+02,-2.734567365780432056e+02,2.375657504596112446e+01,2.124632347290592804e+02,-1.187250065015911957e+02,-3.788045236196883820e+02
8.729322948717948805e+01,-1.488238095238095227e+01,-2.169467575241282873e+02,-6.677096763402668778e+00,3.050978198525245375e+02,7.995306469198891364e+01,-4.795937767972400252e+02,6.061076772173132454e+00,6.041513262613572124e+02,-5.945859876778646935e+01,1.641734756966239956e+02,-6.268357381990001613e+02,-2.720429934757337165e+01,5.204508491059139175e+01,-7.630258151266666573e+02,3.971294857049355755e+02,5.231697673760673979e+02,-3.045998000379286736e+02,2.554291697573652797e+01,2.378457244635484926e+02,-1.287051340256818719e+02,-3.841156851897940214e+02
8.253617435897436394e+01,-1.424971428571428866e+01,-1.727452676903965028e+02,-6.237235566686486266e+00,2.426233840835006106e+02,7.134782882900024958e+01,-3.613883650726697851e+02,5.625885518929851337e+00,5.247839320218776038e+02,-4.944565391120734432e+01,1.254884466249885264e+02,-4.965892033319998973e+02,-2.417896989049020107e+01,4.413177359247232090e+01,-6.907077921600001673e+02,2.990801719726742931e+02,3.938411444021347165e+02,-2.406711673799925109e+02,2.206016299331322728e+01,1.826430552166476105e+02,-1.039097006106598400e+02,-2.979598504937778785e+02
8.237349615384614765e+01,-1.407219047619047636e+01,-1.758893922134714956e+02,-6.359760472050083102e+00,2.478319856987401977e+02,7.269601789407170145e+01,-3.735792939510770907e+02,5.746848702774958184e+00,5.581026919586781787e+02,-5.148863156854202572e+01,1.300783583111330302e+02,-5.344148129952001227e+02,-2.483207004207892155e+01,4.559912874603651289e+01,-7.037592933199999834e+02,3.099462693244605589e+02,4.331306915713460626e+02,-2.472733765385027880e+02,2.244414138208919240e+01,1.843042083187056051e+02,-1.047518308799877360e+02,-3.051073890363423402e+02
8.427784102564102398e+01,-1.345304761904762003e+01,-1.787170846132373754e+02,-6.189622999156298988e+00,2.579657566840166965e+02,7.334729405113321832e+01,-3.864070349048957951e+02,5.719661727762961334e+00,5.525185845178696127e+02,-5.338489564179855762e+01,1.354648588857089067e+02,-5.190853342675001159e+02,-2.459700261599600424e+01,4.790390091650458260e+01,-6.818745363026665700e+02,3.385160174939170474e+02,4.642575773508559109e+02,-2.380547567230162258e+02,2.237682333997281603e+01,1.880373668611882749e+02,-1.084834933114125448e+02,-3.502158753795726511e+02
8.315212692307692066e+01,-1.394828571428571351e+01,-1.834265470441000900e+02,-6.350521981915204783e+00,2.655584270453094291e+02,7.548531202562668341e+01,-4.225064431456423790e+02,5.731576527492570960e+00,5.959567908013989381e+02,-5.410157430459309325e+01,1.361471725756108242e+02,-5.783397075413998891e+02,-2.479970565222738799e+01,4.799071700535247231e+01,-7.595928113759999860e+02,3.505726886815450598e+02,4.716195321942693113e+02,-2.677513253686709618e+02,2.267396379851182076e+01,1.999692216094396429e+02,-1.125754763664668729e+02,-3.396839478401191741e+02
8.259902307692307488e+01,-1.498880952380952358e+01,-1.947573342058190917e+02,-6.575575609629678020e+00,2.729505321388968468e+02,7.673681395281769824e+01,-4.467734059652309497e+02,5.830074557527665569e+00,5.930942302645172504e+02,-5.719102283403432097e+01,1.453326837175765434e+02,-6.053905099458000905e+02,-2.646270712498761668e+01,4.925914243776838219e+01,-7.828084757319999198e+02,3.633304193839072127e+02,4.702333448371056761e+02,-2.645375889126459015e+02,2.330337077393139111e+01,1.993482555253871169e+02,-1.180768087690641011e+02,-3.662541861961905738e+02
8.431197820512821295e+01,-1.478752380952380818e+01,-1.875757710560986879e+02,-6.454771648839679798e+00,2.623886204274913325e+02,7.509367949308851564e+01,-4.391740121667648964e+02,5.759864271425180426e+00,5.708077103028750798e+02,-5.519855860330296338e+01,1.393404511491204687e+02,-5.849009951694001757e+02,-2.515195790376201046e+01,4.798730346410322767e+01,-7.961607886960000542e+02,3.511341216779392198e+02,4.558969347905000973e+02,-2.658966242223438599e+02,2.279777447500261189e+01,2.001917490209600317e+02,-1.139680604517983795e+02,-3.426378005221369563e+02
8.424651923076922344e+01,-1.402628571428571647e+01,-1.900670727657093551e+02,-6.361499867050911305e+00,2.678348127105081744e+02,7.422428973665661545e+01,-3.885022961725700839e+02,5.863935210503750994e+00,5.477626366992606108e+02,-5.322179799308468517e+01,1.400058482771770514e+02,-5.154957105213001114e+02,-2.556618654318813100e+01,4.768925858680037067e+01,-6.732937667739997778e+02,3.409543925745800834e+02,4.626015664409903820e+02,-2.629568122204821066e+02,2.362445783957290146e+01,2.075872012839638501e+02,-1.116551259139628769e+02,-3.307038440494591782e+02
8.197993589743589382e+01,-1.503195238095237940e+01,-1.923910209821436013e+02,-6.449715633517508984e+00,2.487023582670807968e+02,7.200313942900341146e+01,-4.162238927301539775e+02,5.687668739581618560e+00,5.262153082009039053e+02,-5.115671318042861060e+01,1.342849091797913559e+02,-5.520799404035999487e+02,-2.512885933065996369e+01,4.449894355516659772e+01,-7.925113489440000194e+02,3.195930141203241419e+02,4.003189773270706269e+02,-2.608566734898084860e+02,2.283751144250094711e+01,1.917307736377024128e+02,-1.088362282098516971e+02,-3.136606987985434785e+02
8.491798974358974306e+01,-1.497804761904762039e+01,-1.971767436208225206e+02,-6.572875679548053185e+00,2.848988960854593415e+02,7.741857537100598563e+01,-4.944770719293143202e+02,5.817973401668247391e+00,5.911733450820720464e+02,-5.868487575680431689e+01,1.537585416012966277e+02,-6.491093198346002282e+02,-2.621380404013722298e+01,5.004656313473471840e+01,-7.837253457480001089e+02,3.850492776197061744e+02,4.757800533620193164e+02,-3.037555142407455833e+02,2.348860297994908919e+01,2.158443987889961875e+02,-1.215978764136805665e+02,-3.782090231298109870e+02
